Protocollo;Gruppo;DataOraIncidente;Localizzazione1;STRADA1;Localizzazione2;STRADA2;Strada02;Chilometrica;DaSpecificare;NaturaIncidente;particolaritastrade;TipoStrada;FondoStradale;Pavimentazione;Segnaletica;CondizioneAtmosferica;Traffico;Visibilita;Illuminazione;NUM_FERITI;NUM_RISERVATA;NUM_MORTI;NUM_ILLESI;Longitude;Latitude;Confermato;Progressivo;TipoVeicolo;StatoVeicolo;TipoPersona;Sesso;Tipolesione;Deceduto;DecedutoDopo;CinturaCascoUtilizzato;Airbag;
6076321;10;04/08/2022 22:10:00;Strada Urbana;VIA TUSCOLANA;all'intersezione semaforizzata con;VIA SCRIBONIO CURIONE;VIA SCRIBONIO CURIONE;;;Scontro frontale/laterale SX fra veicoli in marcia;Intersezione semaforizzata;Due carreggiate;Asciutto;Asfaltata;Verticale ed orizzontale;Sereno;Normale;Sufficiente;;0;0;0;5;12.5527;41.8622;-1;1;Autovettura privata;In marcia / fermata / arresto;Conducente;M;Illeso;0;;Non accertato;Inesploso
6076321;10;04/08/2022 22:10:00;Strada Urbana;VIA TUSCOLANA;all'intersezione semaforizzata con;VIA SCRIBONIO CURIONE;VIA SCRIBONIO CURIONE;;;Scontro frontale/laterale SX fra veicoli in marcia;Intersezione semaforizzata;Due carreggiate;Asciutto;Asfaltata;Verticale ed orizzontale;Sereno;Normale;Sufficiente;;0;0;0;5;12.5527;41.8622;-1;1;Autovettura privata;In marcia / fermata / arresto;Passeggero;F;Illeso;0;;Non accertato;Inesploso
6076321;10;04/08/2022 22:10:00;Strada Urbana;VIA TUSCOLANA;all'intersezione semaforizzata con;VIA SCRIBONIO CURIONE;VIA SCRIBONIO CURIONE;;;Scontro frontale/laterale SX fra veicoli in marcia;Intersezione semaforizzata;Due carreggiate;Asciutto;Asfaltata;Verticale ed orizzontale;Sereno;Normale;Sufficiente;;0;0;0;5;12.5527;41.8622;-1;2;Autobus di linea;In marcia / fermata / arresto;Conducente;M;Illeso;0;;Non accertato;Inesploso
6076321;10;04/08/2022 22:10:00;Strada Urbana;VIA TUSCOLANA;all'intersezione semaforizzata con;VIA SCRIBONIO CURIONE;VIA SCRIBONIO CURIONE;;;Scontro frontale/laterale SX fra veicoli in marcia;Intersezione semaforizzata;Due carreggiate;Asciutto;Asfaltata;Verticale ed orizzontale;Sereno;Normale;Sufficiente;;0;0;0;5;12.5527;41.8622;-1;2;Autobus di linea;In marcia / fermata / arresto;Passeggero;M;Illeso;0;;Non accertato;Inesistente
6076321;10;04/08/2022 22:10:00;Strada Urbana;VIA TUSCOLANA;all'intersezione semaforizzata con;VIA SCRIBONIO CURIONE;VIA SCRIBONIO CURIONE;;;Scontro frontale/laterale SX fra veicoli in marcia;Intersezione semaforizzata;Due carreggiate;Asciutto;Asfaltata;Verticale ed orizzontale;Sereno;Normale;Sufficiente;;0;0;0;5;12.5527;41.8622;-1;2;Autobus di linea;In marcia / fermata / arresto;Passeggero;F;Illeso;0;;Non accertato;Inesistente
6076325;15;04/08/2022 18:45:00;Strada Urbana;VIA DEL TEMPIO DEGLI ARVALI;in corrispondenza;;del civico n.;9;;Scontro laterale fra veicoli in marcia;Rettilineo;Una carreggiata a doppio senso;Asciutto;Asfaltata;Verticale ed orizzontale;Sereno;Normale;Buona;;0;0;0;6;12.4315;41.8346;-1;1;Autovettura privata;In marcia / fermata / arresto;Conducente;M;Illeso;0;;Non accertato;Inesploso
6076325;15;04/08/2022 18:45:00;Strada Urbana;VIA DEL TEMPIO DEGLI ARVALI;in corrispondenza;;del civico n.;9;;Scontro laterale fra veicoli in marcia;Rettilineo;Una carreggiata a doppio senso;Asciutto;Asfaltata;Verticale ed orizzontale;Sereno;Normale;Buona;;0;0;0;6;12.4315;41.8346;-1;1;Autovettura privata;In marcia / fermata / arresto;Passeggero;F;Illeso;0;;Non accertato;Inesploso
6076325;15;04/08/2022 18:45:00;Strada Urbana;VIA DEL TEMPIO DEGLI ARVALI;in corrispondenza;;del civico n.;9;;Scontro laterale fra veicoli in marcia;Rettilineo;Una carreggiata a doppio senso;Asciutto;Asfaltata;Verticale ed orizzontale;Sereno;Normale;Buona;;0;0;0;6;12.4315;41.8346;-1;1;Autovettura privata;In marcia / fermata / arresto;Passeggero;F;Illeso;0;;Non accertato;Inesploso
6076325;15;04/08/2022 18:45:00;Strada Urbana;VIA DEL TEMPIO DEGLI ARVALI;in corrispondenza;;del civico n.;9;;Scontro laterale fra veicoli in marcia;Rettilineo;Una carreggiata a doppio senso;Asciutto;Asfaltata;Verticale ed orizzontale;Sereno;Normale;Buona;;0;0;0;6;12.4315;41.8346;-1;1;Autovettura privata;In marcia / fermata / arresto;Passeggero;M;Illeso;0;;Non accertato;Inesploso
6076325;15;04/08/2022 18:45:00;Strada Urbana;VIA DEL TEMPIO DEGLI ARVALI;in corrispondenza;;del civico n.;9;;Scontro laterale fra veicoli in marcia;Rettilineo;Una carreggiata a doppio senso;Asciutto;Asfaltata;Verticale ed orizzontale;Sereno;Normale;Buona;;0;0;0;6;12.4315;41.8346;-1;1;Autovettura privata;In marcia / fermata / arresto;Passeggero;M;Illeso;0;;Non accertato;Inesploso
6076325;15;04/08/2022 18:45:00;Strada Urbana;VIA DEL TEMPIO DEGLI ARVALI;in corrispondenza;;del civico n.;9;;Scontro laterale fra veicoli in marcia;Rettilineo;Una carreggiata a doppio senso;Asciutto;Asfaltata;Verticale ed orizzontale;Sereno;Normale;Buona;;0;0;0;6;12.4315;41.8346;-1;2;Autovettura privata;In marcia / fermata / arresto;Conducente;M;Illeso;0;;Non accertato;Inesploso
6076326;20;05/08/2022;Strada Urbana;VIA TRIONFALE;in prossimit�;;del civico n.;8606;;Veicolo in marcia contro veicoli in sosta;Rettilineo;Due carreggiate;Asciutto;Asfaltata;Assente;Sereno;Scarso;Buona;;0;0;0;0;12.4245;41.9395;-1;1;Autovettura privata;Allontanatosi;;;;;;;
6076326;20;05/08/2022;Strada Urbana;VIA TRIONFALE;in prossimit�;;del civico n.;8606;;Veicolo in marcia contro veicoli in sosta;Rettilineo;Due carreggiate;Asciutto;Asfaltata;Assente;Sereno;Scarso;Buona;;0;0;0;0;12.4245;41.9395;-1;2;Autovettura privata;Sosta;;;;;;;
6076326;20;05/08/2022;Strada Urbana;VIA TRIONFALE;in prossimit�;;del civico n.;8606;;Veicolo in marcia contro veicoli in sosta;Rettilineo;Due carreggiate;Asciutto;Asfaltata;Assente;Sereno;Scarso;Buona;;0;0;0;0;12.4245;41.9395;-1;3;Autovettura privata;Sosta;;;;;;;
6076326;20;05/08/2022;Strada Urbana;VIA TRIONFALE;in prossimit�;;del civico n.;8606;;Veicolo in marcia contro veicoli in sosta;Rettilineo;Due carreggiate;Asciutto;Asfaltata;Assente;Sereno;Scarso;Buona;;0;0;0;0;12.4245;41.9395;-1;4;Autovettura privata;Sosta;;;;;;;
6076332;20;04/08/2022 14:50:00;Strada Urbana;VIA CASSIA;in prossimit�;;del civico n.;494;;Scontro laterale fra veicoli in marcia;Curva a visuale libera;Una carreggiata a doppio senso;Asciutto;Asfaltata;Verticale ed orizzontale;Sereno;Normale;Buona;;0;0;0;2;12.4539;41.9595;-1;1;Autovettura pubblica;In marcia / fermata / arresto;Conducente;M;Illeso;0;;Non accertato;Inesploso
6076332;20;04/08/2022 14:50:00;Strada Urbana;VIA CASSIA;in prossimit�;;del civico n.;494;;Scontro laterale fra veicoli in marcia;Curva a visuale libera;Una carreggiata a doppio senso;Asciutto;Asfaltata;Verticale ed orizzontale;Sereno;Normale;Buona;;0;0;0;2;12.4539;41.9595;-1;2;Autovettura privata;In marcia / fermata / arresto;Conducente;M;Illeso;0;;Non accertato;Inesploso
6076344;6;04/08/2022 18:45:00;Strada Urbana;VIA DI PORTA FURBA;all'intersezione con;VIA DEGLI ANGELI;VIA DEGLI ANGELI;;;Scontro frontale/laterale DX fra veicoli in marcia;Incrocio;Pi� di due carreggiate;Asciutto;Asfaltata;Verticale ed orizzontale;Sereno;Normale;Buona;;0;0;0;2;12.5404;41.8715;-1;1;Autocarro inferiore 35 q.;In marcia / fermata / arresto;Conducente;M;Illeso;0;;Non accertato;Inesploso
6076344;6;04/08/2022 18:45:00;Strada Urbana;VIA DI PORTA FURBA;all'intersezione con;VIA DEGLI ANGELI;VIA DEGLI ANGELI;;;Scontro frontale/laterale DX fra veicoli in marcia;Incrocio;Pi� di due carreggiate;Asciutto;Asfaltata;Verticale ed orizzontale;Sereno;Normale;Buona;;0;0;0;2;12.5404;41.8715;-1;2;Autovettura privata;In marcia / fermata / arresto;Conducente;F;Illeso;0;;Non accertato;Inesploso
6076347;20;04/08/2022 13:30:00;Provinciale entro l'abitato;VIA TIBERINA;in prossimit�;;del civico n.;82;;Veicolo in marcia che urta buche nella carreggiata;Rettilineo;Una carreggiata a doppio senso;Asciutto;Asfaltata;Verticale ed orizzontale;Sereno;Scarso;Sufficiente;;0;0;0;1;12.4998;42.0044;-1;1;Autovettura privata;In marcia / fermata / arresto;Conducente;M;Illeso;0;;;
6076351;7;04/08/2022 11:55:00;Strada Urbana;VIA PRENESTINA;in corrispondenza;;del civico n.;660;;Scontro frontale/laterale DX fra veicoli in marcia;Rettilineo;Una carreggiata a doppio senso;Asciutto;Asfaltata;Verticale ed orizzontale;Sereno;Scarso;Buona;;0;0;0;2;12.5852;41.8937;-1;1;Autocarro inferiore 35 q.;In marcia / fermata / arresto;Conducente;M;Illeso;0;;Non accertato;Inesploso
6076351;7;04/08/2022 11:55:00;Strada Urbana;VIA PRENESTINA;in corrispondenza;;del civico n.;660;;Scontro frontale/laterale DX fra veicoli in marcia;Rettilineo;Una carreggiata a doppio senso;Asciutto;Asfaltata;Verticale ed orizzontale;Sereno;Scarso;Buona;;0;0;0;2;12.5852;41.8937;-1;2;Autobus di linea;In marcia / fermata / arresto;Conducente;M;Illeso;0;;Non accertato;Inesploso
6076351;7;04/08/2022 11:55:00;Strada Urbana;VIA PRENESTINA;in corrispondenza;;del civico n.;660;;Scontro frontale/laterale DX fra veicoli in marcia;Rettilineo;Una carreggiata a doppio senso;Asciutto;Asfaltata;Verticale ed orizzontale;Sereno;Scarso;Buona;;0;0;0;2;12.5852;41.8937;-1;3;Autovettura privata;Sosta;;;;;;;
6076353;20;04/08/2022 21:20:00;Strada Urbana;VICOLO DI VALLE MURICANA;in prossimit�;;del civico n.; f.c. 445;;Scontro laterale fra veicoli in marcia;Rettilineo;Una carreggiata a doppio senso;Asciutto;Asfaltata;Verticale ed orizzontale;Sereno;Normale;Sufficiente;;1;0;0;1;12.472;42.0196;-1;1;Autovettura privata;In marcia / fermata / arresto;Conducente;M;Rimandato;0;NON DECEDUTO;Non accertato;Esploso
6076353;20;04/08/2022 21:20:00;Strada Urbana;VICOLO DI VALLE MURICANA;in prossimit�;;del civico n.; f.c. 445;;Scontro laterale fra veicoli in marcia;Rettilineo;Una carreggiata a doppio senso;Asciutto;Asfaltata;Verticale ed orizzontale;Sereno;Normale;Sufficiente;;1;0;0;1;12.472;42.0196;-1;2;Autovettura privata;In marcia / fermata / arresto;Conducente;M;Illeso;0;;Non accertato;Esploso
6076356;15;04/08/2022 19:10:00;Strada Urbana;VIA PORTUENSE;da specificare;;;;fronte civico 791;Scontro laterale fra veicoli in marcia;Rettilineo;Una carreggiata a doppio senso;Asciutto;Asfaltata;Verticale ed orizzontale;Sereno;Normale;Buona;;0;0;0;4;12.414;41.8469;-1;1;Autovettura privata;In marcia / fermata / arresto;Conducente;F;Illeso;0;;Non accertato;Inesploso
6076356;15;04/08/2022 19:10:00;Strada Urbana;VIA PORTUENSE;da specificare;;;;fronte civico 791;Scontro laterale fra veicoli in marcia;Rettilineo;Una carreggiata a doppio senso;Asciutto;Asfaltata;Verticale ed orizzontale;Sereno;Normale;Buona;;0;0;0;4;12.414;41.8469;-1;2;Autovettura privata;In marcia / fermata / arresto;Conducente;M;Illeso;0;;Non accertato;Inesploso
6076356;15;04/08/2022 19:10:00;Strada Urbana;VIA PORTUENSE;da specificare;;;;fronte civico 791;Scontro laterale fra veicoli in marcia;Rettilineo;Una carreggiata a doppio senso;Asciutto;Asfaltata;Verticale ed orizzontale;Sereno;Normale;Buona;;0;0;0;4;12.414;41.8469;-1;2;Autovettura privata;In marcia / fermata / arresto;Passeggero;F;Illeso;0;;Non accertato;
6076356;15;04/08/2022 19:10:00;Strada Urbana;VIA PORTUENSE;da specificare;;;;fronte civico 791;Scontro laterale fra veicoli in marcia;Rettilineo;Una carreggiata a doppio senso;Asciutto;Asfaltata;Verticale ed orizzontale;Sereno;Normale;Buona;;0;0;0;4;12.414;41.8469;-1;2;Autovettura privata;In marcia / fermata / arresto;Passeggero;F;Illeso;0;;Non accertato;
6076369;10;04/08/2022 17:15:00;Strada Urbana;VIA PORTIGLIOLA;all'intersezione con;VIA PLACANICA;VIA PLACANICA;;;Scontro laterale fra veicoli in marcia;Incrocio;Una carreggiata a doppio senso;Asciutto;Asfaltata;Verticale ed orizzontale;Sereno;Scarso;Buona;;0;0;0;3;12.6183;41.8102;-1;1;Autovettura privata;In marcia / fermata / arresto;Conducente;F;Illeso;0;;Non accertato;Inesploso
6076369;10;04/08/2022 17:15:00;Strada Urbana;VIA PORTIGLIOLA;all'intersezione con;VIA PLACANICA;VIA PLACANICA;;;Scontro laterale fra veicoli in marcia;Incrocio;Una carreggiata a doppio senso;Asciutto;Asfaltata;Verticale ed orizzontale;Sereno;Scarso;Buona;;0;0;0;3;12.6183;41.8102;-1;2;Autovettura privata;In marcia / fermata / arresto;Conducente;F;Illeso;0;;Non accertato;Inesploso
6076369;10;04/08/2022 17:15:00;Strada Urbana;VIA PORTIGLIOLA;all'intersezione con;VIA PLACANICA;VIA PLACANICA;;;Scontro laterale fra veicoli in marcia;Incrocio;Una carreggiata a doppio senso;Asciutto;Asfaltata;Verticale ed orizzontale;Sereno;Scarso;Buona;;0;0;0;3;12.6183;41.8102;-1;2;Autovettura privata;In marcia / fermata / arresto;Passeggero;F;Illeso;0;;Non accertato;Inesploso
6076374;17;04/08/2022 16:20:00;Strada Urbana;PIAZZA DELLE CINQUE GIORNATE;in prossimit�;;del civico n.;3;;Scontro frontale/laterale DX fra veicoli in marcia;Rettilineo;Pi� di due carreggiate;Asciutto;Asfaltata;Verticale ed orizzontale;Sereno;Normale;Buona;;1;0;0;1;12.4694;41.9139;-1;1;Autovettura privata;In marcia / fermata / arresto;Conducente;M;Illeso;0;;;
6076374;17;04/08/2022 16:20:00;Strada Urbana;PIAZZA DELLE CINQUE GIORNATE;in prossimit�;;del civico n.;3;;Scontro frontale/laterale DX fra veicoli in marcia;Rettilineo;Pi� di due carreggiate;Asciutto;Asfaltata;Verticale ed orizzontale;Sereno;Normale;Buona;;1;0;0;1;12.4694;41.9139;-1;2;Motociclo a solo;In marcia / fermata / arresto;Conducente;M;Rimandato;0;NON DECEDUTO;;
6076391;18;04/08/2022 08:15:00;Strada Urbana;VIA MARCELLO II;in prossimit�;;del civico n.;22;;Veicolo in marcia contro veicolo in sosta;Pendenza;Una carreggiata a doppio senso;Asciutto;Asfaltata;Verticale;Sereno;Scarso;Buona;;0;0;0;1;12.4373;41.896;-1;1;Autovettura privata;In marcia / fermata / arresto;Conducente;M;Illeso;0;;Non accertato;
6076391;18;04/08/2022 08:15:00;Strada Urbana;VIA MARCELLO II;in prossimit�;;del civico n.;22;;Veicolo in marcia contro veicolo in sosta;Pendenza;Una carreggiata a doppio senso;Asciutto;Asfaltata;Verticale;Sereno;Scarso;Buona;;0;0;0;1;12.4373;41.896;-1;2;Autovettura privata;Sosta;;;;;;;
6076395;20;05/08/2022 01:30:00;Strada Urbana;VIA AL SESTO MIGLIO;in prossimit�;;del civico n.;50;;Veicolo in marcia contro veicoli in sosta;Pendenza;Una carreggiata a senso unico di marcia;Asciutto;Asfaltata;Assente;Sereno;Scarso;Buona;;0;0;0;1;12.4414;41.9679;-1;1;Autovettura privata;In marcia / fermata / arresto;Conducente;M;Illeso;0;;;
6076395;20;05/08/2022 01:30:00;Strada Urbana;VIA AL SESTO MIGLIO;in prossimit�;;del civico n.;50;;Veicolo in marcia contro veicoli in sosta;Pendenza;Una carreggiata a senso unico di marcia;Asciutto;Asfaltata;Assente;Sereno;Scarso;Buona;;0;0;0;1;12.4414;41.9679;-1;2;Autovettura privata;Sosta;;;;;;;
6076395;20;05/08/2022 01:30:00;Strada Urbana;VIA AL SESTO MIGLIO;in prossimit�;;del civico n.;50;;Veicolo in marcia contro veicoli in sosta;Pendenza;Una carreggiata a senso unico di marcia;Asciutto;Asfaltata;Assente;Sereno;Scarso;Buona;;0;0;0;1;12.4414;41.9679;-1;3;Autovettura privata;Sosta;;;;;;;
6076397;7;04/08/2022 20:50:00;Strada Urbana;VIA DELLE PALME;all'intersezione con;VIA ERNESTO MAURI;VIA ERNESTO MAURI;;;Scontro frontale/laterale DX fra veicoli in marcia;Incrocio;Una carreggiata a senso unico di marcia;Asciutto;Asfaltata;Verticale ed orizzontale;Sereno;Normale;Buona;;0;0;0;6;12.5717;41.8907;-1;1;Autovettura privata;In marcia / fermata / arresto;Conducente;M;Illeso;0;;Non accertato;Inesploso
6076397;7;04/08/2022 20:50:00;Strada Urbana;VIA DELLE PALME;all'intersezione con;VIA ERNESTO MAURI;VIA ERNESTO MAURI;;;Scontro frontale/laterale DX fra veicoli in marcia;Incrocio;Una carreggiata a senso unico di marcia;Asciutto;Asfaltata;Verticale ed orizzontale;Sereno;Normale;Buona;;0;0;0;6;12.5717;41.8907;-1;1;Autovettura privata;In marcia / fermata / arresto;Passeggero;F;Illeso;0;;Non accertato;Inesploso
6076397;7;04/08/2022 20:50:00;Strada Urbana;VIA DELLE PALME;all'intersezione con;VIA ERNESTO MAURI;VIA ERNESTO MAURI;;;Scontro frontale/laterale DX fra veicoli in marcia;Incrocio;Una carreggiata a senso unico di marcia;Asciutto;Asfaltata;Verticale ed orizzontale;Sereno;Normale;Buona;;0;0;0;6;12.5717;41.8907;-1;1;Autovettura privata;In marcia / fermata / arresto;Passeggero;M;Illeso;0;;Non accertato;Inesploso
6076397;7;04/08/2022 20:50:00;Strada Urbana;VIA DELLE PALME;all'intersezione con;VIA ERNESTO MAURI;VIA ERNESTO MAURI;;;Scontro frontale/laterale DX fra veicoli in marcia;Incrocio;Una carreggiata a senso unico di marcia;Asciutto;Asfaltata;Verticale ed orizzontale;Sereno;Normale;Buona;;0;0;0;6;12.5717;41.8907;-1;1;Autovettura privata;In marcia / fermata / arresto;Passeggero;M;Illeso;0;;Non accertato;Inesploso
6076397;7;04/08/2022 20:50:00;Strada Urbana;VIA DELLE PALME;all'intersezione con;VIA ERNESTO MAURI;VIA ERNESTO MAURI;;;Scontro frontale/laterale DX fra veicoli in marcia;Incrocio;Una carreggiata a senso unico di marcia;Asciutto;Asfaltata;Verticale ed orizzontale;Sereno;Normale;Buona;;0;0;0;6;12.5717;41.8907;-1;1;Autovettura privata;In marcia / fermata / arresto;Passeggero;F;Illeso;0;;Non accertato;Inesploso
6076397;7;04/08/2022 20:50:00;Strada Urbana;VIA DELLE PALME;all'intersezione con;VIA ERNESTO MAURI;VIA ERNESTO MAURI;;;Scontro frontale/laterale DX fra veicoli in marcia;Incrocio;Una carreggiata a senso unico di marcia;Asciutto;Asfaltata;Verticale ed orizzontale;Sereno;Normale;Buona;;0;0;0;6;12.5717;41.8907;-1;2;Autovettura privata;In marcia / fermata / arresto;Conducente;M;Illeso;0;;Non accertato;Inesploso
6076402;12;04/08/2022 16:30:00;Strada Urbana;VIA CRISTOFORO COLOMBO;da specificare;;;;direzione VIADOTTO DELLA MAGLIANA;Veicolo in marcia contro ostacolo accidentale;Rettilineo;Una carreggiata a senso unico di marcia;Asciutto;Asfaltata;Verticale ed orizzontale;Sereno;Normale;Buona;;0;0;0;1;12.4115;41.7858;-1;1;Motociclo a solo;In marcia / fermata / arresto;Conducente;M;Illeso;0;;;
6076412;20;04/08/2022 15:20:00;Strada Urbana;VIA BRACCIANENSE NUOVA;da specificare;;;;inters. via del casale di san nicola;Tamponamento;Rettilineo;Due carreggiate;Asciutto;Asfaltata;Verticale ed orizzontale;Sereno;Normale;Buona;;1;0;0;2;12.3653;42.0132;-1;1;Autovettura privata;In marcia / fermata / arresto;Conducente;F;Rimandato;0;NON DECEDUTO;Non accertato;Inesploso
6076412;20;04/08/2022 15:20:00;Strada Urbana;VIA BRACCIANENSE NUOVA;da specificare;;;;inters. via del casale di san nicola;Tamponamento;Rettilineo;Due carreggiate;Asciutto;Asfaltata;Verticale ed orizzontale;Sereno;Normale;Buona;;1;0;0;2;12.3653;42.0132;-1;2;Autovettura privata;In marcia / fermata / arresto;Conducente;M;Illeso;0;;Non accertato;Inesploso
6076412;20;04/08/2022 15:20:00;Strada Urbana;VIA BRACCIANENSE NUOVA;da specificare;;;;inters. via del casale di san nicola;Tamponamento;Rettilineo;Due carreggiate;Asciutto;Asfaltata;Verticale ed orizzontale;Sereno;Normale;Buona;;1;0;0;2;12.3653;42.0132;-1;2;Autovettura privata;In marcia / fermata / arresto;Passeggero;F;Illeso;0;;Non accertato;Inesploso
6076418;12;04/08/2022 16:45:00;Provinciale;VIA LAURENTINA;da specificare;;;;altezza Km 19.800;Scontro laterale fra veicoli in marcia;Curva a visuale libera;Una carreggiata a doppio senso;Asciutto;Asfaltata;Verticale ed orizzontale;Sereno;Scarso;Buona;;1;0;0;1;12.4856;41.8103;-1;1;Autocarro superiore 35 q.;In marcia / fermata / arresto;Conducente;M;Illeso;0;;Non accertato;Inesploso
6076418;12;04/08/2022 16:45:00;Provinciale;VIA LAURENTINA;da specificare;;;;altezza Km 19.800;Scontro laterale fra veicoli in marcia;Curva a visuale libera;Una carreggiata a doppio senso;Asciutto;Asfaltata;Verticale ed orizzontale;Sereno;Scarso;Buona;;1;0;0;1;12.4856;41.8103;-1;2;Autovettura privata;In marcia / fermata / arresto;Conducente;F;Rifiuta cure immediate;0;NON DECEDUTO;Non accertato;Inesploso
6076431;12;04/08/2022 18:30:00;Statale;VIA PONTINA;in corrispondenza;;della chilometrica;17;;Tamponamento Multiplo;Rettilineo;Due carreggiate;Asciutto;Asfaltata;Verticale ed orizzontale;Sereno;Intenso;Buona;;0;0;0;4;12.4522;41.7938;-1;1;Autovettura privata;In marcia / fermata / arresto;Conducente;M;Illeso;0;;Non accertato;Inesploso
6076431;12;04/08/2022 18:30:00;Statale;VIA PONTINA;in corrispondenza;;della chilometrica;17;;Tamponamento Multiplo;Rettilineo;Due carreggiate;Asciutto;Asfaltata;Verticale ed orizzontale;Sereno;Intenso;Buona;;0;0;0;4;12.4522;41.7938;-1;1;Autovettura privata;In marcia / fermata / arresto;Passeggero;M;Illeso;0;;Non accertato;Inesploso
6076431;12;04/08/2022 18:30:00;Statale;VIA PONTINA;in corrispondenza;;della chilometrica;17;;Tamponamento Multiplo;Rettilineo;Due carreggiate;Asciutto;Asfaltata;Verticale ed orizzontale;Sereno;Intenso;Buona;;0;0;0;4;12.4522;41.7938;-1;2;Autovettura privata;In marcia / fermata / arresto;Conducente;F;Illeso;0;;Non accertato;Inesploso
6076431;12;04/08/2022 18:30:00;Statale;VIA PONTINA;in corrispondenza;;della chilometrica;17;;Tamponamento Multiplo;Rettilineo;Due carreggiate;Asciutto;Asfaltata;Verticale ed orizzontale;Sereno;Intenso;Buona;;0;0;0;4;12.4522;41.7938;-1;3;Autovettura privata;In marcia / fermata / arresto;Conducente;M;Illeso;0;;Non accertato;Inesploso
6076446;7;04/08/2022 21:40:00;Strada Urbana;VIALE PALMIRO TOGLIATTI;in corrispondenza;;del palo luce n.;102;;Scontro frontale/laterale SX fra veicoli in marcia;Rettilineo;Due carreggiate;Asciutto;Asfaltata;Verticale ed orizzontale;Sereno;Normale;Buona;;2;0;0;0;12.5733;41.8872;-1;1;Autovettura privata;In marcia / fermata / arresto;Conducente;M;Rimandato;0;NON DECEDUTO;Non accertato;Esploso
6076446;7;04/08/2022 21:40:00;Strada Urbana;VIALE PALMIRO TOGLIATTI;in corrispondenza;;del palo luce n.;102;;Scontro frontale/laterale SX fra veicoli in marcia;Rettilineo;Due carreggiate;Asciutto;Asfaltata;Verticale ed orizzontale;Sereno;Normale;Buona;;2;0;0;0;12.5733;41.8872;-1;2;Autobus di linea;In marcia / fermata / arresto;Conducente;F;Rimandato;0;NON DECEDUTO;Non accertato;Inesploso
6076455;20;04/08/2022 09:30:00;Strada Urbana;VIA DELLA MENDOLA;in prossimit�;;del civico n.;26;;Veicolo in marcia contro ostacolo fisso;Rettilineo;Una carreggiata a senso unico di marcia;Asciutto;Asfaltata;Verticale;Sereno;Scarso;Buona;;1;0;0;0;12.4508;41.951;-1;1;Autocarro inferiore 35 q.;In marcia / fermata / arresto;Conducente;M;Rimandato;0;NON DECEDUTO;;
6076463;17;04/08/2022 12:05:00;Strada Urbana;VIALE VATICANO;in prossimit�;;del civico n.;90;;Veicolo in marcia contro veicoli in sosta;Rettilineo;Una carreggiata a doppio senso;Asciutto;Asfaltata;Verticale ed orizzontale;Sereno;Normale;Buona;;1;0;0;1;12.4516;41.9067;-1;1;Autovettura privata;In marcia / fermata / arresto;Conducente;M;Rimandato;0;NON DECEDUTO;;
6076463;17;04/08/2022 12:05:00;Strada Urbana;VIALE VATICANO;in prossimit�;;del civico n.;90;;Veicolo in marcia contro veicoli in sosta;Rettilineo;Una carreggiata a doppio senso;Asciutto;Asfaltata;Verticale ed orizzontale;Sereno;Normale;Buona;;1;0;0;1;12.4516;41.9067;-1;2;Autovettura privata;Sosta;;;;;;;
6076463;17;04/08/2022 12:05:00;Strada Urbana;VIALE VATICANO;in prossimit�;;del civico n.;90;;Veicolo in marcia contro veicoli in sosta;Rettilineo;Una carreggiata a doppio senso;Asciutto;Asfaltata;Verticale ed orizzontale;Sereno;Normale;Buona;;1;0;0;1;12.4516;41.9067;-1;3;Autovettura privata;In marcia / fermata / arresto;Conducente;M;Illeso;0;;;
6076464;20;04/08/2022 17:10:00;Strada Urbana;PIAZZA DEI GIUOCHI DELFICI;in prossimit�;;del civico n.;12;;Scontro laterale fra veicoli in marcia;Rotatoria;Una carreggiata a senso unico di marcia;Asciutto;Asfaltata;Verticale ed orizzontale;Sereno;Scarso;Buona;;0;0;0;4;12.4628;41.9483;-1;1;Motociclo a solo;In marcia / fermata / arresto;Conducente;M;Illeso;0;;;
6076464;20;04/08/2022 17:10:00;Strada Urbana;PIAZZA DEI GIUOCHI DELFICI;in prossimit�;;del civico n.;12;;Scontro laterale fra veicoli in marcia;Rotatoria;Una carreggiata a senso unico di marcia;Asciutto;Asfaltata;Verticale ed orizzontale;Sereno;Scarso;Buona;;0;0;0;4;12.4628;41.9483;-1;2;Autovettura privata;In marcia / fermata / arresto;Conducente;F;Illeso;0;;Non accertato;Inesploso