Protocollo;Gruppo;DataOraIncidente;Localizzazione1;STRADA1;Localizzazione2;STRADA2;Strada02;Chilometrica;DaSpecificare;NaturaIncidente;particolaritastrade;TipoStrada;FondoStradale;Pavimentazione;Segnaletica;CondizioneAtmosferica;Traffico;Visibilita;Illuminazione;NUM_FERITI;NUM_RISERVATA;NUM_MORTI;NUM_ILLESI;Longitude;Latitude;Confermato;Progressivo;TipoVeicolo;StatoVeicolo;TipoPersona;Sesso;Tipolesione;Deceduto;DecedutoDopo;CinturaCascoUtilizzato;Airbag;
6076933;16;04/08/2022 18:40:00;Strada Urbana;VIA GIUSEPPE SPINA;all'intersezione con;VIA AURELIA ANTICA;VIA AURELIA ANTICA;;;Tamponamento Multiplo;Intersezione stradale segnalata;Una carreggiata a senso unico di marcia;Asciutto;Asfaltata;Verticale ed orizzontale;Sereno;Normale;Buona;;0;0;0;3;12.4408;41.8886;-1;1;Motociclo a solo;In marcia / fermata / arresto;Conducente;M;Illeso;0;;Non accertato;
6076933;16;04/08/2022 18:40:00;Strada Urbana;VIA GIUSEPPE SPINA;all'intersezione con;VIA AURELIA ANTICA;VIA AURELIA ANTICA;;;Tamponamento Multiplo;Intersezione stradale segnalata;Una carreggiata a senso unico di marcia;Asciutto;Asfaltata;Verticale ed orizzontale;Sereno;Normale;Buona;;0;0;0;3;12.4408;41.8886;-1;2;Autovettura privata;In marcia / fermata / arresto;Conducente;M;Illeso;0;;Non accertato;Inesploso
6076933;16;04/08/2022 18:40:00;Strada Urbana;VIA GIUSEPPE SPINA;all'intersezione con;VIA AURELIA ANTICA;VIA AURELIA ANTICA;;;Tamponamento Multiplo;Intersezione stradale segnalata;Una carreggiata a senso unico di marcia;Asciutto;Asfaltata;Verticale ed orizzontale;Sereno;Normale;Buona;;0;0;0;3;12.4408;41.8886;-1;3;Autovettura privata;In marcia / fermata / arresto;Conducente;F;Illeso;0;;Non accertato;Inesploso
6076946;6;03/08/2022 02:00:00;Strada Urbana;VIA TEANO;da specificare;;;;altezza civico n. 259;Veicolo in marcia contro veicolo in sosta;Rettilineo;Due carreggiate;Asciutto;Asfaltata;Verticale ed orizzontale;Sereno;Scarso;Sufficiente;;0;0;0;0;12.5511;41.8896;-1;2;Autovettura privata;Sosta;;;;;;;
6076996;1;05/08/2022 12:05:00;Strada Urbana;LARGO DI S. SUSANNA;all'intersezione semaforizzata con;VIA VENTI SETTEMBRE;VIA VENTI SETTEMBRE;;;Scontro laterale fra veicoli in marcia;Intersezione semaforizzata;Due carreggiate;Asciutto;Asfaltata;Verticale ed orizzontale;Sereno;Normale;Buona;;0;0;0;1;12.4938;41.9046;-1;1;Autovettura privata;In marcia / fermata / arresto;Conducente;M;Illeso;0;;Non accertato;Inesploso
6076996;1;05/08/2022 12:05:00;Strada Urbana;LARGO DI S. SUSANNA;all'intersezione semaforizzata con;VIA VENTI SETTEMBRE;VIA VENTI SETTEMBRE;;;Scontro laterale fra veicoli in marcia;Intersezione semaforizzata;Due carreggiate;Asciutto;Asfaltata;Verticale ed orizzontale;Sereno;Normale;Buona;;0;0;0;1;12.4938;41.9046;-1;2;Motrice;Allontanatosi;;;;;;;
6077007;6;05/08/2022 12:50:00;Strada Urbana;VIA COLLATINA;all'intersezione con;VIA CODROIPO;VIA CODROIPO;;;Scontro frontale/laterale DX fra veicoli in marcia;Intersezione stradale segnalata;Una carreggiata a doppio senso;Asciutto;Asfaltata;Verticale ed orizzontale;Sereno;Scarso;Buona;;1;0;0;1;12.563;41.8981;-1;1;Motociclo a solo;In marcia / fermata / arresto;Conducente;M;Rimandato;0;NON DECEDUTO;;
6077007;6;05/08/2022 12:50:00;Strada Urbana;VIA COLLATINA;all'intersezione con;VIA CODROIPO;VIA CODROIPO;;;Scontro frontale/laterale DX fra veicoli in marcia;Intersezione stradale segnalata;Una carreggiata a doppio senso;Asciutto;Asfaltata;Verticale ed orizzontale;Sereno;Scarso;Buona;;1;0;0;1;12.563;41.8981;-1;2;Autovettura privata;In marcia / fermata / arresto;Conducente;F;Illeso;0;;;
6077013;1;05/08/2022 13:55:00;Strada Urbana;LUNGOTEVERE DE' CENCI;in prossimit�;;del civico n.;4/B;;Scontro laterale fra veicoli in marcia;Rettilineo;Una carreggiata a senso unico di marcia;Asciutto;Asfaltata;Assente;Sereno;Normale;Buona;;2;0;0;1;12.476;41.8919;-1;1;Autovettura di polizia;In marcia / fermata / arresto;Conducente;M;Rifiuta cure immediate;0;NON DECEDUTO;Non accertato;Inesploso
6077013;1;05/08/2022 13:55:00;Strada Urbana;LUNGOTEVERE DE' CENCI;in prossimit�;;del civico n.;4/B;;Scontro laterale fra veicoli in marcia;Rettilineo;Una carreggiata a senso unico di marcia;Asciutto;Asfaltata;Assente;Sereno;Normale;Buona;;2;0;0;1;12.476;41.8919;-1;1;Autovettura di polizia;In marcia / fermata / arresto;Passeggero;M;Rifiuta cure immediate;0;NON DECEDUTO;Non accertato;Inesploso
6077013;1;05/08/2022 13:55:00;Strada Urbana;LUNGOTEVERE DE' CENCI;in prossimit�;;del civico n.;4/B;;Scontro laterale fra veicoli in marcia;Rettilineo;Una carreggiata a senso unico di marcia;Asciutto;Asfaltata;Assente;Sereno;Normale;Buona;;2;0;0;1;12.476;41.8919;-1;2;Autocarro inferiore 35 q.;In marcia / fermata / arresto;Conducente;M;Illeso;0;;Non accertato;Inesploso
6077046;19;05/08/2022 14:35:00;Strada Urbana;VIA ANDERSEN;all'intersezione con;VIA DELLA VALLE DEI FONTANILI;VIA DELLA VALLE DEI FONTANILI;;;Tamponamento;Incrocio;Una carreggiata a doppio senso;Asciutto;Asfaltata;Verticale ed orizzontale;Sereno;Normale;Buona;;0;0;0;4;12.3992;41.9225;-1;1;Autovettura privata;In marcia / fermata / arresto;Conducente;M;Illeso;0;;;
6077046;19;05/08/2022 14:35:00;Strada Urbana;VIA ANDERSEN;all'intersezione con;VIA DELLA VALLE DEI FONTANILI;VIA DELLA VALLE DEI FONTANILI;;;Tamponamento;Incrocio;Una carreggiata a doppio senso;Asciutto;Asfaltata;Verticale ed orizzontale;Sereno;Normale;Buona;;0;0;0;4;12.3992;41.9225;-1;1;Autovettura privata;In marcia / fermata / arresto;Passeggero;F;Illeso;0;;;
6077046;19;05/08/2022 14:35:00;Strada Urbana;VIA ANDERSEN;all'intersezione con;VIA DELLA VALLE DEI FONTANILI;VIA DELLA VALLE DEI FONTANILI;;;Tamponamento;Incrocio;Una carreggiata a doppio senso;Asciutto;Asfaltata;Verticale ed orizzontale;Sereno;Normale;Buona;;0;0;0;4;12.3992;41.9225;-1;2;Autovettura privata;In marcia / fermata / arresto;Conducente;M;Illeso;0;;;
6077046;19;05/08/2022 14:35:00;Strada Urbana;VIA ANDERSEN;all'intersezione con;VIA DELLA VALLE DEI FONTANILI;VIA DELLA VALLE DEI FONTANILI;;;Tamponamento;Incrocio;Una carreggiata a doppio senso;Asciutto;Asfaltata;Verticale ed orizzontale;Sereno;Normale;Buona;;0;0;0;4;12.3992;41.9225;-1;2;Autovettura privata;In marcia / fermata / arresto;Passeggero;M;Illeso;0;;;
6077121;3;04/08/2022 07:40:00;Strada Urbana;VIALE VENTUNO APRILE;all'intersezione semaforizzata con;PIAZZA DOMENICO GNOLI;PIAZZA DOMENICO GNOLI;;;Scontro frontale/laterale SX fra veicoli in marcia;Intersezione semaforizzata;Una carreggiata a doppio senso;Asciutto;Asfaltata;Verticale ed orizzontale;Sereno;Normale;Buona;;1;0;0;1;12.52;41.9177;-1;1;Autovettura privata;In marcia / fermata / arresto;Conducente;M;Illeso;0;;;
6077121;3;04/08/2022 07:40:00;Strada Urbana;VIALE VENTUNO APRILE;all'intersezione semaforizzata con;PIAZZA DOMENICO GNOLI;PIAZZA DOMENICO GNOLI;;;Scontro frontale/laterale SX fra veicoli in marcia;Intersezione semaforizzata;Una carreggiata a doppio senso;Asciutto;Asfaltata;Verticale ed orizzontale;Sereno;Normale;Buona;;1;0;0;1;12.52;41.9177;-1;2;Monopattino elettrico;In marcia / fermata / arresto;Conducente;M;Ricoverato;0;NON DECEDUTO;;
6077143;3;05/08/2022 13:00:00;Strada Urbana;VIALE DELLE PROVINCIE;in prossimit�;;del civico n.;2;;Tamponamento;Rettilineo;Una carreggiata a senso unico di marcia;Asciutto;Asfaltata;Verticale ed orizzontale;Sereno;Normale;Buona;;0;0;0;2;12.5205;41.9128;-1;1;Autovettura privata;In marcia / fermata / arresto;Conducente;F;Illeso;0;;Non accertato;Inesploso
6077143;3;05/08/2022 13:00:00;Strada Urbana;VIALE DELLE PROVINCIE;in prossimit�;;del civico n.;2;;Tamponamento;Rettilineo;Una carreggiata a senso unico di marcia;Asciutto;Asfaltata;Verticale ed orizzontale;Sereno;Normale;Buona;;0;0;0;2;12.5205;41.9128;-1;2;Autovettura pubblica;In marcia / fermata / arresto;Conducente;M;Illeso;0;;Non accertato;Inesploso
6077163;3;04/08/2022 09:15:00;Strada Urbana;PIAZZALE DI PORTA PIA;all'intersezione con;VIALE DEL POLICLINICO;VIALE DEL POLICLINICO;;;Scontro laterale fra veicoli in marcia;Intersezione semaforizzata;Una carreggiata a senso unico di marcia;Asciutto;Asfaltata;Verticale ed orizzontale;Sereno;Normale;Buona;;1;0;0;1;12.5016;41.9097;-1;1;Motociclo a solo;In marcia / fermata / arresto;Conducente;M;Ricoverato;0;NON DECEDUTO;;
6077163;3;04/08/2022 09:15:00;Strada Urbana;PIAZZALE DI PORTA PIA;all'intersezione con;VIALE DEL POLICLINICO;VIALE DEL POLICLINICO;;;Scontro laterale fra veicoli in marcia;Intersezione semaforizzata;Una carreggiata a senso unico di marcia;Asciutto;Asfaltata;Verticale ed orizzontale;Sereno;Normale;Buona;;1;0;0;1;12.5016;41.9097;-1;2;Autocarro inferiore 35 q.;In marcia / fermata / arresto;Conducente;M;Illeso;0;;;
6077177;3;04/08/2022 09:15:00;Strada Urbana;VIA NOMENTANA;in prossimit�;;del civico n.;30;;Scontro laterale fra veicoli in marcia;Rettilineo;Pi� di due carreggiate;Asciutto;Asfaltata;Verticale ed orizzontale;Sereno;Normale;Buona;;1;0;0;1;12.5051;41.9117;-1;1;Velocipede;In marcia / fermata / arresto;Conducente;M;Ricoverato;0;NON DECEDUTO;Esente;
6077177;3;04/08/2022 09:15:00;Strada Urbana;VIA NOMENTANA;in prossimit�;;del civico n.;30;;Scontro laterale fra veicoli in marcia;Rettilineo;Pi� di due carreggiate;Asciutto;Asfaltata;Verticale ed orizzontale;Sereno;Normale;Buona;;1;0;0;1;12.5051;41.9117;-1;2;Autovettura privata;In marcia / fermata / arresto;Conducente;M;Illeso;0;;;
6077555;11;06/08/2022 00:50:00;Strada Urbana;VIA GIOVANNIPOLI;in prossimit�;;del civico n.;32;;Veicolo in marcia contro veicoli in sosta;Rettilineo;Una carreggiata a doppio senso;Asciutto;Asfaltata;Verticale ed orizzontale;Sereno;Scarso;Buona;;0;0;0;1;12.4842;41.8609;-1;1;Autovettura privata;In marcia / fermata / arresto;Conducente;M;Illeso;0;;;
6077555;11;06/08/2022 00:50:00;Strada Urbana;VIA GIOVANNIPOLI;in prossimit�;;del civico n.;32;;Veicolo in marcia contro veicoli in sosta;Rettilineo;Una carreggiata a doppio senso;Asciutto;Asfaltata;Verticale ed orizzontale;Sereno;Scarso;Buona;;0;0;0;1;12.4842;41.8609;-1;2;Autovettura privata;Sosta;;;;;;;
6077555;11;06/08/2022 00:50:00;Strada Urbana;VIA GIOVANNIPOLI;in prossimit�;;del civico n.;32;;Veicolo in marcia contro veicoli in sosta;Rettilineo;Una carreggiata a doppio senso;Asciutto;Asfaltata;Verticale ed orizzontale;Sereno;Scarso;Buona;;0;0;0;1;12.4842;41.8609;-1;3;Autovettura privata;Sosta;;;;;;;
6077555;11;06/08/2022 00:50:00;Strada Urbana;VIA GIOVANNIPOLI;in prossimit�;;del civico n.;32;;Veicolo in marcia contro veicoli in sosta;Rettilineo;Una carreggiata a doppio senso;Asciutto;Asfaltata;Verticale ed orizzontale;Sereno;Scarso;Buona;;0;0;0;1;12.4842;41.8609;-1;4;Autovettura privata;Sosta;;;;;;;
6077564;18;05/08/2022 15:40:00;Strada Urbana;VIA SILVESTRO II;all'intersezione con;VIA PIO IX;VIA PIO IX;;;Scontro frontale/laterale DX fra veicoli in marcia;Incrocio;Una carreggiata a senso unico di marcia;Asciutto;Asfaltata;Verticale ed orizzontale;Sereno;Scarso;Buona;;0;0;0;2;12.4234;41.9057;-1;1;Autovettura privata;In marcia / fermata / arresto;Conducente;M;Illeso;0;;;Esploso
6077564;18;05/08/2022 15:40:00;Strada Urbana;VIA SILVESTRO II;all'intersezione con;VIA PIO IX;VIA PIO IX;;;Scontro frontale/laterale DX fra veicoli in marcia;Incrocio;Una carreggiata a senso unico di marcia;Asciutto;Asfaltata;Verticale ed orizzontale;Sereno;Scarso;Buona;;0;0;0;2;12.4234;41.9057;-1;2;Autovettura privata;In marcia / fermata / arresto;Conducente;F;Illeso;0;;;
6077571;18;05/08/2022 18:50:00;Strada Urbana;VIA CLEMENTE ALESSANDRINO;all'intersezione con;VIA DI MONTE DEL GALLO;VIA DI MONTE DEL GALLO;;;Veicolo in marcia contro veicolo in sosta;Intersezione non regolata/non segnalata;Una carreggiata a doppio senso;Asciutto;Asfaltata;Verticale ed orizzontale;Sereno;Scarso;Buona;;0;0;0;1;12.452;41.8949;-1;1;Autovettura privata;In marcia / fermata / arresto;Conducente;M;Illeso;0;;Non accertato;Inesistente
6077571;18;05/08/2022 18:50:00;Strada Urbana;VIA CLEMENTE ALESSANDRINO;all'intersezione con;VIA DI MONTE DEL GALLO;VIA DI MONTE DEL GALLO;;;Veicolo in marcia contro veicolo in sosta;Intersezione non regolata/non segnalata;Una carreggiata a doppio senso;Asciutto;Asfaltata;Verticale ed orizzontale;Sereno;Scarso;Buona;;0;0;0;1;12.452;41.8949;-1;2;Autovettura privata;Sosta;;;;;;;
6077718;1;05/08/2022 20:45:00;Strada Urbana;VIA MARMORATA;in prossimit�;;del civico n.;11;;Scontro laterale fra veicoli in marcia;Rettilineo;Una carreggiata a doppio senso;Asciutto;Asfaltata;Orizzontale;Sereno;Scarso;Sufficiente;;0;0;0;5;;;0;1;Autovettura privata;In marcia / fermata / arresto;Conducente;;Illeso;0;;;
6077718;1;05/08/2022 20:45:00;Strada Urbana;VIA MARMORATA;in prossimit�;;del civico n.;11;;Scontro laterale fra veicoli in marcia;Rettilineo;Una carreggiata a doppio senso;Asciutto;Asfaltata;Orizzontale;Sereno;Scarso;Sufficiente;;0;0;0;5;;;0;2;Autovettura privata;In marcia / fermata / arresto;Conducente;F;Illeso;0;;;
6077718;1;05/08/2022 20:45:00;Strada Urbana;VIA MARMORATA;in prossimit�;;del civico n.;11;;Scontro laterale fra veicoli in marcia;Rettilineo;Una carreggiata a doppio senso;Asciutto;Asfaltata;Orizzontale;Sereno;Scarso;Sufficiente;;0;0;0;5;;;0;2;Autovettura privata;In marcia / fermata / arresto;Passeggero;M;Illeso;0;;;
6077718;1;05/08/2022 20:45:00;Strada Urbana;VIA MARMORATA;in prossimit�;;del civico n.;11;;Scontro laterale fra veicoli in marcia;Rettilineo;Una carreggiata a doppio senso;Asciutto;Asfaltata;Orizzontale;Sereno;Scarso;Sufficiente;;0;0;0;5;;;0;2;Autovettura privata;In marcia / fermata / arresto;Passeggero;F;Illeso;0;;;
6077718;1;05/08/2022 20:45:00;Strada Urbana;VIA MARMORATA;in prossimit�;;del civico n.;11;;Scontro laterale fra veicoli in marcia;Rettilineo;Una carreggiata a doppio senso;Asciutto;Asfaltata;Orizzontale;Sereno;Scarso;Sufficiente;;0;0;0;5;;;0;2;Autovettura privata;In marcia / fermata / arresto;Passeggero;M;Illeso;0;;;
6077805;1;05/08/2022 18:30:00;Strada Urbana;PIAZZA VENEZIA;in corrispondenza;;del civico n.;16;;Scontro laterale fra veicoli in marcia;Rettilineo;Una carreggiata a senso unico di marcia;Asciutto;In cubetti di porfido;Verticale ed orizzontale;Sereno;Normale;Buona;;0;0;0;3;12.4828;41.896;-1;1;Autovettura privata;In marcia / fermata / arresto;Conducente;M;Illeso;0;;;
6077805;1;05/08/2022 18:30:00;Strada Urbana;PIAZZA VENEZIA;in corrispondenza;;del civico n.;16;;Scontro laterale fra veicoli in marcia;Rettilineo;Una carreggiata a senso unico di marcia;Asciutto;In cubetti di porfido;Verticale ed orizzontale;Sereno;Normale;Buona;;0;0;0;3;12.4828;41.896;-1;2;Motociclo con passeggero;In marcia / fermata / arresto;Conducente;M;Illeso;0;;;
6077805;1;05/08/2022 18:30:00;Strada Urbana;PIAZZA VENEZIA;in corrispondenza;;del civico n.;16;;Scontro laterale fra veicoli in marcia;Rettilineo;Una carreggiata a senso unico di marcia;Asciutto;In cubetti di porfido;Verticale ed orizzontale;Sereno;Normale;Buona;;0;0;0;3;12.4828;41.896;-1;2;Motociclo con passeggero;In marcia / fermata / arresto;Passeggero;F;Illeso;0;;Utilizzato;
6077840;3;05/08/2022 13:57:00;Strada Urbana;VIA NOMENTANA;in prossimit�;;del civico n.;193;;Investimento di pedone;Rettilineo;Pi� di due carreggiate;Asciutto;Asfaltata;Verticale ed orizzontale;Sereno;Normale;Buona;;1;0;0;2;12.5067;41.9132;0;;;;Pedone;M;Ricoverato;0;NON DECEDUTO;;
6077840;3;05/08/2022 13:57:00;Strada Urbana;VIA NOMENTANA;in prossimit�;;del civico n.;193;;Investimento di pedone;Rettilineo;Pi� di due carreggiate;Asciutto;Asfaltata;Verticale ed orizzontale;Sereno;Normale;Buona;;1;0;0;2;12.5067;41.9132;0;1;Autovettura privata;In marcia / fermata / arresto;Conducente;M;Illeso;0;;Non accertato;Inesploso
6077840;3;05/08/2022 13:57:00;Strada Urbana;VIA NOMENTANA;in prossimit�;;del civico n.;193;;Investimento di pedone;Rettilineo;Pi� di due carreggiate;Asciutto;Asfaltata;Verticale ed orizzontale;Sereno;Normale;Buona;;1;0;0;2;12.5067;41.9132;0;1;Autovettura privata;In marcia / fermata / arresto;Passeggero;F;Illeso;0;;Non accertato;Inesploso
6077842;3;05/08/2022 19:15:00;Strada Urbana;VIA ADOLFO CELI;all'intersezione con;VIA CARLO DAPPORTO;VIA CARLO DAPPORTO;;;Scontro frontale/laterale SX fra veicoli in marcia;Intersezione stradale segnalata;Due carreggiate;Asciutto;Asfaltata;Verticale ed orizzontale;Sereno;Normale;Sufficiente;;0;0;0;3;12.5373;41.9753;-1;1;Autovettura privata;In marcia / fermata / arresto;Conducente;M;Illeso;0;;Non accertato;Inesploso
6077842;3;05/08/2022 19:15:00;Strada Urbana;VIA ADOLFO CELI;all'intersezione con;VIA CARLO DAPPORTO;VIA CARLO DAPPORTO;;;Scontro frontale/laterale SX fra veicoli in marcia;Intersezione stradale segnalata;Due carreggiate;Asciutto;Asfaltata;Verticale ed orizzontale;Sereno;Normale;Sufficiente;;0;0;0;3;12.5373;41.9753;-1;1;Autovettura privata;In marcia / fermata / arresto;Passeggero;M;Illeso;0;;Non accertato;Inesploso
6077842;3;05/08/2022 19:15:00;Strada Urbana;VIA ADOLFO CELI;all'intersezione con;VIA CARLO DAPPORTO;VIA CARLO DAPPORTO;;;Scontro frontale/laterale SX fra veicoli in marcia;Intersezione stradale segnalata;Due carreggiate;Asciutto;Asfaltata;Verticale ed orizzontale;Sereno;Normale;Sufficiente;;0;0;0;3;12.5373;41.9753;-1;2;Motociclo a solo;In marcia / fermata / arresto;Conducente;M;Illeso;0;;Esente;
6077861;1;06/08/2022 11:50:00;Strada Urbana;VIA NICOLA SALVI;da specificare;;;;altezza palo acea 25;Scontro laterale fra veicoli in marcia;Rettilineo;Una carreggiata a senso unico di marcia;Asciutto;Asfaltata;Verticale ed orizzontale;Sereno;Normale;Buona;;0;0;0;2;;;0;1;Autovettura privata;In marcia / fermata / arresto;Conducente;M;Illeso;0;;;
6077861;1;06/08/2022 11:50:00;Strada Urbana;VIA NICOLA SALVI;da specificare;;;;altezza palo acea 25;Scontro laterale fra veicoli in marcia;Rettilineo;Una carreggiata a senso unico di marcia;Asciutto;Asfaltata;Verticale ed orizzontale;Sereno;Normale;Buona;;0;0;0;2;;;0;2;Autovettura privata;In marcia / fermata / arresto;Conducente;;Illeso;0;;;
6077885;6;05/08/2022 17:00:00;Strada Urbana;VIA CONTE DI CARMAGNOLA;in corrispondenza;;del civico n.;3;;Scontro laterale fra veicoli in marcia;Rettilineo;Una carreggiata a senso unico di marcia;Asciutto;Asfaltata;Verticale ed orizzontale;Sereno;Scarso;Buona;;1;0;0;1;12.5358;41.8902;-1;1;Autovettura privata;In marcia / fermata / arresto;Conducente;F;Illeso;0;;;
6077885;6;05/08/2022 17:00:00;Strada Urbana;VIA CONTE DI CARMAGNOLA;in corrispondenza;;del civico n.;3;;Scontro laterale fra veicoli in marcia;Rettilineo;Una carreggiata a senso unico di marcia;Asciutto;Asfaltata;Verticale ed orizzontale;Sereno;Scarso;Buona;;1;0;0;1;12.5358;41.8902;-1;2;Motociclo a solo;In marcia / fermata / arresto;Conducente;M;Rimandato;0;NON DECEDUTO;;
6077885;6;05/08/2022 17:00:00;Strada Urbana;VIA CONTE DI CARMAGNOLA;in corrispondenza;;del civico n.;3;;Scontro laterale fra veicoli in marcia;Rettilineo;Una carreggiata a senso unico di marcia;Asciutto;Asfaltata;Verticale ed orizzontale;Sereno;Scarso;Buona;;1;0;0;1;12.5358;41.8902;-1;3;Autovettura privata;Sosta;;;;;;;
6077889;6;06/08/2022 00:30:00;Strada Urbana;VIA BARTOLOMEO PERESTRELLO;all'intersezione con;VIA LODOVICO PAVONI;VIA LODOVICO PAVONI;;;Scontro frontale/laterale DX fra veicoli in marcia;Incrocio;Una carreggiata a doppio senso;Asciutto;Asfaltata;Verticale ed orizzontale;Sereno;Scarso;Sufficiente;;1;0;0;1;12.5416;41.8854;-1;1;Autovettura privata;In marcia / fermata / arresto;Conducente;M;Illeso;0;;;
6077889;6;06/08/2022 00:30:00;Strada Urbana;VIA BARTOLOMEO PERESTRELLO;all'intersezione con;VIA LODOVICO PAVONI;VIA LODOVICO PAVONI;;;Scontro frontale/laterale DX fra veicoli in marcia;Incrocio;Una carreggiata a doppio senso;Asciutto;Asfaltata;Verticale ed orizzontale;Sereno;Scarso;Sufficiente;;1;0;0;1;12.5416;41.8854;-1;2;Bicicletta elettrica;In marcia / fermata / arresto;Conducente;M;Rimandato;0;NON DECEDUTO;;
6077902;15;05/08/2022 07:42:00;Strada Urbana;LARGO CITTA' DEI RAGAZZI;in prossimit�;;del civico n.;1;;Tamponamento Multiplo;Rettilineo;Una carreggiata a doppio senso;Asciutto;Asfaltata;Verticale ed orizzontale;Sereno;Scarso;Buona;;0;0;0;7;12.3578;41.8449;-1;1;Autobus urbano;In marcia / fermata / arresto;Conducente;M;Illeso;0;;Non accertato;
6077902;15;05/08/2022 07:42:00;Strada Urbana;LARGO CITTA' DEI RAGAZZI;in prossimit�;;del civico n.;1;;Tamponamento Multiplo;Rettilineo;Una carreggiata a doppio senso;Asciutto;Asfaltata;Verticale ed orizzontale;Sereno;Scarso;Buona;;0;0;0;7;12.3578;41.8449;-1;2;Autocarro inferiore 35 q.;In marcia / fermata / arresto;Conducente;M;Illeso;0;;Non accertato;Inesploso
6077902;15;05/08/2022 07:42:00;Strada Urbana;LARGO CITTA' DEI RAGAZZI;in prossimit�;;del civico n.;1;;Tamponamento Multiplo;Rettilineo;Una carreggiata a doppio senso;Asciutto;Asfaltata;Verticale ed orizzontale;Sereno;Scarso;Buona;;0;0;0;7;12.3578;41.8449;-1;2;Autocarro inferiore 35 q.;In marcia / fermata / arresto;Passeggero;M;Illeso;0;;Non accertato;
6077902;15;05/08/2022 07:42:00;Strada Urbana;LARGO CITTA' DEI RAGAZZI;in prossimit�;;del civico n.;1;;Tamponamento Multiplo;Rettilineo;Una carreggiata a doppio senso;Asciutto;Asfaltata;Verticale ed orizzontale;Sereno;Scarso;Buona;;0;0;0;7;12.3578;41.8449;-1;2;Autocarro inferiore 35 q.;In marcia / fermata / arresto;Passeggero;M;Illeso;0;;Non accertato;
6077902;15;05/08/2022 07:42:00;Strada Urbana;LARGO CITTA' DEI RAGAZZI;in prossimit�;;del civico n.;1;;Tamponamento Multiplo;Rettilineo;Una carreggiata a doppio senso;Asciutto;Asfaltata;Verticale ed orizzontale;Sereno;Scarso;Buona;;0;0;0;7;12.3578;41.8449;-1;3;Autocarro inferiore 35 q.;In marcia / fermata / arresto;Conducente;M;Illeso;0;;Non accertato;
6077902;15;05/08/2022 07:42:00;Strada Urbana;LARGO CITTA' DEI RAGAZZI;in prossimit�;;del civico n.;1;;Tamponamento Multiplo;Rettilineo;Una carreggiata a doppio senso;Asciutto;Asfaltata;Verticale ed orizzontale;Sereno;Scarso;Buona;;0;0;0;7;12.3578;41.8449;-1;3;Autocarro inferiore 35 q.;In marcia / fermata / arresto;Passeggero;M;Illeso;0;;Non accertato;
6077902;15;05/08/2022 07:42:00;Strada Urbana;LARGO CITTA' DEI RAGAZZI;in prossimit�;;del civico n.;1;;Tamponamento Multiplo;Rettilineo;Una carreggiata a doppio senso;Asciutto;Asfaltata;Verticale ed orizzontale;Sereno;Scarso;Buona;;0;0;0;7;12.3578;41.8449;-1;3;Autocarro inferiore 35 q.;In marcia / fermata / arresto;Passeggero;M;Illeso;0;;Non accertato;
6077918;15;05/08/2022 08:45:00;Strada Urbana;VIALE ISACCO NEWTON;da specificare;;;;300 mt prima svolta Via del Trullo dir.ne Portuens;Tamponamento;Rettilineo;Due carreggiate;Asciutto;Asfaltata;Orizzontale;Sereno;Normale;Buona;;0;0;0;3;12.4427;41.8481;-1;1;Autovettura privata;In marcia / fermata / arresto;Conducente;M;Illeso;0;;Non accertato;Esploso
6077918;15;05/08/2022 08:45:00;Strada Urbana;VIALE ISACCO NEWTON;da specificare;;;;300 mt prima svolta Via del Trullo dir.ne Portuens;Tamponamento;Rettilineo;Due carreggiate;Asciutto;Asfaltata;Orizzontale;Sereno;Normale;Buona;;0;0;0;3;12.4427;41.8481;-1;2;Macchina operatrice;In marcia / fermata / arresto;Conducente;M;Illeso;0;;Non accertato;Inesistente
6077918;15;05/08/2022 08:45:00;Strada Urbana;VIALE ISACCO NEWTON;da specificare;;;;300 mt prima svolta Via del Trullo dir.ne Portuens;Tamponamento;Rettilineo;Due carreggiate;Asciutto;Asfaltata;Orizzontale;Sereno;Normale;Buona;;0;0;0;3;12.4427;41.8481;-1;2;Macchina operatrice;In marcia / fermata / arresto;Passeggero;M;Illeso;0;;Non accertato;Inesistente
6077937;15;05/08/2022 13:10:00;Strada Urbana;VIA BORGHESANO LUCCHESE;da specificare;;;;fronte civico 11;Tamponamento;Rettilineo;Una carreggiata a doppio senso;Asciutto;Asfaltata;Orizzontale;Sereno;Normale;Buona;;0;0;0;2;12.4674;41.8671;-1;1;Autovettura privata;In marcia / fermata / arresto;Conducente;M;Illeso;0;;Non accertato;Inesploso
6077937;15;05/08/2022 13:10:00;Strada Urbana;VIA BORGHESANO LUCCHESE;da specificare;;;;fronte civico 11;Tamponamento;Rettilineo;Una carreggiata a doppio senso;Asciutto;Asfaltata;Orizzontale;Sereno;Normale;Buona;;0;0;0;2;12.4674;41.8671;-1;2;Autovettura privata;In marcia / fermata / arresto;Conducente;M;Illeso;0;;Non accertato;Inesploso
6077947;15;05/08/2022 15:00:00;Strada Urbana;VIA POGGIO VERDE;da specificare;;;;FRONTE CIVICO 8;Scontro laterale fra veicoli in marcia;Rettilineo;Due carreggiate;Asciutto;Asfaltata;Verticale ed orizzontale;Sereno;Scarso;Buona;;1;0;0;1;12.4159;41.8534;-1;1;Autovettura privata;In marcia / fermata / arresto;Conducente;F;Illeso;0;;Non accertato;Inesploso