Protocollo;Gruppo;DataOraIncidente;Localizzazione1;STRADA1;Localizzazione2;STRADA2;Strada02;Chilometrica;DaSpecificare;NaturaIncidente;particolaritastrade;TipoStrada;FondoStradale;Pavimentazione;Segnaletica;CondizioneAtmosferica;Traffico;Visibilita;Illuminazione;NUM_FERITI;NUM_RISERVATA;NUM_MORTI;NUM_ILLESI;Longitude;Latitude;Confermato;Progressivo;TipoVeicolo;StatoVeicolo;TipoPersona;Sesso;Tipolesione;Deceduto;DecedutoDopo;CinturaCascoUtilizzato;Airbag;
6078571;12;07/08/2022 09:40:00;Strada Urbana;VIA CRISTOFORO COLOMBO;da specificare;;;;prossimit� rampa direzione viadotto della magliana;Scontro laterale fra veicoli in marcia;Rettilineo;Una carreggiata a doppio senso;Asciutto;Asfaltata;Orizzontale;Sereno;Normale;Buona;;0;0;0;6;12.4115;41.7858;-1;1;Autovettura privata;In marcia / fermata / arresto;Passeggero;F;Illeso;0;;Non accertato;Inesploso
6078571;12;07/08/2022 09:40:00;Strada Urbana;VIA CRISTOFORO COLOMBO;da specificare;;;;prossimit� rampa direzione viadotto della magliana;Scontro laterale fra veicoli in marcia;Rettilineo;Una carreggiata a doppio senso;Asciutto;Asfaltata;Orizzontale;Sereno;Normale;Buona;;0;0;0;6;12.4115;41.7858;-1;1;Autovettura privata;In marcia / fermata / arresto;Passeggero;F;Illeso;0;;Non accertato;Inesploso
6078571;12;07/08/2022 09:40:00;Strada Urbana;VIA CRISTOFORO COLOMBO;da specificare;;;;prossimit� rampa direzione viadotto della magliana;Scontro laterale fra veicoli in marcia;Rettilineo;Una carreggiata a doppio senso;Asciutto;Asfaltata;Orizzontale;Sereno;Normale;Buona;;0;0;0;6;12.4115;41.7858;-1;1;Autovettura privata;In marcia / fermata / arresto;Passeggero;F;Illeso;0;;Non accertato;Inesploso
6078571;12;07/08/2022 09:40:00;Strada Urbana;VIA CRISTOFORO COLOMBO;da specificare;;;;prossimit� rampa direzione viadotto della magliana;Scontro laterale fra veicoli in marcia;Rettilineo;Una carreggiata a doppio senso;Asciutto;Asfaltata;Orizzontale;Sereno;Normale;Buona;;0;0;0;6;12.4115;41.7858;-1;2;Autocarro inferiore 35 q.;In marcia / fermata / arresto;Conducente;M;Illeso;0;;Non accertato;Inesploso
6078582;1;07/08/2022 09:30:00;Strada Urbana;PIAZZA DI S. CROCE IN GERUSALEMME;in corrispondenza;;del civico n.;1C7;;Tamponamento;Rettilineo;Una carreggiata a senso unico di marcia;Asciutto;Asfaltata;Verticale ed orizzontale;Sereno;Scarso;Buona;;0;0;0;3;12.5143;41.8885;-1;1;Autobus di linea;In marcia / fermata / arresto;Conducente;M;Illeso;0;;Non accertato;Inesploso
6078582;1;07/08/2022 09:30:00;Strada Urbana;PIAZZA DI S. CROCE IN GERUSALEMME;in corrispondenza;;del civico n.;1C7;;Tamponamento;Rettilineo;Una carreggiata a senso unico di marcia;Asciutto;Asfaltata;Verticale ed orizzontale;Sereno;Scarso;Buona;;0;0;0;3;12.5143;41.8885;-1;2;Autovettura privata;In marcia / fermata / arresto;Conducente;M;Illeso;0;;Non accertato;Inesploso
6078582;1;07/08/2022 09:30:00;Strada Urbana;PIAZZA DI S. CROCE IN GERUSALEMME;in corrispondenza;;del civico n.;1C7;;Tamponamento;Rettilineo;Una carreggiata a senso unico di marcia;Asciutto;Asfaltata;Verticale ed orizzontale;Sereno;Scarso;Buona;;0;0;0;3;12.5143;41.8885;-1;2;Autovettura privata;In marcia / fermata / arresto;Passeggero;F;Illeso;0;;;
6078637;12;05/08/2022 21:00:00;Strada Urbana;VIALE CESARE PAVESE;in prossimit�;;del civico n.;262;;Veicolo in marcia contro ostacolo accidentale;Rettilineo;Una carreggiata a doppio senso;Asciutto;Con buche;Verticale;Sereno;Scarso;Sufficiente;;0;0;0;1;12.4718;41.8167;-1;1;Motociclo a solo;In marcia / fermata / arresto;Conducente;M;Illeso;0;;;
6078652;12;05/08/2022 21:00:00;Provinciale entro l'abitato;VIA LAURENTINA;da specificare;;;;DIREZIONE GRA FRONT V. DEL BATTAGLIONE DI S MARCO;Tamponamento;Rettilineo;Due carreggiate;Asciutto;Asfaltata;Verticale ed orizzontale;Sereno;Normale;Buona;;1;0;0;3;12.4856;41.8103;-1;1;Autovettura privata;In marcia / fermata / arresto;Conducente;M;Illeso;0;;Utilizzato;Inesploso
6078652;12;05/08/2022 21:00:00;Provinciale entro l'abitato;VIA LAURENTINA;da specificare;;;;DIREZIONE GRA FRONT V. DEL BATTAGLIONE DI S MARCO;Tamponamento;Rettilineo;Due carreggiate;Asciutto;Asfaltata;Verticale ed orizzontale;Sereno;Normale;Buona;;1;0;0;3;12.4856;41.8103;-1;1;Autovettura privata;In marcia / fermata / arresto;Passeggero;M;Illeso;0;;Utilizzato;Inesploso
6078652;12;05/08/2022 21:00:00;Provinciale entro l'abitato;VIA LAURENTINA;da specificare;;;;DIREZIONE GRA FRONT V. DEL BATTAGLIONE DI S MARCO;Tamponamento;Rettilineo;Due carreggiate;Asciutto;Asfaltata;Verticale ed orizzontale;Sereno;Normale;Buona;;1;0;0;3;12.4856;41.8103;-1;1;Autovettura privata;In marcia / fermata / arresto;Passeggero;M;Illeso;0;;Non accertato;Inesploso
6078652;12;05/08/2022 21:00:00;Provinciale entro l'abitato;VIA LAURENTINA;da specificare;;;;DIREZIONE GRA FRONT V. DEL BATTAGLIONE DI S MARCO;Tamponamento;Rettilineo;Due carreggiate;Asciutto;Asfaltata;Verticale ed orizzontale;Sereno;Normale;Buona;;1;0;0;3;12.4856;41.8103;-1;2;Autovettura privata;In marcia / fermata / arresto;Conducente;M;Rimandato;0;NON DECEDUTO;Utilizzato;Inesploso
6078654;9;05/08/2022 17:30:00;Strada Urbana;VIA TUSCOLANA;in corrispondenza;;del civico n.;668;;Scontro frontale/laterale DX fra veicoli in marcia;Rettilineo;Una carreggiata a senso unico di marcia;Asciutto;Asfaltata;Verticale ed orizzontale;Sereno;Normale;Buona;;1;0;0;1;12.5405;41.8674;-1;1;Autovettura privata;In marcia / fermata / arresto;Conducente;M;Illeso;0;;Utilizzato;Esploso
6078654;9;05/08/2022 17:30:00;Strada Urbana;VIA TUSCOLANA;in corrispondenza;;del civico n.;668;;Scontro frontale/laterale DX fra veicoli in marcia;Rettilineo;Una carreggiata a senso unico di marcia;Asciutto;Asfaltata;Verticale ed orizzontale;Sereno;Normale;Buona;;1;0;0;1;12.5405;41.8674;-1;2;Autovettura privata;In marcia / fermata / arresto;Conducente;F;Rimandato;0;NON DECEDUTO;Non accertato;Esploso
6078654;9;05/08/2022 17:30:00;Strada Urbana;VIA TUSCOLANA;in corrispondenza;;del civico n.;668;;Scontro frontale/laterale DX fra veicoli in marcia;Rettilineo;Una carreggiata a senso unico di marcia;Asciutto;Asfaltata;Verticale ed orizzontale;Sereno;Normale;Buona;;1;0;0;1;12.5405;41.8674;-1;3;Autovettura privata;Sosta;;;;;;;
6078654;9;05/08/2022 17:30:00;Strada Urbana;VIA TUSCOLANA;in corrispondenza;;del civico n.;668;;Scontro frontale/laterale DX fra veicoli in marcia;Rettilineo;Una carreggiata a senso unico di marcia;Asciutto;Asfaltata;Verticale ed orizzontale;Sereno;Normale;Buona;;1;0;0;1;12.5405;41.8674;-1;4;Autovettura privata;Sosta;;;;;;;
6078654;9;05/08/2022 17:30:00;Strada Urbana;VIA TUSCOLANA;in corrispondenza;;del civico n.;668;;Scontro frontale/laterale DX fra veicoli in marcia;Rettilineo;Una carreggiata a senso unico di marcia;Asciutto;Asfaltata;Verticale ed orizzontale;Sereno;Normale;Buona;;1;0;0;1;12.5405;41.8674;-1;5;Autovettura privata;Sosta;;;;;;;
6078661;9;06/08/2022 00:30:00;Strada Urbana;VIA SATURNIA;all'intersezione con;VIA GALLIA;VIA GALLIA;;;Scontro frontale/laterale DX fra veicoli in marcia;Intersezione stradale segnalata;Una carreggiata a senso unico di marcia;Asciutto;Asfaltata;Verticale ed orizzontale;Sereno;Scarso;Sufficiente;;0;0;0;3;12.5064;41.8806;-1;1;Motociclo con passeggero;In marcia / fermata / arresto;Conducente;M;Illeso;0;;Non accertato;
6078661;9;06/08/2022 00:30:00;Strada Urbana;VIA SATURNIA;all'intersezione con;VIA GALLIA;VIA GALLIA;;;Scontro frontale/laterale DX fra veicoli in marcia;Intersezione stradale segnalata;Una carreggiata a senso unico di marcia;Asciutto;Asfaltata;Verticale ed orizzontale;Sereno;Scarso;Sufficiente;;0;0;0;3;12.5064;41.8806;-1;1;Motociclo con passeggero;In marcia / fermata / arresto;Passeggero;M;Illeso;0;;Non accertato;
6078661;9;06/08/2022 00:30:00;Strada Urbana;VIA SATURNIA;all'intersezione con;VIA GALLIA;VIA GALLIA;;;Scontro frontale/laterale DX fra veicoli in marcia;Intersezione stradale segnalata;Una carreggiata a senso unico di marcia;Asciutto;Asfaltata;Verticale ed orizzontale;Sereno;Scarso;Sufficiente;;0;0;0;3;12.5064;41.8806;-1;2;Autovettura privata;In marcia / fermata / arresto;Conducente;F;Illeso;0;;Non accertato;Esploso
6078664;12;07/08/2022 04:10:00;Statale;VIA PONTINA;da specificare;;;;KM 16.950 DIR. POMEZIA;Ribaltamento senza urto contro ostacolo fisso;Rettilineo;Due carreggiate;Asciutto;Asfaltata;Verticale ed orizzontale;Sereno;Scarso;Sufficiente;;0;0;0;1;12.4523;41.7939;-1;1;Autovettura privata;In marcia / fermata / arresto;Conducente;M;Illeso;0;;Non accertato;Inesploso
6078666;9;06/08/2022 10:55:00;Strada Urbana;CIRCONVALLAZIONE APPIA;in corrispondenza;;del civico n.;46;;Veicolo in marcia contro veicolo fermo;Rettilineo;Una carreggiata a doppio senso;Asciutto;Asfaltata;Verticale ed orizzontale;Sereno;Scarso;Buona;;0;0;0;3;12.5183;41.8764;-1;1;Autovettura privata;In marcia / fermata / arresto;Conducente;M;Illeso;0;;Non accertato;Inesploso
6078666;9;06/08/2022 10:55:00;Strada Urbana;CIRCONVALLAZIONE APPIA;in corrispondenza;;del civico n.;46;;Veicolo in marcia contro veicolo fermo;Rettilineo;Una carreggiata a doppio senso;Asciutto;Asfaltata;Verticale ed orizzontale;Sereno;Scarso;Buona;;0;0;0;3;12.5183;41.8764;-1;1;Autovettura privata;In marcia / fermata / arresto;Passeggero;M;Illeso;0;;Non accertato;Inesploso
6078666;9;06/08/2022 10:55:00;Strada Urbana;CIRCONVALLAZIONE APPIA;in corrispondenza;;del civico n.;46;;Veicolo in marcia contro veicolo fermo;Rettilineo;Una carreggiata a doppio senso;Asciutto;Asfaltata;Verticale ed orizzontale;Sereno;Scarso;Buona;;0;0;0;3;12.5183;41.8764;-1;2;Autovettura privata;In marcia / fermata / arresto;Conducente;M;Illeso;0;;Non accertato;Inesploso
6078674;9;06/08/2022 13:10:00;Strada Urbana;VIA APPIA NUOVA;da specificare;;;;fronte civico 400;Scontro laterale fra veicoli in marcia;Rettilineo;Pi� di due carreggiate;Asciutto;Asfaltata;Verticale ed orizzontale;Sereno;Normale;Buona;;0;0;0;4;12.523;41.8749;-1;1;Autovettura privata;In marcia / fermata / arresto;Conducente;M;Illeso;0;;Non accertato;Inesploso
6078674;9;06/08/2022 13:10:00;Strada Urbana;VIA APPIA NUOVA;da specificare;;;;fronte civico 400;Scontro laterale fra veicoli in marcia;Rettilineo;Pi� di due carreggiate;Asciutto;Asfaltata;Verticale ed orizzontale;Sereno;Normale;Buona;;0;0;0;4;12.523;41.8749;-1;1;Autovettura privata;In marcia / fermata / arresto;Passeggero;M;Illeso;0;;Non accertato;Inesploso
6078674;9;06/08/2022 13:10:00;Strada Urbana;VIA APPIA NUOVA;da specificare;;;;fronte civico 400;Scontro laterale fra veicoli in marcia;Rettilineo;Pi� di due carreggiate;Asciutto;Asfaltata;Verticale ed orizzontale;Sereno;Normale;Buona;;0;0;0;4;12.523;41.8749;-1;2;Autovettura privata;In marcia / fermata / arresto;Conducente;M;Illeso;0;;Non accertato;Inesploso
6078674;9;06/08/2022 13:10:00;Strada Urbana;VIA APPIA NUOVA;da specificare;;;;fronte civico 400;Scontro laterale fra veicoli in marcia;Rettilineo;Pi� di due carreggiate;Asciutto;Asfaltata;Verticale ed orizzontale;Sereno;Normale;Buona;;0;0;0;4;12.523;41.8749;-1;2;Autovettura privata;In marcia / fermata / arresto;Passeggero;M;Illeso;0;;Non accertato;Inesploso
6078691;3;04/08/2022 07:10:00;Strada Urbana;VIALE DELL'UNIVERSITA';all'intersezione semaforizzata con;VIALE DELLE SCIENZE;VIALE DELLE SCIENZE;;;Scontro laterale fra veicoli in marcia;Intersezione semaforizzata;Una carreggiata a doppio senso;Asciutto;Asfaltata;Orizzontale;Sereno;Normale;Buona;;1;0;0;1;12.5118;41.9043;-1;1;Autovettura privata;In marcia / fermata / arresto;Conducente;M;Illeso;0;;;
6078691;3;04/08/2022 07:10:00;Strada Urbana;VIALE DELL'UNIVERSITA';all'intersezione semaforizzata con;VIALE DELLE SCIENZE;VIALE DELLE SCIENZE;;;Scontro laterale fra veicoli in marcia;Intersezione semaforizzata;Una carreggiata a doppio senso;Asciutto;Asfaltata;Orizzontale;Sereno;Normale;Buona;;1;0;0;1;12.5118;41.9043;-1;2;Ciclomotore;In marcia / fermata / arresto;Conducente;F;Ricoverato;0;NON DECEDUTO;;
6078694;3;02/08/2022 18:55:00;Strada Urbana;LARGO EDUARDO TALAMO;all'intersezione con;VIALE DELLO SCALO S. LORENZO;VIALE DELLO SCALO S. LORENZO;;;Scontro laterale fra veicoli in marcia;Incrocio;Due carreggiate;Asciutto;Asfaltata;Verticale ed orizzontale;Sereno;Normale;Buona;;0;0;0;3;12.5168;41.8945;-1;1;Autovettura privata;In marcia / fermata / arresto;Conducente;F;Illeso;0;;Non accertato;Inesploso
6078694;3;02/08/2022 18:55:00;Strada Urbana;LARGO EDUARDO TALAMO;all'intersezione con;VIALE DELLO SCALO S. LORENZO;VIALE DELLO SCALO S. LORENZO;;;Scontro laterale fra veicoli in marcia;Incrocio;Due carreggiate;Asciutto;Asfaltata;Verticale ed orizzontale;Sereno;Normale;Buona;;0;0;0;3;12.5168;41.8945;-1;1;Autovettura privata;In marcia / fermata / arresto;Passeggero;F;Illeso;0;;Non accertato;Inesploso
6078694;3;02/08/2022 18:55:00;Strada Urbana;LARGO EDUARDO TALAMO;all'intersezione con;VIALE DELLO SCALO S. LORENZO;VIALE DELLO SCALO S. LORENZO;;;Scontro laterale fra veicoli in marcia;Incrocio;Due carreggiate;Asciutto;Asfaltata;Verticale ed orizzontale;Sereno;Normale;Buona;;0;0;0;3;12.5168;41.8945;-1;2;Autovettura privata;In marcia / fermata / arresto;Conducente;F;Illeso;0;;Non accertato;Inesploso
6078699;3;02/08/2022 16:30:00;Strada Urbana;VIA RODOLFO LANCIANI;da specificare;;;;fronte civico 30;Scontro frontale/laterale SX fra veicoli in marcia;Rettilineo;Due carreggiate;Asciutto;Asfaltata;Verticale ed orizzontale;Sereno;Normale;Buona;;0;0;0;2;12.5223;41.9212;-1;1;Motociclo a solo;In marcia / fermata / arresto;Conducente;M;Illeso;0;;Non accertato;
6078699;3;02/08/2022 16:30:00;Strada Urbana;VIA RODOLFO LANCIANI;da specificare;;;;fronte civico 30;Scontro frontale/laterale SX fra veicoli in marcia;Rettilineo;Due carreggiate;Asciutto;Asfaltata;Verticale ed orizzontale;Sereno;Normale;Buona;;0;0;0;2;12.5223;41.9212;-1;2;Autovettura privata;In marcia / fermata / arresto;Conducente;M;Illeso;0;;Non accertato;Inesploso
6078702;3;03/08/2022 17:45:00;Strada Urbana;VIA DI VILLA RICOTTI;in prossimit�;;del civico n.;36;;Veicolo in marcia contro veicolo in sosta;Rettilineo;Una carreggiata a senso unico di marcia;Asciutto;Asfaltata;Orizzontale;Sereno;Scarso;Buona;;0;0;0;1;12.5194;41.9151;-1;1;Autovettura privata;Sosta;;;;;;;
6078702;3;03/08/2022 17:45:00;Strada Urbana;VIA DI VILLA RICOTTI;in prossimit�;;del civico n.;36;;Veicolo in marcia contro veicolo in sosta;Rettilineo;Una carreggiata a senso unico di marcia;Asciutto;Asfaltata;Orizzontale;Sereno;Scarso;Buona;;0;0;0;1;12.5194;41.9151;-1;2;Autocarro inferiore 35 q.;In marcia / fermata / arresto;Conducente;M;Illeso;0;;Non accertato;Inesploso
6078856;15;07/08/2022 07:30:00;Strada Urbana;VIA DELLA MAGLIANA;in corrispondenza;;del civico n.;132A;;Veicolo in marcia contro veicoli in sosta;Rettilineo;Una carreggiata a doppio senso;Asciutto;Asfaltata;Verticale ed orizzontale;Sereno;Scarso;Buona;;0;0;0;1;12.4583;41.854;-1;1;Autovettura privata;In marcia / fermata / arresto;Conducente;M;Illeso;0;;;
6078856;15;07/08/2022 07:30:00;Strada Urbana;VIA DELLA MAGLIANA;in corrispondenza;;del civico n.;132A;;Veicolo in marcia contro veicoli in sosta;Rettilineo;Una carreggiata a doppio senso;Asciutto;Asfaltata;Verticale ed orizzontale;Sereno;Scarso;Buona;;0;0;0;1;12.4583;41.854;-1;2;Autovettura privata;Sosta;;;;;;;
6078856;15;07/08/2022 07:30:00;Strada Urbana;VIA DELLA MAGLIANA;in corrispondenza;;del civico n.;132A;;Veicolo in marcia contro veicoli in sosta;Rettilineo;Una carreggiata a doppio senso;Asciutto;Asfaltata;Verticale ed orizzontale;Sereno;Scarso;Buona;;0;0;0;1;12.4583;41.854;-1;3;Autovettura privata;Sosta;;;;;;;
6078933;11;06/08/2022 15:10:00;Strada Urbana;VIA SIMONE MARTINI;in prossimit�;;del civico n.;14;;Veicolo in marcia contro veicolo in sosta;Rettilineo;Una carreggiata a doppio senso;Asciutto;Asfaltata;Verticale ed orizzontale;Sereno;Scarso;Buona;;0;0;0;1;12.4882;41.8299;-1;1;Autovettura privata;In marcia / fermata / arresto;Conducente;F;Illeso;0;;;
6078933;11;06/08/2022 15:10:00;Strada Urbana;VIA SIMONE MARTINI;in prossimit�;;del civico n.;14;;Veicolo in marcia contro veicolo in sosta;Rettilineo;Una carreggiata a doppio senso;Asciutto;Asfaltata;Verticale ed orizzontale;Sereno;Scarso;Buona;;0;0;0;1;12.4882;41.8299;-1;2;Autovettura privata;Sosta;;;;;;;
6078950;10;06/08/2022 17:00:00;Strada Urbana;VIA TUSCOLANA;in corrispondenza;;del civico n.;800;;Tamponamento;Rettilineo;Due carreggiate;Asciutto;Asfaltata;Orizzontale;Sereno;Normale;Buona;;0;1;0;2;12.5482;41.8637;-1;1;Autovettura privata;In marcia / fermata / arresto;Conducente;M;Illeso;0;;Non accertato;Inesploso
6078950;10;06/08/2022 17:00:00;Strada Urbana;VIA TUSCOLANA;in corrispondenza;;del civico n.;800;;Tamponamento;Rettilineo;Due carreggiate;Asciutto;Asfaltata;Orizzontale;Sereno;Normale;Buona;;0;1;0;2;12.5482;41.8637;-1;1;Autovettura privata;In marcia / fermata / arresto;Passeggero;M;Illeso;0;;Non accertato;Inesploso
6078950;10;06/08/2022 17:00:00;Strada Urbana;VIA TUSCOLANA;in corrispondenza;;del civico n.;800;;Tamponamento;Rettilineo;Due carreggiate;Asciutto;Asfaltata;Orizzontale;Sereno;Normale;Buona;;0;1;0;2;12.5482;41.8637;-1;2;Motociclo a solo;In marcia / fermata / arresto;Conducente;M;Prognosi riservata;0;NON DECEDUTO;Non accertato;
6078953;20;07/08/2022 07:20:00;Strada Urbana;VIALE DEL FORO ITALICO;da specificare;;;;intersezione rampa nicaragua;Veicolo in marcia contro ostacolo fisso;Rettilineo;Una carreggiata a senso unico di marcia;Asciutto;Asfaltata;Orizzontale;Sereno;Scarso;Buona;;0;0;0;1;12.4572;41.9326;-1;1;Autovettura privata;In marcia / fermata / arresto;Conducente;M;Illeso;0;;Non accertato;Esploso
6078956;5;05/08/2022 17:30:00;Strada Urbana;VIA RINALDO D'AQUINO;da specificare;;;;prossimit� rotatoria direzione Palombarese;Tamponamento Multiplo;Rettilineo;Una carreggiata a senso unico di marcia;Asciutto;Asfaltata;Orizzontale;Sereno;Normale;Buona;;0;0;0;5;12.6188;41.9684;-1;1;Autovettura privata;In marcia / fermata / arresto;Conducente;M;Illeso;0;;Non accertato;Inesploso
6078956;5;05/08/2022 17:30:00;Strada Urbana;VIA RINALDO D'AQUINO;da specificare;;;;prossimit� rotatoria direzione Palombarese;Tamponamento Multiplo;Rettilineo;Una carreggiata a senso unico di marcia;Asciutto;Asfaltata;Orizzontale;Sereno;Normale;Buona;;0;0;0;5;12.6188;41.9684;-1;2;Autocarro inferiore 35 q.;In marcia / fermata / arresto;Conducente;M;Illeso;0;;Non accertato;Inesploso
6078956;5;05/08/2022 17:30:00;Strada Urbana;VIA RINALDO D'AQUINO;da specificare;;;;prossimit� rotatoria direzione Palombarese;Tamponamento Multiplo;Rettilineo;Una carreggiata a senso unico di marcia;Asciutto;Asfaltata;Orizzontale;Sereno;Normale;Buona;;0;0;0;5;12.6188;41.9684;-1;2;Autocarro inferiore 35 q.;In marcia / fermata / arresto;Passeggero;M;Illeso;0;;Non accertato;Inesploso
6078956;5;05/08/2022 17:30:00;Strada Urbana;VIA RINALDO D'AQUINO;da specificare;;;;prossimit� rotatoria direzione Palombarese;Tamponamento Multiplo;Rettilineo;Una carreggiata a senso unico di marcia;Asciutto;Asfaltata;Orizzontale;Sereno;Normale;Buona;;0;0;0;5;12.6188;41.9684;-1;3;Autovettura privata;In marcia / fermata / arresto;Conducente;F;Illeso;0;;Non accertato;Esploso
6078956;5;05/08/2022 17:30:00;Strada Urbana;VIA RINALDO D'AQUINO;da specificare;;;;prossimit� rotatoria direzione Palombarese;Tamponamento Multiplo;Rettilineo;Una carreggiata a senso unico di marcia;Asciutto;Asfaltata;Orizzontale;Sereno;Normale;Buona;;0;0;0;5;12.6188;41.9684;-1;4;Autovettura privata;In marcia / fermata / arresto;Conducente;M;Illeso;0;;Non accertato;Esploso
6078961;10;06/08/2022 18:20:00;Statale entro l'abitato;VIA TUSCOLANA;in corrispondenza;;del civico n.;1245;;Scontro frontale/laterale SX fra veicoli in marcia;Rettilineo;Pi� di due carreggiate;Asciutto;Asfaltata;Verticale ed orizzontale;Sereno;Normale;Buona;;1;0;0;5;12.6021;41.8362;-1;1;Autovettura privata;In marcia / fermata / arresto;Conducente;M;Illeso;0;;Non accertato;Inesploso
6078961;10;06/08/2022 18:20:00;Statale entro l'abitato;VIA TUSCOLANA;in corrispondenza;;del civico n.;1245;;Scontro frontale/laterale SX fra veicoli in marcia;Rettilineo;Pi� di due carreggiate;Asciutto;Asfaltata;Verticale ed orizzontale;Sereno;Normale;Buona;;1;0;0;5;12.6021;41.8362;-1;1;Autovettura privata;In marcia / fermata / arresto;Passeggero;F;Illeso;0;;Non accertato;Inesploso
6078961;10;06/08/2022 18:20:00;Statale entro l'abitato;VIA TUSCOLANA;in corrispondenza;;del civico n.;1245;;Scontro frontale/laterale SX fra veicoli in marcia;Rettilineo;Pi� di due carreggiate;Asciutto;Asfaltata;Verticale ed orizzontale;Sereno;Normale;Buona;;1;0;0;5;12.6021;41.8362;-1;2;Autovettura privata;In marcia / fermata / arresto;Conducente;M;Rimandato;0;NON DECEDUTO;Non accertato;Inesploso
6078961;10;06/08/2022 18:20:00;Statale entro l'abitato;VIA TUSCOLANA;in corrispondenza;;del civico n.;1245;;Scontro frontale/laterale SX fra veicoli in marcia;Rettilineo;Pi� di due carreggiate;Asciutto;Asfaltata;Verticale ed orizzontale;Sereno;Normale;Buona;;1;0;0;5;12.6021;41.8362;-1;2;Autovettura privata;In marcia / fermata / arresto;Passeggero;F;Illeso;0;;Non accertato;Inesploso
6078961;10;06/08/2022 18:20:00;Statale entro l'abitato;VIA TUSCOLANA;in corrispondenza;;del civico n.;1245;;Scontro frontale/laterale SX fra veicoli in marcia;Rettilineo;Pi� di due carreggiate;Asciutto;Asfaltata;Verticale ed orizzontale;Sereno;Normale;Buona;;1;0;0;5;12.6021;41.8362;-1;2;Autovettura privata;In marcia / fermata / arresto;Passeggero;M;Illeso;0;;Non accertato;Inesploso
6078961;10;06/08/2022 18:20:00;Statale entro l'abitato;VIA TUSCOLANA;in corrispondenza;;del civico n.;1245;;Scontro frontale/laterale SX fra veicoli in marcia;Rettilineo;Pi� di due carreggiate;Asciutto;Asfaltata;Verticale ed orizzontale;Sereno;Normale;Buona;;1;0;0;5;12.6021;41.8362;-1;2;Autovettura privata;In marcia / fermata / arresto;Passeggero;F;Illeso;0;;Non accertato;Inesploso
6078964;5;05/08/2022 14:30:00;Strada Urbana;VIA DEI DURANTINI;in prossimit�;;del civico n.;129;;Veicolo in marcia contro veicolo in sosta;Rettilineo;Una carreggiata a doppio senso;Asciutto;Asfaltata;Orizzontale;Sereno;Scarso;Buona;;0;0;0;1;12.5418;41.9133;-1;1;Autovettura privata;Sosta;;;;;;;
6078964;5;05/08/2022 14:30:00;Strada Urbana;VIA DEI DURANTINI;in prossimit�;;del civico n.;129;;Veicolo in marcia contro veicolo in sosta;Rettilineo;Una carreggiata a doppio senso;Asciutto;Asfaltata;Orizzontale;Sereno;Scarso;Buona;;0;0;0;1;12.5418;41.9133;-1;2;Autovettura privata;In marcia / fermata / arresto;Conducente;F;Illeso;0;;Non accertato;Inesploso
6078967;20;05/08/2022 08:15:00;Regionale;VIA CASSIA BIS (non utilizzare);da specificare;;;;direzione Roma dopo galleria Morlupo;Tamponamento Multiplo;Rettilineo;Due carreggiate;Asciutto;Asfaltata;Verticale ed orizzontale;Sereno;Intenso;Buona;;0;0;0;4;12.4318;42.0271;-1;1;Autocarro inferiore 35 q.;In marcia / fermata / arresto;Conducente;M;Illeso;0;;;
6078967;20;05/08/2022 08:15:00;Regionale;VIA CASSIA BIS (non utilizzare);da specificare;;;;direzione Roma dopo galleria Morlupo;Tamponamento Multiplo;Rettilineo;Due carreggiate;Asciutto;Asfaltata;Verticale ed orizzontale;Sereno;Intenso;Buona;;0;0;0;4;12.4318;42.0271;-1;2;Autovettura privata;In marcia / fermata / arresto;Conducente;M;Illeso;0;;;
6078967;20;05/08/2022 08:15:00;Regionale;VIA CASSIA BIS (non utilizzare);da specificare;;;;direzione Roma dopo galleria Morlupo;Tamponamento Multiplo;Rettilineo;Due carreggiate;Asciutto;Asfaltata;Verticale ed orizzontale;Sereno;Intenso;Buona;;0;0;0;4;12.4318;42.0271;-1;3;Autovettura privata;In marcia / fermata / arresto;Conducente;M;Illeso;0;;;
6078967;20;05/08/2022 08:15:00;Regionale;VIA CASSIA BIS (non utilizzare);da specificare;;;;direzione Roma dopo galleria Morlupo;Tamponamento Multiplo;Rettilineo;Due carreggiate;Asciutto;Asfaltata;Verticale ed orizzontale;Sereno;Intenso;Buona;;0;0;0;4;12.4318;42.0271;-1;4;Autovettura privata;In marcia / fermata / arresto;Conducente;M;Illeso;0;;;
6078969;11;06/08/2022 18:20:00;Strada Urbana;VIA LAURENTINA;all'intersezione con;VIA LUIGI PERNA;VIA LUIGI PERNA;;;Scontro frontale/laterale SX fra veicoli in marcia;Incrocio;Due carreggiate;Asciutto;Asfaltata;Verticale ed orizzontale;Sereno;Scarso;Buona;;1;0;0;2;12.4799;41.845;-1;1;Motociclo a solo;In marcia / fermata / arresto;Conducente;M;Rifiuta cure immediate;0;NON DECEDUTO;;