Protocollo;Gruppo;DataOraIncidente;Localizzazione1;STRADA1;Localizzazione2;STRADA2;Strada02;Chilometrica;DaSpecificare;NaturaIncidente;particolaritastrade;TipoStrada;FondoStradale;Pavimentazione;Segnaletica;CondizioneAtmosferica;Traffico;Visibilita;Illuminazione;NUM_FERITI;NUM_RISERVATA;NUM_MORTI;NUM_ILLESI;Longitude;Latitude;Confermato;Progressivo;TipoVeicolo;StatoVeicolo;TipoPersona;Sesso;Tipolesione;Deceduto;DecedutoDopo;CinturaCascoUtilizzato;Airbag;
6079418;15;07/08/2022 19:15:00;Strada Urbana;PIAZZA AUGUSTO RIGHI;all'intersezione semaforizzata con;PONTE GUGLIELMO MARCONI;PONTE GUGLIELMO MARCONI;;;Veicolo in marcia contro veicolo fermo;Intersezione semaforizzata;Una carreggiata a doppio senso;Asciutto;Asfaltata;Verticale ed orizzontale;Sereno;Normale;Buona;;0;0;0;5;12.4701;41.8618;-1;1;Autovettura privata;In marcia / fermata / arresto;Conducente;M;Illeso;0;;Non accertato;Inesploso
6079418;15;07/08/2022 19:15:00;Strada Urbana;PIAZZA AUGUSTO RIGHI;all'intersezione semaforizzata con;PONTE GUGLIELMO MARCONI;PONTE GUGLIELMO MARCONI;;;Veicolo in marcia contro veicolo fermo;Intersezione semaforizzata;Una carreggiata a doppio senso;Asciutto;Asfaltata;Verticale ed orizzontale;Sereno;Normale;Buona;;0;0;0;5;12.4701;41.8618;-1;1;Autovettura privata;In marcia / fermata / arresto;Passeggero;F;Illeso;0;;Non accertato;Inesploso
6079418;15;07/08/2022 19:15:00;Strada Urbana;PIAZZA AUGUSTO RIGHI;all'intersezione semaforizzata con;PONTE GUGLIELMO MARCONI;PONTE GUGLIELMO MARCONI;;;Veicolo in marcia contro veicolo fermo;Intersezione semaforizzata;Una carreggiata a doppio senso;Asciutto;Asfaltata;Verticale ed orizzontale;Sereno;Normale;Buona;;0;0;0;5;12.4701;41.8618;-1;1;Autovettura privata;In marcia / fermata / arresto;Passeggero;M;Illeso;0;;Non accertato;Inesploso
6079418;15;07/08/2022 19:15:00;Strada Urbana;PIAZZA AUGUSTO RIGHI;all'intersezione semaforizzata con;PONTE GUGLIELMO MARCONI;PONTE GUGLIELMO MARCONI;;;Veicolo in marcia contro veicolo fermo;Intersezione semaforizzata;Una carreggiata a doppio senso;Asciutto;Asfaltata;Verticale ed orizzontale;Sereno;Normale;Buona;;0;0;0;5;12.4701;41.8618;-1;1;Autovettura privata;In marcia / fermata / arresto;Passeggero;M;Illeso;0;;Non accertato;Inesploso
6079418;15;07/08/2022 19:15:00;Strada Urbana;PIAZZA AUGUSTO RIGHI;all'intersezione semaforizzata con;PONTE GUGLIELMO MARCONI;PONTE GUGLIELMO MARCONI;;;Veicolo in marcia contro veicolo fermo;Intersezione semaforizzata;Una carreggiata a doppio senso;Asciutto;Asfaltata;Verticale ed orizzontale;Sereno;Normale;Buona;;0;0;0;5;12.4701;41.8618;-1;2;Motociclo di polizia;In marcia / fermata / arresto;Conducente;M;Illeso;0;;Non accertato;
6079444;16;05/08/2022 11:30:00;Strada Urbana;PIAZZA S. GIOVANNI DI DIO;in prossimit�;;del civico n.;96;;Investimento di pedone;Rettilineo;Una carreggiata a senso unico di marcia;Asciutto;Asfaltata;Assente;Sereno;Scarso;Buona;;2;0;0;0;12.4474;41.8742;-1;;;;Pedone;F;Rimandato;0;NON DECEDUTO;;
6079444;16;05/08/2022 11:30:00;Strada Urbana;PIAZZA S. GIOVANNI DI DIO;in prossimit�;;del civico n.;96;;Investimento di pedone;Rettilineo;Una carreggiata a senso unico di marcia;Asciutto;Asfaltata;Assente;Sereno;Scarso;Buona;;2;0;0;0;12.4474;41.8742;-1;1;Autovettura privata;In marcia / fermata / arresto;Conducente;F;Rimandato;0;NON DECEDUTO;Non accertato;Inesploso
6079447;17;06/08/2022 06:20:00;Strada Urbana;VIA POMPEO MAGNO;all'intersezione con;VIA VIRGINIO ORSINI;VIA VIRGINIO ORSINI;;;Scontro frontale/laterale DX fra veicoli in marcia;Incrocio;Una carreggiata a senso unico di marcia;Asciutto;Asfaltata;Verticale ed orizzontale;Sereno;Scarso;Sufficiente;;1;0;0;2;12.4681;41.9103;-1;1;Autovettura privata;In marcia / fermata / arresto;Conducente;M;Illeso;0;;;
6079447;17;06/08/2022 06:20:00;Strada Urbana;VIA POMPEO MAGNO;all'intersezione con;VIA VIRGINIO ORSINI;VIA VIRGINIO ORSINI;;;Scontro frontale/laterale DX fra veicoli in marcia;Incrocio;Una carreggiata a senso unico di marcia;Asciutto;Asfaltata;Verticale ed orizzontale;Sereno;Scarso;Sufficiente;;1;0;0;2;12.4681;41.9103;-1;2;Autovettura privata;In marcia / fermata / arresto;Conducente;M;Illeso;0;;;
6079447;17;06/08/2022 06:20:00;Strada Urbana;VIA POMPEO MAGNO;all'intersezione con;VIA VIRGINIO ORSINI;VIA VIRGINIO ORSINI;;;Scontro frontale/laterale DX fra veicoli in marcia;Incrocio;Una carreggiata a senso unico di marcia;Asciutto;Asfaltata;Verticale ed orizzontale;Sereno;Scarso;Sufficiente;;1;0;0;2;12.4681;41.9103;-1;2;Autovettura privata;In marcia / fermata / arresto;Passeggero;F;Rimandato;0;NON DECEDUTO;;
6079460;16;05/08/2022 13:20:00;;VIA AURELIA ANTICA;in corrispondenza;;del civico n.;460;;Infortunio per sola frenata improvvisa;;;;;;;;;;1;0;0;1;12.4205;41.8885;0;1;Motociclo a solo;In marcia / fermata / arresto;Conducente;M;Illeso;0;;;
6079460;16;05/08/2022 13:20:00;;VIA AURELIA ANTICA;in corrispondenza;;del civico n.;460;;Infortunio per sola frenata improvvisa;;;;;;;;;;1;0;0;1;12.4205;41.8885;0;1;Motociclo a solo;In marcia / fermata / arresto;Passeggero;F;Rimandato;0;NON DECEDUTO;;
6079471;16;07/08/2022 14:15:00;Strada Urbana;VIA ALESSANDRO POERIO;da specificare;;;;front civico 100;Veicolo in marcia contro veicolo in sosta;Curva a visuale libera;Una carreggiata a senso unico di marcia;Asciutto;Asfaltata;Verticale ed orizzontale;Sereno;Scarso;Buona;;0;0;0;1;12.4631;41.8793;-1;1;Autovettura privata;In marcia / fermata / arresto;Conducente;M;Illeso;0;;Non accertato;Inesploso
6079471;16;07/08/2022 14:15:00;Strada Urbana;VIA ALESSANDRO POERIO;da specificare;;;;front civico 100;Veicolo in marcia contro veicolo in sosta;Curva a visuale libera;Una carreggiata a senso unico di marcia;Asciutto;Asfaltata;Verticale ed orizzontale;Sereno;Scarso;Buona;;0;0;0;1;12.4631;41.8793;-1;2;Autovettura privata;Sosta;;;;;;;
6079532;16;05/08/2022 14:15:00;Strada Urbana;VIA GIACOMO FOLCHI;in prossimit�;;del civico n.;8;;Tamponamento;Rettilineo;Una carreggiata a doppio senso;Asciutto;Asfaltata;Verticale ed orizzontale;Sereno;Normale;Buona;;1;0;0;1;12.4543;41.8672;-1;1;Motociclo a solo;In marcia / fermata / arresto;Conducente;M;Rimandato;0;NON DECEDUTO;Non accertato;
6079532;16;05/08/2022 14:15:00;Strada Urbana;VIA GIACOMO FOLCHI;in prossimit�;;del civico n.;8;;Tamponamento;Rettilineo;Una carreggiata a doppio senso;Asciutto;Asfaltata;Verticale ed orizzontale;Sereno;Normale;Buona;;1;0;0;1;12.4543;41.8672;-1;2;Autovettura privata;In marcia / fermata / arresto;Conducente;F;Illeso;0;;Non accertato;
6079542;7;08/08/2022 13:00:00;Strada Urbana;VIALE DELLE ORCHIDEE;in prossimit�;;del civico n.;10;;Tamponamento;Rettilineo;Due carreggiate;Asciutto;Asfaltata;Verticale ed orizzontale;Sereno;Normale;Buona;;0;0;0;1;12.5691;41.8892;-1;1;Autovettura privata;In marcia / fermata / arresto;Conducente;F;Illeso;0;;Non accertato;Inesploso
6079542;7;08/08/2022 13:00:00;Strada Urbana;VIALE DELLE ORCHIDEE;in prossimit�;;del civico n.;10;;Tamponamento;Rettilineo;Due carreggiate;Asciutto;Asfaltata;Verticale ed orizzontale;Sereno;Normale;Buona;;0;0;0;1;12.5691;41.8892;-1;2;Autovettura privata;In marcia / fermata / arresto;;;;;;;
6079548;16;07/08/2022 10:45:00;;VIA CAMILLO SERAFINI;in corrispondenza;;del civico n.;47/A;;Veicolo in marcia contro veicolo in sosta;;;;;;;;;;0;0;0;1;12.4283;41.8783;0;1;Autovettura privata;Sosta;Passeggero;M;Illeso;0;;;
6079548;16;07/08/2022 10:45:00;;VIA CAMILLO SERAFINI;in corrispondenza;;del civico n.;47/A;;Veicolo in marcia contro veicolo in sosta;;;;;;;;;;0;0;0;1;12.4283;41.8783;0;2;Autovettura privata;In marcia / fermata / arresto;;;;;;;
6079581;17;05/08/2022 19:05:00;Strada Urbana;PIAZZA GIUSEPPE MAZZINI;in prossimit�;;del civico n.;11;;Scontro frontale/laterale DX fra veicoli in marcia;Rotatoria;Una carreggiata a senso unico di marcia;Asciutto;Asfaltata;Verticale ed orizzontale;Sereno;Normale;Buona;;1;0;0;1;12.4641;41.9154;-1;1;Autovettura privata;In marcia / fermata / arresto;Conducente;F;Illeso;0;;;
6079581;17;05/08/2022 19:05:00;Strada Urbana;PIAZZA GIUSEPPE MAZZINI;in prossimit�;;del civico n.;11;;Scontro frontale/laterale DX fra veicoli in marcia;Rotatoria;Una carreggiata a senso unico di marcia;Asciutto;Asfaltata;Verticale ed orizzontale;Sereno;Normale;Buona;;1;0;0;1;12.4641;41.9154;-1;2;Ciclomotore;In marcia / fermata / arresto;Conducente;F;Rimandato;0;NON DECEDUTO;;
6079601;17;04/08/2022 13:15:00;Strada Urbana;VIA CASSIODORO;all'intersezione con;VIA ORAZIO;VIA ORAZIO;;;Scontro frontale/laterale SX fra veicoli in marcia;Incrocio;Una carreggiata a senso unico di marcia;Asciutto;Asfaltata;Verticale ed orizzontale;Sereno;Normale;Buona;;1;0;0;1;12.4659;41.9062;-1;1;Autovettura privata;In marcia / fermata / arresto;Conducente;F;Illeso;0;;;
6079601;17;04/08/2022 13:15:00;Strada Urbana;VIA CASSIODORO;all'intersezione con;VIA ORAZIO;VIA ORAZIO;;;Scontro frontale/laterale SX fra veicoli in marcia;Incrocio;Una carreggiata a senso unico di marcia;Asciutto;Asfaltata;Verticale ed orizzontale;Sereno;Normale;Buona;;1;0;0;1;12.4659;41.9062;-1;2;Motociclo a solo;In marcia / fermata / arresto;Conducente;F;Rimandato;0;NON DECEDUTO;;
6079613;17;04/08/2022 20:10:00;Strada Urbana;VIA SABOTINO;all'intersezione con;VIA MONTE SANTO;VIA MONTE SANTO;;;Scontro frontale/laterale DX fra veicoli in marcia;Incrocio;Due carreggiate;Asciutto;Asfaltata;Verticale ed orizzontale;Sereno;Scarso;Buona;;0;0;0;3;12.461;41.9165;-1;1;Autovettura privata;In marcia / fermata / arresto;Conducente;M;Illeso;0;;;
6079613;17;04/08/2022 20:10:00;Strada Urbana;VIA SABOTINO;all'intersezione con;VIA MONTE SANTO;VIA MONTE SANTO;;;Scontro frontale/laterale DX fra veicoli in marcia;Incrocio;Due carreggiate;Asciutto;Asfaltata;Verticale ed orizzontale;Sereno;Scarso;Buona;;0;0;0;3;12.461;41.9165;-1;2;Autovettura privata;In marcia / fermata / arresto;Conducente;M;Illeso;0;;;
6079613;17;04/08/2022 20:10:00;Strada Urbana;VIA SABOTINO;all'intersezione con;VIA MONTE SANTO;VIA MONTE SANTO;;;Scontro frontale/laterale DX fra veicoli in marcia;Incrocio;Due carreggiate;Asciutto;Asfaltata;Verticale ed orizzontale;Sereno;Scarso;Buona;;0;0;0;3;12.461;41.9165;-1;2;Autovettura privata;In marcia / fermata / arresto;Passeggero;F;Illeso;0;;;
6079619;17;06/08/2022 00:35:00;Strada Urbana;CIRCONVALLAZIONE CLODIA;all'intersezione con;VIA TRIONFALE;VIA TRIONFALE;;;Scontro frontale/laterale SX fra veicoli in marcia;Incrocio;Due carreggiate;Asciutto;Asfaltata;Verticale ed orizzontale;Sereno;Scarso;Sufficiente;;1;0;0;2;12.4561;41.9181;-1;1;Autovettura di polizia;In marcia / fermata / arresto;Conducente;M;Rifiuta cure immediate;0;NON DECEDUTO;;
6079619;17;06/08/2022 00:35:00;Strada Urbana;CIRCONVALLAZIONE CLODIA;all'intersezione con;VIA TRIONFALE;VIA TRIONFALE;;;Scontro frontale/laterale SX fra veicoli in marcia;Incrocio;Due carreggiate;Asciutto;Asfaltata;Verticale ed orizzontale;Sereno;Scarso;Sufficiente;;1;0;0;2;12.4561;41.9181;-1;1;Autovettura di polizia;In marcia / fermata / arresto;Passeggero;M;Illeso;0;;;
6079619;17;06/08/2022 00:35:00;Strada Urbana;CIRCONVALLAZIONE CLODIA;all'intersezione con;VIA TRIONFALE;VIA TRIONFALE;;;Scontro frontale/laterale SX fra veicoli in marcia;Incrocio;Due carreggiate;Asciutto;Asfaltata;Verticale ed orizzontale;Sereno;Scarso;Sufficiente;;1;0;0;2;12.4561;41.9181;-1;2;Ciclomotore;In marcia / fermata / arresto;Conducente;M;Illeso;0;;;
6079632;17;06/08/2022 10:35:00;;SOTTOPASSO LARGO GIOVANNI XXIII;da specificare;;;;prossimit� lampada b27p;Veicolo in marcia contro ostacolo fisso;;;;;;;;;;0;0;0;1;12.4644;41.9022;0;1;Autovettura privata;In marcia / fermata / arresto;Conducente;M;Illeso;0;;;
6079964;1;08/08/2022 17:20:00;Strada Urbana;VIA DEL CIRCO MASSIMO;all'intersezione con;PIAZZALE UGO LA MALFA;PIAZZALE UGO LA MALFA;;;Scontro frontale/laterale SX fra veicoli in marcia;Incrocio;Pi� di due carreggiate;Asciutto;Asfaltata;Verticale ed orizzontale;Sereno;Normale;Buona;;1;0;0;1;12.4852;41.8853;-1;1;Autovettura privata;In marcia / fermata / arresto;Conducente;M;Illeso;0;;Non accertato;Inesploso
6079964;1;08/08/2022 17:20:00;Strada Urbana;VIA DEL CIRCO MASSIMO;all'intersezione con;PIAZZALE UGO LA MALFA;PIAZZALE UGO LA MALFA;;;Scontro frontale/laterale SX fra veicoli in marcia;Incrocio;Pi� di due carreggiate;Asciutto;Asfaltata;Verticale ed orizzontale;Sereno;Normale;Buona;;1;0;0;1;12.4852;41.8853;-1;2;Motociclo a solo;In marcia / fermata / arresto;Conducente;M;Rimandato;0;NON DECEDUTO;Non accertato;
6079985;20;08/08/2022 16:30:00;Strada Urbana;VIA FLAMINIA;da specificare;;;;fronte civico 1805;Tamponamento Multiplo;Rettilineo;Una carreggiata a doppio senso;Asciutto;Asfaltata;Verticale ed orizzontale;Sereno;Normale;Buona;;1;0;0;3;12.4718;41.9419;-1;1;Autovettura privata;In marcia / fermata / arresto;Conducente;F;Illeso;0;;;
6079985;20;08/08/2022 16:30:00;Strada Urbana;VIA FLAMINIA;da specificare;;;;fronte civico 1805;Tamponamento Multiplo;Rettilineo;Una carreggiata a doppio senso;Asciutto;Asfaltata;Verticale ed orizzontale;Sereno;Normale;Buona;;1;0;0;3;12.4718;41.9419;-1;2;Autovettura privata;In marcia / fermata / arresto;Conducente;F;Illeso;0;;;
6079985;20;08/08/2022 16:30:00;Strada Urbana;VIA FLAMINIA;da specificare;;;;fronte civico 1805;Tamponamento Multiplo;Rettilineo;Una carreggiata a doppio senso;Asciutto;Asfaltata;Verticale ed orizzontale;Sereno;Normale;Buona;;1;0;0;3;12.4718;41.9419;-1;2;Autovettura privata;In marcia / fermata / arresto;Passeggero;F;Illeso;0;;;
6079985;20;08/08/2022 16:30:00;Strada Urbana;VIA FLAMINIA;da specificare;;;;fronte civico 1805;Tamponamento Multiplo;Rettilineo;Una carreggiata a doppio senso;Asciutto;Asfaltata;Verticale ed orizzontale;Sereno;Normale;Buona;;1;0;0;3;12.4718;41.9419;-1;3;Autovettura privata;In marcia / fermata / arresto;Conducente;F;Rifiuta cure immediate;0;NON DECEDUTO;;
6079997;12;08/08/2022 13:00:00;Strada Urbana;VIA CRISTOFORO COLOMBO;da specificare;;;;direzione Roma centro prossimit� civico 849;Tamponamento;Rettilineo;Due carreggiate;Asciutto;Asfaltata;Verticale ed orizzontale;Sereno;Scarso;Buona;;0;0;0;3;12.4115;41.7858;-1;1;Autocarro inferiore 35 q.;In marcia / fermata / arresto;Conducente;M;Illeso;0;;Non accertato;Inesploso
6079997;12;08/08/2022 13:00:00;Strada Urbana;VIA CRISTOFORO COLOMBO;da specificare;;;;direzione Roma centro prossimit� civico 849;Tamponamento;Rettilineo;Due carreggiate;Asciutto;Asfaltata;Verticale ed orizzontale;Sereno;Scarso;Buona;;0;0;0;3;12.4115;41.7858;-1;1;Autocarro inferiore 35 q.;In marcia / fermata / arresto;Passeggero;M;Illeso;0;;Non accertato;Inesploso
6079997;12;08/08/2022 13:00:00;Strada Urbana;VIA CRISTOFORO COLOMBO;da specificare;;;;direzione Roma centro prossimit� civico 849;Tamponamento;Rettilineo;Due carreggiate;Asciutto;Asfaltata;Verticale ed orizzontale;Sereno;Scarso;Buona;;0;0;0;3;12.4115;41.7858;-1;2;Autovettura privata;In marcia / fermata / arresto;Conducente;M;Illeso;0;;Non accertato;Inesploso
6080009;20;08/08/2022 12:10:00;Strada Urbana;VIA FLAMINIA NUOVA;in prossimit�;;del civico n.;726A;;Veicolo in marcia contro veicolo fermo;Rettilineo;Una carreggiata a doppio senso;Asciutto;Asfaltata;Orizzontale;Sereno;Normale;Buona;;0;0;0;3;12.4803;41.9599;-1;1;Autovettura privata;In marcia / fermata / arresto;Conducente;F;Illeso;0;;Non accertato;Inesploso
6080009;20;08/08/2022 12:10:00;Strada Urbana;VIA FLAMINIA NUOVA;in prossimit�;;del civico n.;726A;;Veicolo in marcia contro veicolo fermo;Rettilineo;Una carreggiata a doppio senso;Asciutto;Asfaltata;Orizzontale;Sereno;Normale;Buona;;0;0;0;3;12.4803;41.9599;-1;2;Autovettura privata;In marcia / fermata / arresto;Conducente;M;Illeso;0;;;
6080009;20;08/08/2022 12:10:00;Strada Urbana;VIA FLAMINIA NUOVA;in prossimit�;;del civico n.;726A;;Veicolo in marcia contro veicolo fermo;Rettilineo;Una carreggiata a doppio senso;Asciutto;Asfaltata;Orizzontale;Sereno;Normale;Buona;;0;0;0;3;12.4803;41.9599;-1;2;Autovettura privata;In marcia / fermata / arresto;Passeggero;M;Illeso;0;;;
6080021;20;08/08/2022 22:35:00;Regionale entro l'abitato;VIA CASSIA;in prossimit�;;del civico n.;1730;;Investimento di pedone;Rettilineo;Una carreggiata a doppio senso;Asciutto;Asfaltata;Verticale ed orizzontale;Sereno;Scarso;Sufficiente;;0;0;1;2;12.3791;42.009;-1;;;;Pedone;M;Prognosi riservata;0;DECEDUTO ENTRO 2 MESI;;
6080021;20;08/08/2022 22:35:00;Regionale entro l'abitato;VIA CASSIA;in prossimit�;;del civico n.;1730;;Investimento di pedone;Rettilineo;Una carreggiata a doppio senso;Asciutto;Asfaltata;Verticale ed orizzontale;Sereno;Scarso;Sufficiente;;0;0;1;2;12.3791;42.009;-1;1;Autocarro inferiore 35 q.;In marcia / fermata / arresto;Conducente;F;Illeso;0;;Non accertato;
6080021;20;08/08/2022 22:35:00;Regionale entro l'abitato;VIA CASSIA;in prossimit�;;del civico n.;1730;;Investimento di pedone;Rettilineo;Una carreggiata a doppio senso;Asciutto;Asfaltata;Verticale ed orizzontale;Sereno;Scarso;Sufficiente;;0;0;1;2;12.3791;42.009;-1;1;Autocarro inferiore 35 q.;In marcia / fermata / arresto;Passeggero;F;Illeso;0;;Non accertato;
6080023;11;08/08/2022 10:45:00;Strada Urbana;VIA CRISTOFORO COLOMBO;in prossimit�;;del palo luce n.;303;;Tamponamento;Rettilineo;Pi� di due carreggiate;Asciutto;Asfaltata;Verticale ed orizzontale;Sereno;Normale;Buona;;1;0;0;1;12.4872;41.8519;-1;1;Autovettura privata;In marcia / fermata / arresto;Conducente;M;Illeso;0;;;
6080023;11;08/08/2022 10:45:00;Strada Urbana;VIA CRISTOFORO COLOMBO;in prossimit�;;del palo luce n.;303;;Tamponamento;Rettilineo;Pi� di due carreggiate;Asciutto;Asfaltata;Verticale ed orizzontale;Sereno;Normale;Buona;;1;0;0;1;12.4872;41.8519;-1;2;Motociclo a solo;In marcia / fermata / arresto;Conducente;M;Rimandato;0;NON DECEDUTO;;
6080028;7;08/08/2022 09:45:00;Strada Urbana;VIA DEI PLATANI;in prossimit�;;del civico n.;140;;Investimento di pedone;Rettilineo;Una carreggiata a doppio senso;Asciutto;Asfaltata;Orizzontale;Sereno;Normale;Buona;;0;1;0;1;12.5701;41.8808;-1;;;;Pedone;F;Prognosi riservata;0;NON DECEDUTO;;
6080028;7;08/08/2022 09:45:00;Strada Urbana;VIA DEI PLATANI;in prossimit�;;del civico n.;140;;Investimento di pedone;Rettilineo;Una carreggiata a doppio senso;Asciutto;Asfaltata;Orizzontale;Sereno;Normale;Buona;;0;1;0;1;12.5701;41.8808;-1;1;Autovettura privata;In marcia / fermata / arresto;Conducente;M;Illeso;0;;Non accertato;Inesploso
6080030;1;08/08/2022 15:40:00;Strada Urbana;VIALE AVENTINO;all'intersezione con;VIA DEL CIRCO MASSIMO;VIA DEL CIRCO MASSIMO;;;Infortunio per caduta del veicolo;Intersezione stradale segnalata;Pi� di due carreggiate;Asciutto;Asfaltata;Verticale ed orizzontale;Sereno;Scarso;Buona;;1;0;0;0;12.4883;41.8836;0;1;Motociclo a solo;In marcia / fermata / arresto;Conducente;M;Rifiuta cure immediate;0;NON DECEDUTO;Non accertato;
6080031;12;08/08/2022 22:30:00;Comunale extraurbana;VIA DELLA STAZIONE DI PAVONA;all'intersezione con;VIA PIETRELCINA;VIA PIETRELCINA;;;Scontro frontale/laterale DX fra veicoli in marcia;Incrocio;Una carreggiata a doppio senso;Asciutto;Asfaltata;Verticale;Sereno;Scarso;Sufficiente;;0;0;0;2;12.5834;41.7196;-1;1;Autovettura privata;In marcia / fermata / arresto;Conducente;M;Illeso;0;;;
6080031;12;08/08/2022 22:30:00;Comunale extraurbana;VIA DELLA STAZIONE DI PAVONA;all'intersezione con;VIA PIETRELCINA;VIA PIETRELCINA;;;Scontro frontale/laterale DX fra veicoli in marcia;Incrocio;Una carreggiata a doppio senso;Asciutto;Asfaltata;Verticale;Sereno;Scarso;Sufficiente;;0;0;0;2;12.5834;41.7196;-1;2;Autovettura privata;In marcia / fermata / arresto;Conducente;M;Illeso;0;;;
6080054;1;08/08/2022 11:10:00;Strada Urbana;VIA DELLA NAVICELLA;da specificare;;;;fronte civ 2;Scontro frontale/laterale SX fra veicoli in marcia;Rettilineo;Una carreggiata a doppio senso;Asciutto;Asfaltata;Verticale ed orizzontale;Sereno;Normale;Buona;;1;0;0;2;12.4963;41.8839;-1;1;Autovettura privata;In marcia / fermata / arresto;Conducente;M;Illeso;0;;Non accertato;Inesploso
6080054;1;08/08/2022 11:10:00;Strada Urbana;VIA DELLA NAVICELLA;da specificare;;;;fronte civ 2;Scontro frontale/laterale SX fra veicoli in marcia;Rettilineo;Una carreggiata a doppio senso;Asciutto;Asfaltata;Verticale ed orizzontale;Sereno;Normale;Buona;;1;0;0;2;12.4963;41.8839;-1;1;Autovettura privata;In marcia / fermata / arresto;Passeggero;F;Illeso;0;;Non accertato;
6080054;1;08/08/2022 11:10:00;Strada Urbana;VIA DELLA NAVICELLA;da specificare;;;;fronte civ 2;Scontro frontale/laterale SX fra veicoli in marcia;Rettilineo;Una carreggiata a doppio senso;Asciutto;Asfaltata;Verticale ed orizzontale;Sereno;Normale;Buona;;1;0;0;2;12.4963;41.8839;-1;2;Motociclo a solo;In marcia / fermata / arresto;Conducente;F;Rimandato;0;NON DECEDUTO;Non accertato;
6080058;11;08/08/2022 10:50:00;Strada Urbana;VIALE PICO DELLA MIRANDOLA;all'intersezione semaforizzata con;PIAZZALE DEI CADUTI DELLA MONTAGNOLA;PIAZZALE DEI CADUTI DELLA MONTAGNOLA;;;Investimento di pedone;Intersezione semaforizzata;Due carreggiate;Asciutto;Asfaltata;Verticale ed orizzontale;Sereno;Scarso;Buona;;2;0;0;1;12.4841;41.8449;-1;;;;Pedone;F;Rimandato;0;NON DECEDUTO;;
6080058;11;08/08/2022 10:50:00;Strada Urbana;VIALE PICO DELLA MIRANDOLA;all'intersezione semaforizzata con;PIAZZALE DEI CADUTI DELLA MONTAGNOLA;PIAZZALE DEI CADUTI DELLA MONTAGNOLA;;;Investimento di pedone;Intersezione semaforizzata;Due carreggiate;Asciutto;Asfaltata;Verticale ed orizzontale;Sereno;Scarso;Buona;;2;0;0;1;12.4841;41.8449;-1;;;;Pedone;F;Rimandato;0;NON DECEDUTO;;
6080058;11;08/08/2022 10:50:00;Strada Urbana;VIALE PICO DELLA MIRANDOLA;all'intersezione semaforizzata con;PIAZZALE DEI CADUTI DELLA MONTAGNOLA;PIAZZALE DEI CADUTI DELLA MONTAGNOLA;;;Investimento di pedone;Intersezione semaforizzata;Due carreggiate;Asciutto;Asfaltata;Verticale ed orizzontale;Sereno;Scarso;Buona;;2;0;0;1;12.4841;41.8449;-1;1;Autovettura privata;In marcia / fermata / arresto;Conducente;M;Illeso;0;;Non accertato;Inesploso
6080082;7;08/08/2022 15:26:00;Strada Urbana;VIA PRENESTINA;all'intersezione con;G.R.A. bretella corsia interna ;G.R.A. bretella corsia interna ;;;Scontro frontale/laterale DX fra veicoli in marcia;Intersezione stradale segnalata;Una carreggiata a doppio senso;Asciutto;Asfaltata;Verticale ed orizzontale;Sereno;Normale;Buona;;0;0;0;2;12.6155;41.8933;-1;1;Autovettura privata;In marcia / fermata / arresto;Conducente;M;Illeso;0;;;
6080082;7;08/08/2022 15:26:00;Strada Urbana;VIA PRENESTINA;all'intersezione con;G.R.A. bretella corsia interna ;G.R.A. bretella corsia interna ;;;Scontro frontale/laterale DX fra veicoli in marcia;Intersezione stradale segnalata;Una carreggiata a doppio senso;Asciutto;Asfaltata;Verticale ed orizzontale;Sereno;Normale;Buona;;0;0;0;2;12.6155;41.8933;-1;2;Autovettura privata;In marcia / fermata / arresto;Conducente;M;Illeso;0;;;
6080090;20;08/08/2022 15:10:00;Strada Urbana;VIA CAVALESE;all'intersezione con;VIA SIUSI;VIA SIUSI;;;Veicolo in marcia contro ostacolo fisso;Incrocio;Una carreggiata a doppio senso;Asciutto;Asfaltata;Assente;Sereno;Scarso;Buona;;0;0;0;2;12.4398;41.9434;-1;1;Autocarro inferiore 35 q.;In marcia / fermata / arresto;Conducente;M;Illeso;0;;Non accertato;Inesploso
6080090;20;08/08/2022 15:10:00;Strada Urbana;VIA CAVALESE;all'intersezione con;VIA SIUSI;VIA SIUSI;;;Veicolo in marcia contro ostacolo fisso;Incrocio;Una carreggiata a doppio senso;Asciutto;Asfaltata;Assente;Sereno;Scarso;Buona;;0;0;0;2;12.4398;41.9434;-1;1;Autocarro inferiore 35 q.;In marcia / fermata / arresto;Passeggero;M;Illeso;0;;Non accertato;Inesploso
6080094;9;08/08/2022 17:30:00;Strada Urbana;VIA BARTOLOMEO PLATINA;in prossimit�;;del civico n.;1/B;;Veicolo in marcia contro veicolo in sosta;Rettilineo;Una carreggiata a doppio senso;Asciutto;Asfaltata;Verticale ed orizzontale;Sereno;Scarso;Buona;;1;0;0;0;12.5168;41.8696;-1;1;Autovettura privata;In marcia / fermata / arresto;Conducente;M;Rimandato;0;NON DECEDUTO;Non accertato;Inesploso
6080094;9;08/08/2022 17:30:00;Strada Urbana;VIA BARTOLOMEO PLATINA;in prossimit�;;del civico n.;1/B;;Veicolo in marcia contro veicolo in sosta;Rettilineo;Una carreggiata a doppio senso;Asciutto;Asfaltata;Verticale ed orizzontale;Sereno;Scarso;Buona;;1;0;0;0;12.5168;41.8696;-1;2;Autovettura privata;Sosta;;;;;;;