Protocollo;Gruppo;DataOraIncidente;Localizzazione1;STRADA1;Localizzazione2;STRADA2;Strada02;Chilometrica;DaSpecificare;NaturaIncidente;particolaritastrade;TipoStrada;FondoStradale;Pavimentazione;Segnaletica;CondizioneAtmosferica;Traffico;Visibilita;Illuminazione;NUM_FERITI;NUM_RISERVATA;NUM_MORTI;NUM_ILLESI;Longitude;Latitude;Confermato;Progressivo;TipoVeicolo;StatoVeicolo;TipoPersona;Sesso;Tipolesione;Deceduto;DecedutoDopo;CinturaCascoUtilizzato;Airbag;
6080100;11;09/08/2022 00:20:00;Strada Urbana;VIALE GUGLIELMO MARCONI;all'intersezione semaforizzata con;VIA VALCO DI S. PAOLO;VIA VALCO DI S. PAOLO;;;Scontro frontale/laterale SX fra veicoli in marcia;Intersezione semaforizzata;Due carreggiate;Asciutto;Asfaltata;Verticale ed orizzontale;Sereno;Scarso;Sufficiente;;4;0;0;0;12.4744;41.85;-1;1;Autovettura privata;In marcia / fermata / arresto;Conducente;F;Rifiuta cure immediate;0;NON DECEDUTO;Non accertato;
6080100;11;09/08/2022 00:20:00;Strada Urbana;VIALE GUGLIELMO MARCONI;all'intersezione semaforizzata con;VIA VALCO DI S. PAOLO;VIA VALCO DI S. PAOLO;;;Scontro frontale/laterale SX fra veicoli in marcia;Intersezione semaforizzata;Due carreggiate;Asciutto;Asfaltata;Verticale ed orizzontale;Sereno;Scarso;Sufficiente;;4;0;0;0;12.4744;41.85;-1;2;Autovettura privata;In marcia / fermata / arresto;Conducente;F;Rimandato;0;NON DECEDUTO;Non accertato;
6080100;11;09/08/2022 00:20:00;Strada Urbana;VIALE GUGLIELMO MARCONI;all'intersezione semaforizzata con;VIA VALCO DI S. PAOLO;VIA VALCO DI S. PAOLO;;;Scontro frontale/laterale SX fra veicoli in marcia;Intersezione semaforizzata;Due carreggiate;Asciutto;Asfaltata;Verticale ed orizzontale;Sereno;Scarso;Sufficiente;;4;0;0;0;12.4744;41.85;-1;2;Autovettura privata;In marcia / fermata / arresto;Passeggero;F;Rimandato;0;NON DECEDUTO;Non accertato;
6080100;11;09/08/2022 00:20:00;Strada Urbana;VIALE GUGLIELMO MARCONI;all'intersezione semaforizzata con;VIA VALCO DI S. PAOLO;VIA VALCO DI S. PAOLO;;;Scontro frontale/laterale SX fra veicoli in marcia;Intersezione semaforizzata;Due carreggiate;Asciutto;Asfaltata;Verticale ed orizzontale;Sereno;Scarso;Sufficiente;;4;0;0;0;12.4744;41.85;-1;2;Autovettura privata;In marcia / fermata / arresto;Passeggero;F;Rifiuta cure immediate;0;NON DECEDUTO;Non accertato;
6080103;19;08/08/2022 18:15:00;Strada Urbana;VIA DI BOCCEA;in corrispondenza;;del civico n.;971;;Scontro frontale/laterale SX fra veicoli in marcia;Rettilineo;Una carreggiata a doppio senso;Asciutto;Asfaltata;Verticale ed orizzontale;Sereno;Normale;Buona;;3;0;0;0;12.3445;41.9304;-1;1;Autovettura privata;In marcia / fermata / arresto;Conducente;M;Rimandato;0;NON DECEDUTO;Non accertato;Esploso
6080103;19;08/08/2022 18:15:00;Strada Urbana;VIA DI BOCCEA;in corrispondenza;;del civico n.;971;;Scontro frontale/laterale SX fra veicoli in marcia;Rettilineo;Una carreggiata a doppio senso;Asciutto;Asfaltata;Verticale ed orizzontale;Sereno;Normale;Buona;;3;0;0;0;12.3445;41.9304;-1;2;Autovettura privata;In marcia / fermata / arresto;Conducente;M;Rimandato;0;NON DECEDUTO;Non accertato;Esploso
6080103;19;08/08/2022 18:15:00;Strada Urbana;VIA DI BOCCEA;in corrispondenza;;del civico n.;971;;Scontro frontale/laterale SX fra veicoli in marcia;Rettilineo;Una carreggiata a doppio senso;Asciutto;Asfaltata;Verticale ed orizzontale;Sereno;Normale;Buona;;3;0;0;0;12.3445;41.9304;-1;3;Autovettura privata;In marcia / fermata / arresto;Conducente;F;Rimandato;0;NON DECEDUTO;Non accertato;Inesploso
6080115;10;08/08/2022 12:00:00;Strada Urbana;VIA TUSCOLANA;in prossimit�;;del civico n.;1152;;Scontro frontale/laterale SX fra veicoli in marcia;Rettilineo;Due carreggiate;Asciutto;Asfaltata;Verticale ed orizzontale;Sereno;Normale;Buona;;0;0;0;2;12.5604;41.8578;-1;1;Autocarro superiore 35 q.;In marcia / fermata / arresto;Conducente;M;Illeso;0;;Non accertato;Inesploso
6080115;10;08/08/2022 12:00:00;Strada Urbana;VIA TUSCOLANA;in prossimit�;;del civico n.;1152;;Scontro frontale/laterale SX fra veicoli in marcia;Rettilineo;Due carreggiate;Asciutto;Asfaltata;Verticale ed orizzontale;Sereno;Normale;Buona;;0;0;0;2;12.5604;41.8578;-1;2;Autovettura privata;In marcia / fermata / arresto;Conducente;M;Illeso;0;;Non accertato;Inesploso
6080132;10;08/08/2022 14:00:00;Strada Urbana;VIA FILOMUSI GUELFI;all'intersezione con;VIA CARLO FADDA;VIA CARLO FADDA;;;Scontro frontale/laterale SX fra veicoli in marcia;Incrocio;Due carreggiate;Asciutto;Asfaltata;Verticale ed orizzontale;Sereno;Normale;Buona;;0;0;0;4;12.571;41.8625;-1;1;Autovettura privata;In marcia / fermata / arresto;Conducente;M;Illeso;0;;Non accertato;Inesploso
6080132;10;08/08/2022 14:00:00;Strada Urbana;VIA FILOMUSI GUELFI;all'intersezione con;VIA CARLO FADDA;VIA CARLO FADDA;;;Scontro frontale/laterale SX fra veicoli in marcia;Incrocio;Due carreggiate;Asciutto;Asfaltata;Verticale ed orizzontale;Sereno;Normale;Buona;;0;0;0;4;12.571;41.8625;-1;1;Autovettura privata;In marcia / fermata / arresto;Passeggero;M;Illeso;0;;Non accertato;Inesploso
6080132;10;08/08/2022 14:00:00;Strada Urbana;VIA FILOMUSI GUELFI;all'intersezione con;VIA CARLO FADDA;VIA CARLO FADDA;;;Scontro frontale/laterale SX fra veicoli in marcia;Incrocio;Due carreggiate;Asciutto;Asfaltata;Verticale ed orizzontale;Sereno;Normale;Buona;;0;0;0;4;12.571;41.8625;-1;2;Autovettura privata;In marcia / fermata / arresto;Conducente;M;Illeso;0;;Non accertato;Inesploso
6080132;10;08/08/2022 14:00:00;Strada Urbana;VIA FILOMUSI GUELFI;all'intersezione con;VIA CARLO FADDA;VIA CARLO FADDA;;;Scontro frontale/laterale SX fra veicoli in marcia;Incrocio;Due carreggiate;Asciutto;Asfaltata;Verticale ed orizzontale;Sereno;Normale;Buona;;0;0;0;4;12.571;41.8625;-1;2;Autovettura privata;In marcia / fermata / arresto;Passeggero;F;Illeso;0;;Non accertato;Inesploso
6080135;16;08/08/2022 10:10:00;Strada Urbana;PIAZZA DI DONNA OLIMPIA;all'intersezione con;VIA DI DONNA OLIMPIA;VIA DI DONNA OLIMPIA;;;Scontro frontale/laterale DX fra veicoli in marcia;Incrocio;Una carreggiata a doppio senso;Asciutto;Asfaltata;Verticale ed orizzontale;Sereno;Normale;Buona;;0;0;0;3;12.4525;41.8776;-1;1;Autocarro inferiore 35 q.;In marcia / fermata / arresto;Conducente;M;Illeso;0;;Non accertato;Inesploso
6080135;16;08/08/2022 10:10:00;Strada Urbana;PIAZZA DI DONNA OLIMPIA;all'intersezione con;VIA DI DONNA OLIMPIA;VIA DI DONNA OLIMPIA;;;Scontro frontale/laterale DX fra veicoli in marcia;Incrocio;Una carreggiata a doppio senso;Asciutto;Asfaltata;Verticale ed orizzontale;Sereno;Normale;Buona;;0;0;0;3;12.4525;41.8776;-1;1;Autocarro inferiore 35 q.;In marcia / fermata / arresto;Passeggero;M;Illeso;0;;Non accertato;Inesploso
6080135;16;08/08/2022 10:10:00;Strada Urbana;PIAZZA DI DONNA OLIMPIA;all'intersezione con;VIA DI DONNA OLIMPIA;VIA DI DONNA OLIMPIA;;;Scontro frontale/laterale DX fra veicoli in marcia;Incrocio;Una carreggiata a doppio senso;Asciutto;Asfaltata;Verticale ed orizzontale;Sereno;Normale;Buona;;0;0;0;3;12.4525;41.8776;-1;2;Autovettura privata;In marcia / fermata / arresto;Conducente;M;Illeso;0;;Non accertato;Inesploso
6080136;1;07/08/2022 14:40:00;Strada Urbana;VIA DEL TRITONE;in corrispondenza;;del civico n.;49;;Scontro frontale/laterale SX fra veicoli in marcia;Rettilineo;Una carreggiata a doppio senso;Asciutto;Asfaltata;Verticale ed orizzontale;Sereno;Normale;Buona;;0;0;0;2;12.4837;41.9024;-1;1;Autovettura pubblica;In marcia / fermata / arresto;Conducente;M;Illeso;0;;;
6080136;1;07/08/2022 14:40:00;Strada Urbana;VIA DEL TRITONE;in corrispondenza;;del civico n.;49;;Scontro frontale/laterale SX fra veicoli in marcia;Rettilineo;Una carreggiata a doppio senso;Asciutto;Asfaltata;Verticale ed orizzontale;Sereno;Normale;Buona;;0;0;0;2;12.4837;41.9024;-1;2;Monopattino elettrico;In marcia / fermata / arresto;Conducente;M;Illeso;0;;;
6080144;19;08/08/2022 13:10:00;Strada Urbana;VIA LIMONE PIEMONTE;all'intersezione con;VIA GREMIASCO;VIA GREMIASCO;;;Scontro laterale fra veicoli in marcia;Incrocio;Una carreggiata a senso unico di marcia;Asciutto;Asfaltata;Verticale ed orizzontale;Sereno;Scarso;Buona;;2;0;0;1;12.2505;42.0104;-1;1;Autobus urbano;In marcia / fermata / arresto;Conducente;M;Illeso;0;;Non accertato;Inesploso
6080144;19;08/08/2022 13:10:00;Strada Urbana;VIA LIMONE PIEMONTE;all'intersezione con;VIA GREMIASCO;VIA GREMIASCO;;;Scontro laterale fra veicoli in marcia;Incrocio;Una carreggiata a senso unico di marcia;Asciutto;Asfaltata;Verticale ed orizzontale;Sereno;Scarso;Buona;;2;0;0;1;12.2505;42.0104;-1;2;Motociclo a solo;In marcia / fermata / arresto;Conducente;M;Rimandato;0;NON DECEDUTO;Non accertato;
6080144;19;08/08/2022 13:10:00;Strada Urbana;VIA LIMONE PIEMONTE;all'intersezione con;VIA GREMIASCO;VIA GREMIASCO;;;Scontro laterale fra veicoli in marcia;Incrocio;Una carreggiata a senso unico di marcia;Asciutto;Asfaltata;Verticale ed orizzontale;Sereno;Scarso;Buona;;2;0;0;1;12.2505;42.0104;-1;2;Motociclo a solo;In marcia / fermata / arresto;Passeggero;F;Rimandato;0;NON DECEDUTO;Non accertato;
6080145;10;08/08/2022 14:20:00;Strada Urbana;VIA DI TOR VERGATA;in corrispondenza;;del civico n.;325;;Tamponamento;Rettilineo;Una carreggiata a doppio senso;Asciutto;Asfaltata;Verticale ed orizzontale;Sereno;Normale;Buona;;0;0;0;2;12.6214;41.8362;-1;1;Autovettura privata;In marcia / fermata / arresto;Conducente;M;Illeso;0;;Non accertato;Inesploso
6080145;10;08/08/2022 14:20:00;Strada Urbana;VIA DI TOR VERGATA;in corrispondenza;;del civico n.;325;;Tamponamento;Rettilineo;Una carreggiata a doppio senso;Asciutto;Asfaltata;Verticale ed orizzontale;Sereno;Normale;Buona;;0;0;0;2;12.6214;41.8362;-1;2;Autovettura privata;In marcia / fermata / arresto;Conducente;M;Illeso;0;;Non accertato;Inesploso
6080163;1;07/08/2022 21:45:00;Strada Urbana;VIA GIOBERTI;all'intersezione con;VIA FILIPPO TURATI;VIA FILIPPO TURATI;;;Investimento di pedone;Incrocio;Una carreggiata a senso unico di marcia;Asciutto;Asfaltata;Orizzontale;Sereno;Normale;Buona;;2;0;0;1;12.501;41.8993;-1;;;;Pedone;M;Rimandato;0;NON DECEDUTO;;
6080163;1;07/08/2022 21:45:00;Strada Urbana;VIA GIOBERTI;all'intersezione con;VIA FILIPPO TURATI;VIA FILIPPO TURATI;;;Investimento di pedone;Incrocio;Una carreggiata a senso unico di marcia;Asciutto;Asfaltata;Orizzontale;Sereno;Normale;Buona;;2;0;0;1;12.501;41.8993;-1;;;;Pedone;M;Rimandato;0;NON DECEDUTO;;
6080163;1;07/08/2022 21:45:00;Strada Urbana;VIA GIOBERTI;all'intersezione con;VIA FILIPPO TURATI;VIA FILIPPO TURATI;;;Investimento di pedone;Incrocio;Una carreggiata a senso unico di marcia;Asciutto;Asfaltata;Orizzontale;Sereno;Normale;Buona;;2;0;0;1;12.501;41.8993;-1;1;Autovettura privata;In marcia / fermata / arresto;Conducente;M;Illeso;0;;;
6080164;10;08/08/2022 19:30:00;Strada Urbana;VIA TUSCOLANA;in corrispondenza;;del civico n.;950;;Scontro laterale fra veicoli in marcia;Rettilineo;Due carreggiate;Asciutto;Asfaltata;Verticale ed orizzontale;Sereno;Normale;Buona;;1;0;0;1;12.553;41.8615;-1;1;Autovettura privata;In marcia / fermata / arresto;Conducente;M;Illeso;0;;;
6080164;10;08/08/2022 19:30:00;Strada Urbana;VIA TUSCOLANA;in corrispondenza;;del civico n.;950;;Scontro laterale fra veicoli in marcia;Rettilineo;Due carreggiate;Asciutto;Asfaltata;Verticale ed orizzontale;Sereno;Normale;Buona;;1;0;0;1;12.553;41.8615;-1;2;Motociclo a solo;In marcia / fermata / arresto;Conducente;M;Rimandato;0;NON DECEDUTO;;
6080170;5;08/08/2022 12:00:00;Strada Urbana;VIA DI SALONE;in corrispondenza;;del civico n.;155;;Veicolo in marcia contro veicolo in sosta;Rettilineo;Una carreggiata a doppio senso;Asciutto;Asfaltata;Verticale ed orizzontale;Sereno;Scarso;Buona;;0;0;0;0;12.6282;41.9303;-1;1;Autovettura privata;Sosta;;;;;;;
6080170;5;08/08/2022 12:00:00;Strada Urbana;VIA DI SALONE;in corrispondenza;;del civico n.;155;;Veicolo in marcia contro veicolo in sosta;Rettilineo;Una carreggiata a doppio senso;Asciutto;Asfaltata;Verticale ed orizzontale;Sereno;Scarso;Buona;;0;0;0;0;12.6282;41.9303;-1;2;Autocarro inferiore 35 q.;Allontanatosi;;;;;;;
6080173;10;08/08/2022 23:30:00;Provinciale entro l'abitato;VIA ANAGNINA;in prossimit�;;del palo luce n.;136;;Veicolo in marcia contro ostacolo fisso;Rettilineo;Due carreggiate;Asciutto;Asfaltata;Verticale ed orizzontale;Sereno;Scarso;Sufficiente;;0;0;0;1;12.5976;41.8299;-1;1;Autovettura privata;In marcia / fermata / arresto;Conducente;M;Illeso;0;;Non accertato;Inesploso
6080175;5;08/08/2022 20:15:00;Strada Urbana;VIA DEL CASALE DI S. BASILIO;all'intersezione con;VIA RECANATI;VIA RECANATI;;;Scontro frontale/laterale DX fra veicoli in marcia;Incrocio;Una carreggiata a doppio senso;Asciutto;Asfaltata;Verticale ed orizzontale;Sereno;Scarso;Buona;;0;0;0;4;12.5818;41.9365;-1;1;Autovettura privata;In marcia / fermata / arresto;Conducente;M;Illeso;0;;Non accertato;Inesploso
6080175;5;08/08/2022 20:15:00;Strada Urbana;VIA DEL CASALE DI S. BASILIO;all'intersezione con;VIA RECANATI;VIA RECANATI;;;Scontro frontale/laterale DX fra veicoli in marcia;Incrocio;Una carreggiata a doppio senso;Asciutto;Asfaltata;Verticale ed orizzontale;Sereno;Scarso;Buona;;0;0;0;4;12.5818;41.9365;-1;1;Autovettura privata;In marcia / fermata / arresto;Passeggero;F;Illeso;0;;Non accertato;Inesploso
6080175;5;08/08/2022 20:15:00;Strada Urbana;VIA DEL CASALE DI S. BASILIO;all'intersezione con;VIA RECANATI;VIA RECANATI;;;Scontro frontale/laterale DX fra veicoli in marcia;Incrocio;Una carreggiata a doppio senso;Asciutto;Asfaltata;Verticale ed orizzontale;Sereno;Scarso;Buona;;0;0;0;4;12.5818;41.9365;-1;1;Autovettura privata;In marcia / fermata / arresto;Passeggero;F;Illeso;0;;Non accertato;Inesploso
6080175;5;08/08/2022 20:15:00;Strada Urbana;VIA DEL CASALE DI S. BASILIO;all'intersezione con;VIA RECANATI;VIA RECANATI;;;Scontro frontale/laterale DX fra veicoli in marcia;Incrocio;Una carreggiata a doppio senso;Asciutto;Asfaltata;Verticale ed orizzontale;Sereno;Scarso;Buona;;0;0;0;4;12.5818;41.9365;-1;2;Autovettura privata;In marcia / fermata / arresto;Conducente;M;Illeso;0;;Non accertato;Inesploso
6080177;7;08/08/2022 17:00:00;Strada Urbana;VIA COLLATINA;in prossimit�;;del civico n.;381;;Investimento di pedone;Rettilineo;Una carreggiata a doppio senso;Asciutto;Asfaltata;Verticale ed orizzontale;Sereno;Normale;Buona;;1;0;0;1;12.5693;41.8893;-1;;;;Pedone;F;Rifiuta cure immediate;0;NON DECEDUTO;;
6080177;7;08/08/2022 17:00:00;Strada Urbana;VIA COLLATINA;in prossimit�;;del civico n.;381;;Investimento di pedone;Rettilineo;Una carreggiata a doppio senso;Asciutto;Asfaltata;Verticale ed orizzontale;Sereno;Normale;Buona;;1;0;0;1;12.5693;41.8893;-1;1;Autovettura privata;In marcia / fermata / arresto;Conducente;F;Illeso;0;;;
6080179;5;08/08/2022 22:55:00;Strada Urbana;VIA DI PORTONACCIO;da specificare;;;;FRONTE CIVIVO 13;Scontro laterale fra veicoli in marcia;Rettilineo;Una carreggiata a doppio senso;Asciutto;Asfaltata;Orizzontale;Sereno;Normale;Sufficiente;;1;0;0;0;12.5347;41.9072;-1;1;Velocipede;In marcia / fermata / arresto;Conducente;M;Rimandato;0;NON DECEDUTO;Esente;
6080179;5;08/08/2022 22:55:00;Strada Urbana;VIA DI PORTONACCIO;da specificare;;;;FRONTE CIVIVO 13;Scontro laterale fra veicoli in marcia;Rettilineo;Una carreggiata a doppio senso;Asciutto;Asfaltata;Orizzontale;Sereno;Normale;Sufficiente;;1;0;0;0;12.5347;41.9072;-1;2;Autovettura privata;Allontanatosi;;;;;;;
6080182;1;08/08/2022 11:15:00;Strada Urbana;LUNGOTEVERE DEI SANGALLO;in corrispondenza;;del palo luce n.;7;;Tamponamento;Rettilineo;Una carreggiata a senso unico di marcia;Asciutto;Asfaltata;Verticale;Sereno;Normale;Buona;;0;0;0;3;12.4652;41.898;0;1;Autovettura privata;In marcia / fermata / arresto;Conducente;M;Illeso;0;;Non accertato;Inesploso
6080182;1;08/08/2022 11:15:00;Strada Urbana;LUNGOTEVERE DEI SANGALLO;in corrispondenza;;del palo luce n.;7;;Tamponamento;Rettilineo;Una carreggiata a senso unico di marcia;Asciutto;Asfaltata;Verticale;Sereno;Normale;Buona;;0;0;0;3;12.4652;41.898;0;1;Autovettura privata;In marcia / fermata / arresto;Passeggero;F;Illeso;0;;Non accertato;Inesploso
6080182;1;08/08/2022 11:15:00;Strada Urbana;LUNGOTEVERE DEI SANGALLO;in corrispondenza;;del palo luce n.;7;;Tamponamento;Rettilineo;Una carreggiata a senso unico di marcia;Asciutto;Asfaltata;Verticale;Sereno;Normale;Buona;;0;0;0;3;12.4652;41.898;0;2;Autovettura privata;In marcia / fermata / arresto;Conducente;M;Illeso;0;;Non accertato;Inesploso
6080188;7;08/08/2022 22:45:00;Strada Urbana;VIA DEI NOCI;in prossimit�;;del civico n.;21;;Scontro laterale fra veicoli in marcia;Rettilineo;Una carreggiata a senso unico di marcia;Asciutto;Asfaltata;Assente;Sereno;Normale;Buona;;0;0;0;1;12.5651;41.8836;-1;1;Autocarro inferiore 35 q.;In marcia / fermata / arresto;Conducente;M;Illeso;0;;;
6080188;7;08/08/2022 22:45:00;Strada Urbana;VIA DEI NOCI;in prossimit�;;del civico n.;21;;Scontro laterale fra veicoli in marcia;Rettilineo;Una carreggiata a senso unico di marcia;Asciutto;Asfaltata;Assente;Sereno;Normale;Buona;;0;0;0;1;12.5651;41.8836;-1;2;Autovettura privata;In marcia / fermata / arresto;;;;;;;
6080195;16;08/08/2022 12:00:00;Strada Urbana;VIA SILVESTRI;da specificare;;;;in corrispondenza del fronte civico 334;Tamponamento;Rettilineo;Una carreggiata a doppio senso;Asciutto;Asfaltata;Verticale ed orizzontale;Sereno;Normale;Buona;;0;0;0;3;12.4324;41.8778;-1;1;Autovettura privata;In marcia / fermata / arresto;Conducente;F;Illeso;0;;Non accertato;Inesploso
6080195;16;08/08/2022 12:00:00;Strada Urbana;VIA SILVESTRI;da specificare;;;;in corrispondenza del fronte civico 334;Tamponamento;Rettilineo;Una carreggiata a doppio senso;Asciutto;Asfaltata;Verticale ed orizzontale;Sereno;Normale;Buona;;0;0;0;3;12.4324;41.8778;-1;1;Autovettura privata;In marcia / fermata / arresto;Passeggero;F;Illeso;0;;Non accertato;Inesploso
6080195;16;08/08/2022 12:00:00;Strada Urbana;VIA SILVESTRI;da specificare;;;;in corrispondenza del fronte civico 334;Tamponamento;Rettilineo;Una carreggiata a doppio senso;Asciutto;Asfaltata;Verticale ed orizzontale;Sereno;Normale;Buona;;0;0;0;3;12.4324;41.8778;-1;2;Autovettura privata;In marcia / fermata / arresto;Conducente;M;Illeso;0;;Non accertato;Inesploso
6080210;17;06/08/2022 14:30:00;Strada Urbana;VIALE GIUSEPPE MAZZINI;all'intersezione con;VIA MONTE SANTO;VIA MONTE SANTO;;;Scontro frontale/laterale SX fra veicoli in marcia;Incrocio;Due carreggiate;Asciutto;Asfaltata;Verticale ed orizzontale;Sereno;Scarso;Buona;;0;0;0;3;12.4626;41.9158;-1;1;Autovettura pubblica;In marcia / fermata / arresto;Conducente;M;Illeso;0;;;
6080210;17;06/08/2022 14:30:00;Strada Urbana;VIALE GIUSEPPE MAZZINI;all'intersezione con;VIA MONTE SANTO;VIA MONTE SANTO;;;Scontro frontale/laterale SX fra veicoli in marcia;Incrocio;Due carreggiate;Asciutto;Asfaltata;Verticale ed orizzontale;Sereno;Scarso;Buona;;0;0;0;3;12.4626;41.9158;-1;2;Autovettura privata;In marcia / fermata / arresto;Conducente;M;Illeso;0;;;
6080210;17;06/08/2022 14:30:00;Strada Urbana;VIALE GIUSEPPE MAZZINI;all'intersezione con;VIA MONTE SANTO;VIA MONTE SANTO;;;Scontro frontale/laterale SX fra veicoli in marcia;Incrocio;Due carreggiate;Asciutto;Asfaltata;Verticale ed orizzontale;Sereno;Scarso;Buona;;0;0;0;3;12.4626;41.9158;-1;2;Autovettura privata;In marcia / fermata / arresto;Passeggero;F;Illeso;0;;;
6080224;17;07/08/2022 11:40:00;;VIA AURELIA;in prossimit�;;del civico n.;14;;Tamponamento;;;;;;;;;;0;0;0;2;12.4532;41.8999;0;1;Autovettura privata;In marcia / fermata / arresto;Conducente;F;Illeso;0;;;
6080224;17;07/08/2022 11:40:00;;VIA AURELIA;in prossimit�;;del civico n.;14;;Tamponamento;;;;;;;;;;0;0;0;2;12.4532;41.8999;0;2;Autovettura di polizia;In marcia / fermata / arresto;Conducente;M;Illeso;0;;;
6080230;16;08/08/2022 13:45:00;Strada Urbana;CIRCONVALLAZIONE GIANICOLENSE;all'intersezione semaforizzata con;VIA EDOARDO JENNER;VIA EDOARDO JENNER;;;Scontro frontale/laterale DX fra veicoli in marcia;Intersezione semaforizzata;Pi� di due carreggiate;Asciutto;Asfaltata;Verticale ed orizzontale;Sereno;Normale;Buona;;1;0;0;4;12.4496;41.8725;-1;1;Autoambulanza;In marcia / fermata / arresto;Conducente;M;Illeso;0;;Non accertato;Inesploso
6080230;16;08/08/2022 13:45:00;Strada Urbana;CIRCONVALLAZIONE GIANICOLENSE;all'intersezione semaforizzata con;VIA EDOARDO JENNER;VIA EDOARDO JENNER;;;Scontro frontale/laterale DX fra veicoli in marcia;Intersezione semaforizzata;Pi� di due carreggiate;Asciutto;Asfaltata;Verticale ed orizzontale;Sereno;Normale;Buona;;1;0;0;4;12.4496;41.8725;-1;1;Autoambulanza;In marcia / fermata / arresto;Passeggero;M;Illeso;0;;Non accertato;Inesploso
6080230;16;08/08/2022 13:45:00;Strada Urbana;CIRCONVALLAZIONE GIANICOLENSE;all'intersezione semaforizzata con;VIA EDOARDO JENNER;VIA EDOARDO JENNER;;;Scontro frontale/laterale DX fra veicoli in marcia;Intersezione semaforizzata;Pi� di due carreggiate;Asciutto;Asfaltata;Verticale ed orizzontale;Sereno;Normale;Buona;;1;0;0;4;12.4496;41.8725;-1;1;Autoambulanza;In marcia / fermata / arresto;Passeggero;M;Illeso;0;;Non accertato;Inesploso
6080230;16;08/08/2022 13:45:00;Strada Urbana;CIRCONVALLAZIONE GIANICOLENSE;all'intersezione semaforizzata con;VIA EDOARDO JENNER;VIA EDOARDO JENNER;;;Scontro frontale/laterale DX fra veicoli in marcia;Intersezione semaforizzata;Pi� di due carreggiate;Asciutto;Asfaltata;Verticale ed orizzontale;Sereno;Normale;Buona;;1;0;0;4;12.4496;41.8725;-1;1;Autoambulanza;In marcia / fermata / arresto;Passeggero;F;Rimandato;0;NON DECEDUTO;Non accertato;Inesploso
6080230;16;08/08/2022 13:45:00;Strada Urbana;CIRCONVALLAZIONE GIANICOLENSE;all'intersezione semaforizzata con;VIA EDOARDO JENNER;VIA EDOARDO JENNER;;;Scontro frontale/laterale DX fra veicoli in marcia;Intersezione semaforizzata;Pi� di due carreggiate;Asciutto;Asfaltata;Verticale ed orizzontale;Sereno;Normale;Buona;;1;0;0;4;12.4496;41.8725;-1;2;Autovettura privata;In marcia / fermata / arresto;Conducente;M;Illeso;0;;Non accertato;Inesploso
6080239;17;08/08/2022 02:15:00;Strada Urbana;VIA GIOVANNI BETTOLO;da specificare;;;;fronte civ. 9;Veicolo in marcia contro ostacolo fisso;Rettilineo;Una carreggiata a senso unico di marcia;Asciutto;Asfaltata;Verticale ed orizzontale;Sereno;Scarso;Buona;;0;0;0;0;12.4566;41.9118;0;1;Autovettura privata;In marcia / fermata / arresto;;;;;;;
6080261;1;08/08/2022 13:00:00;Strada Urbana;VIALE DI TRASTEVERE;in prossimit�;;del civico n.;91;;Veicolo in marcia contro veicolo fermo;Rettilineo;Pi� di due carreggiate;Asciutto;Asfaltata;Verticale ed orizzontale;Sereno;Scarso;Buona;;0;0;0;2;12.4724;41.8868;-1;1;Autovettura pubblica;In marcia / fermata / arresto;Conducente;M;Illeso;0;;;
6080261;1;08/08/2022 13:00:00;Strada Urbana;VIALE DI TRASTEVERE;in prossimit�;;del civico n.;91;;Veicolo in marcia contro veicolo fermo;Rettilineo;Pi� di due carreggiate;Asciutto;Asfaltata;Verticale ed orizzontale;Sereno;Scarso;Buona;;0;0;0;2;12.4724;41.8868;-1;2;Autovettura privata;In marcia / fermata / arresto;Conducente;M;Illeso;0;;;
6080282;23;09/08/2022 01:00:00;Strada Urbana;VIA TUSCOLANA;all'intersezione semaforizzata con;VIA VALERIO PUBLICOLA;VIA VALERIO PUBLICOLA;;;Tamponamento;Intersezione semaforizzata;Due carreggiate;Asciutto;Asfaltata;Verticale ed orizzontale;Sereno;Scarso;Buona;;0;0;0;3;12.5946;41.8457;0;1;Autovettura privata;In marcia / fermata / arresto;Conducente;M;Illeso;0;;;
6080282;23;09/08/2022 01:00:00;Strada Urbana;VIA TUSCOLANA;all'intersezione semaforizzata con;VIA VALERIO PUBLICOLA;VIA VALERIO PUBLICOLA;;;Tamponamento;Intersezione semaforizzata;Due carreggiate;Asciutto;Asfaltata;Verticale ed orizzontale;Sereno;Scarso;Buona;;0;0;0;3;12.5946;41.8457;0;1;Autovettura privata;In marcia / fermata / arresto;Passeggero;M;Illeso;0;;;
6080282;23;09/08/2022 01:00:00;Strada Urbana;VIA TUSCOLANA;all'intersezione semaforizzata con;VIA VALERIO PUBLICOLA;VIA VALERIO PUBLICOLA;;;Tamponamento;Intersezione semaforizzata;Due carreggiate;Asciutto;Asfaltata;Verticale ed orizzontale;Sereno;Scarso;Buona;;0;0;0;3;12.5946;41.8457;0;2;Autovettura privata;In marcia / fermata / arresto;Conducente;M;Illeso;0;;;