Protocollo;Gruppo;DataOraIncidente;Localizzazione1;STRADA1;Localizzazione2;STRADA2;Strada02;Chilometrica;DaSpecificare;NaturaIncidente;particolaritastrade;TipoStrada;FondoStradale;Pavimentazione;Segnaletica;CondizioneAtmosferica;Traffico;Visibilita;Illuminazione;NUM_FERITI;NUM_RISERVATA;NUM_MORTI;NUM_ILLESI;Longitude;Latitude;Confermato;Progressivo;TipoVeicolo;StatoVeicolo;TipoPersona;Sesso;Tipolesione;Deceduto;DecedutoDopo;CinturaCascoUtilizzato;Airbag;
6080289;1;08/08/2022 20:10:00;Strada Urbana;LUNGOTEVERE IN AUGUSTA;da specificare;;;;pross ponte cavour;Scontro laterale fra veicoli in marcia;Rettilineo;Una carreggiata a senso unico di marcia;Asciutto;Asfaltata;Verticale ed orizzontale;Sereno;Scarso;Sufficiente;;0;0;0;3;12.4748;41.9076;-1;1;Autovettura privata;In marcia / fermata / arresto;Conducente;M;Illeso;0;;;
6080289;1;08/08/2022 20:10:00;Strada Urbana;LUNGOTEVERE IN AUGUSTA;da specificare;;;;pross ponte cavour;Scontro laterale fra veicoli in marcia;Rettilineo;Una carreggiata a senso unico di marcia;Asciutto;Asfaltata;Verticale ed orizzontale;Sereno;Scarso;Sufficiente;;0;0;0;3;12.4748;41.9076;-1;1;Autovettura privata;In marcia / fermata / arresto;Passeggero;M;Illeso;0;;;Inesploso
6080289;1;08/08/2022 20:10:00;Strada Urbana;LUNGOTEVERE IN AUGUSTA;da specificare;;;;pross ponte cavour;Scontro laterale fra veicoli in marcia;Rettilineo;Una carreggiata a senso unico di marcia;Asciutto;Asfaltata;Verticale ed orizzontale;Sereno;Scarso;Sufficiente;;0;0;0;3;12.4748;41.9076;-1;2;Autovettura privata;In marcia / fermata / arresto;Conducente;F;Illeso;0;;;
6080310;3;06/08/2022 20:00:00;Strada Urbana;VIA VAL D'OSSOLA;all'intersezione con;VIA VALDINIEVOLE;VIA VALDINIEVOLE;;;Scontro frontale/laterale SX fra veicoli in marcia;Incrocio;Una carreggiata a senso unico di marcia;Asciutto;Asfaltata;Verticale;Sereno;Scarso;Buona;;0;0;0;3;12.5287;41.9352;-1;1;Autovettura privata;In marcia / fermata / arresto;Conducente;M;Illeso;0;;Non accertato;Inesploso
6080310;3;06/08/2022 20:00:00;Strada Urbana;VIA VAL D'OSSOLA;all'intersezione con;VIA VALDINIEVOLE;VIA VALDINIEVOLE;;;Scontro frontale/laterale SX fra veicoli in marcia;Incrocio;Una carreggiata a senso unico di marcia;Asciutto;Asfaltata;Verticale;Sereno;Scarso;Buona;;0;0;0;3;12.5287;41.9352;-1;1;Autovettura privata;In marcia / fermata / arresto;Passeggero;M;Illeso;0;;Non accertato;Inesploso
6080310;3;06/08/2022 20:00:00;Strada Urbana;VIA VAL D'OSSOLA;all'intersezione con;VIA VALDINIEVOLE;VIA VALDINIEVOLE;;;Scontro frontale/laterale SX fra veicoli in marcia;Incrocio;Una carreggiata a senso unico di marcia;Asciutto;Asfaltata;Verticale;Sereno;Scarso;Buona;;0;0;0;3;12.5287;41.9352;-1;2;Autovettura pubblica;In marcia / fermata / arresto;Conducente;M;Illeso;0;;Non accertato;Inesploso
6080320;1;08/08/2022 16:50:00;Strada Urbana;VIA DELLE TERME DI DIOCLEZIANO;in corrispondenza;;del palo luce n.;13;;Veicolo in marcia che urta buche nella carreggiata;Rettilineo;Una carreggiata a senso unico di marcia;Asciutto;In cubetti di porfido;Verticale ed orizzontale;Sereno;Scarso;Buona;;0;0;0;1;12.497;41.902;-1;1;Quadriciclo leggero;In marcia / fermata / arresto;Conducente;M;Illeso;0;;;
6080322;10;09/08/2022 08:10:00;Statale entro l'abitato;VIA TUSCOLANA;in corrispondenza;;del civico n.;1392;;Scontro frontale/laterale SX fra veicoli in marcia;Rettilineo;Due carreggiate;Asciutto;Asfaltata;Verticale ed orizzontale;Sereno;Normale;Buona;;1;0;0;2;12.5654;41.8549;-1;1;Autovettura privata;In marcia / fermata / arresto;Conducente;M;Illeso;0;;Non accertato;Inesploso
6080322;10;09/08/2022 08:10:00;Statale entro l'abitato;VIA TUSCOLANA;in corrispondenza;;del civico n.;1392;;Scontro frontale/laterale SX fra veicoli in marcia;Rettilineo;Due carreggiate;Asciutto;Asfaltata;Verticale ed orizzontale;Sereno;Normale;Buona;;1;0;0;2;12.5654;41.8549;-1;1;Autovettura privata;In marcia / fermata / arresto;Passeggero;M;Illeso;0;;Non accertato;Inesploso
6080322;10;09/08/2022 08:10:00;Statale entro l'abitato;VIA TUSCOLANA;in corrispondenza;;del civico n.;1392;;Scontro frontale/laterale SX fra veicoli in marcia;Rettilineo;Due carreggiate;Asciutto;Asfaltata;Verticale ed orizzontale;Sereno;Normale;Buona;;1;0;0;2;12.5654;41.8549;-1;2;Motociclo a solo;In marcia / fermata / arresto;Conducente;M;Rimandato;0;NON DECEDUTO;Utilizzato;
6080324;3;07/08/2022 20:25:00;Strada Urbana;VIA LORENZO IL MAGNIFICO;da specificare;;;;prossimit� via contessa di bertinoro;Veicolo in marcia contro ostacolo fisso;Rettilineo;Una carreggiata a doppio senso;Asciutto;Asfaltata;Verticale ed orizzontale;Sereno;Normale;Sufficiente;;0;0;0;0;;;0;1;Autovettura privata;Sosta;;;;;;;
6080324;3;07/08/2022 20:25:00;Strada Urbana;VIA LORENZO IL MAGNIFICO;da specificare;;;;prossimit� via contessa di bertinoro;Veicolo in marcia contro ostacolo fisso;Rettilineo;Una carreggiata a doppio senso;Asciutto;Asfaltata;Verticale ed orizzontale;Sereno;Normale;Sufficiente;;0;0;0;0;;;0;2;Ciclomotore;Sosta;;;;;;;
6080396;1;09/08/2022 09:00:00;Strada Urbana;PIAZZA DELLA CHIESA NUOVA;in corrispondenza;;del civico n.;28;;Veicolo in marcia contro veicolo in sosta;Rettilineo;Una carreggiata a senso unico di marcia;Asciutto;Asfaltata;Verticale ed orizzontale;Sereno;Scarso;Buona;;0;0;0;0;12.4692;41.8977;-1;1;Autovettura privata;Sosta;;;;;;;
6080396;1;09/08/2022 09:00:00;Strada Urbana;PIAZZA DELLA CHIESA NUOVA;in corrispondenza;;del civico n.;28;;Veicolo in marcia contro veicolo in sosta;Rettilineo;Una carreggiata a senso unico di marcia;Asciutto;Asfaltata;Verticale ed orizzontale;Sereno;Scarso;Buona;;0;0;0;0;12.4692;41.8977;-1;2;Autovettura privata;Allontanatosi;;;;;;;
6080520;15;09/08/2022 11:10:00;Strada Urbana;VIA PORTUENSE;da specificare;;;;400 mt. dopo civ. 931 direz. Via della Pisana;Veicolo in marcia contro animale;Rettilineo;Una carreggiata a doppio senso;Asciutto;Asfaltata;Orizzontale;Sereno;Scarso;Buona;;1;0;0;0;12.414;41.8469;-1;1;Autovettura privata;In marcia / fermata / arresto;Conducente;M;Rimandato;0;NON DECEDUTO;Non accertato;Inesploso
6080587;12;09/08/2022 13:15:00;Strada Urbana;VIA DELLA CECCHIGNOLA;da specificare;;;;alt. rotatoria Cecchignola/Tor Pagnotta;Veicolo in marcia contro ostacolo accidentale;Rettilineo;Una carreggiata a doppio senso;Asciutto;Asfaltata;Verticale ed orizzontale;Sereno;Scarso;Buona;;1;0;0;0;12.5116;41.8077;-1;1;Motociclo a solo;In marcia / fermata / arresto;Conducente;M;Rimandato;0;NON DECEDUTO;Non accertato;
6080664;18;07/08/2022;Strada Urbana;VIA GREGORIO VII;in prossimit�;;del civico n.;6;;Veicolo in marcia contro veicolo in sosta;Rettilineo;Pi� di due carreggiate;Asciutto;Asfaltata;Verticale ed orizzontale;Sereno;Normale;Buona;;0;0;0;0;12.4506;41.8981;-1;1;Autovettura privata;Sosta;;;;;;;
6080664;18;07/08/2022;Strada Urbana;VIA GREGORIO VII;in prossimit�;;del civico n.;6;;Veicolo in marcia contro veicolo in sosta;Rettilineo;Pi� di due carreggiate;Asciutto;Asfaltata;Verticale ed orizzontale;Sereno;Normale;Buona;;0;0;0;0;12.4506;41.8981;-1;2;Bicicletta elettrica;Allontanatosi;;;;;;;
6080797;19;09/08/2022 00:30:00;Strada Urbana;VIA DELLA STAZIONE DI CESANO;all'intersezione con;VIA DI BACCANELLO;VIA DI BACCANELLO;;;Scontro frontale fra veicoli in marcia;Incrocio;Una carreggiata a doppio senso;Asciutto;Asfaltata;Verticale ed orizzontale;Sereno;Scarso;Sufficiente;;2;0;0;1;12.3339;42.0696;-1;1;Autovettura privata;In marcia / fermata / arresto;Conducente;M;Rimandato;0;NON DECEDUTO;;
6080797;19;09/08/2022 00:30:00;Strada Urbana;VIA DELLA STAZIONE DI CESANO;all'intersezione con;VIA DI BACCANELLO;VIA DI BACCANELLO;;;Scontro frontale fra veicoli in marcia;Incrocio;Una carreggiata a doppio senso;Asciutto;Asfaltata;Verticale ed orizzontale;Sereno;Scarso;Sufficiente;;2;0;0;1;12.3339;42.0696;-1;2;Autovettura privata;In marcia / fermata / arresto;Conducente;M;Illeso;0;;;
6080797;19;09/08/2022 00:30:00;Strada Urbana;VIA DELLA STAZIONE DI CESANO;all'intersezione con;VIA DI BACCANELLO;VIA DI BACCANELLO;;;Scontro frontale fra veicoli in marcia;Incrocio;Una carreggiata a doppio senso;Asciutto;Asfaltata;Verticale ed orizzontale;Sereno;Scarso;Sufficiente;;2;0;0;1;12.3339;42.0696;-1;2;Autovettura privata;In marcia / fermata / arresto;Passeggero;F;Rimandato;0;NON DECEDUTO;;
6080884;1;08/08/2022 11:50:00;Strada Urbana;VIA VITTORIO VENETO;in prossimit�;;del civico n.;195;;Scontro laterale fra veicoli in marcia;Rettilineo;Una carreggiata a doppio senso;Asciutto;Asfaltata;Orizzontale;Sereno;Normale;Buona;;1;0;0;3;12.4888;41.9092;-1;1;Autovettura privata;In marcia / fermata / arresto;Conducente;M;Illeso;0;;Non accertato;Inesploso
6080884;1;08/08/2022 11:50:00;Strada Urbana;VIA VITTORIO VENETO;in prossimit�;;del civico n.;195;;Scontro laterale fra veicoli in marcia;Rettilineo;Una carreggiata a doppio senso;Asciutto;Asfaltata;Orizzontale;Sereno;Normale;Buona;;1;0;0;3;12.4888;41.9092;-1;1;Autovettura privata;In marcia / fermata / arresto;Passeggero;F;Illeso;0;;;
6080884;1;08/08/2022 11:50:00;Strada Urbana;VIA VITTORIO VENETO;in prossimit�;;del civico n.;195;;Scontro laterale fra veicoli in marcia;Rettilineo;Una carreggiata a doppio senso;Asciutto;Asfaltata;Orizzontale;Sereno;Normale;Buona;;1;0;0;3;12.4888;41.9092;-1;1;Autovettura privata;In marcia / fermata / arresto;Passeggero;M;Illeso;0;;;
6080884;1;08/08/2022 11:50:00;Strada Urbana;VIA VITTORIO VENETO;in prossimit�;;del civico n.;195;;Scontro laterale fra veicoli in marcia;Rettilineo;Una carreggiata a doppio senso;Asciutto;Asfaltata;Orizzontale;Sereno;Normale;Buona;;1;0;0;3;12.4888;41.9092;-1;2;Motociclo a solo;In marcia / fermata / arresto;Conducente;F;Rimandato;0;NON DECEDUTO;Non accertato;
6080900;5;09/08/2022 11:00:00;Strada Urbana;VIA DEI MONTI TIBURTINI;da specificare;;;;prossimit� via dei Durantini;Scontro laterale fra veicoli in marcia;Rettilineo;Due carreggiate;Asciutto;Asfaltata;Verticale ed orizzontale;Sereno;Normale;Buona;;0;0;0;3;12.5428;41.9172;-1;1;Autovettura privata;In marcia / fermata / arresto;Conducente;M;Illeso;0;;Non accertato;Inesploso
6080900;5;09/08/2022 11:00:00;Strada Urbana;VIA DEI MONTI TIBURTINI;da specificare;;;;prossimit� via dei Durantini;Scontro laterale fra veicoli in marcia;Rettilineo;Due carreggiate;Asciutto;Asfaltata;Verticale ed orizzontale;Sereno;Normale;Buona;;0;0;0;3;12.5428;41.9172;-1;1;Autovettura privata;In marcia / fermata / arresto;Passeggero;M;Illeso;0;;Non accertato;Inesploso
6080900;5;09/08/2022 11:00:00;Strada Urbana;VIA DEI MONTI TIBURTINI;da specificare;;;;prossimit� via dei Durantini;Scontro laterale fra veicoli in marcia;Rettilineo;Due carreggiate;Asciutto;Asfaltata;Verticale ed orizzontale;Sereno;Normale;Buona;;0;0;0;3;12.5428;41.9172;-1;2;Autovettura privata;In marcia / fermata / arresto;Conducente;F;Illeso;0;;Non accertato;Inesploso
6080925;12;09/08/2022 14:20:00;Strada Urbana;VIA DEL FOSSO DELLA SANTOLA;all'intersezione con;VIA DEL PONTE DI PISCINA CUPA;VIA DEL PONTE DI PISCINA CUPA;;;Scontro frontale/laterale DX fra veicoli in marcia;Incrocio;Pi� di due carreggiate;Asciutto;Asfaltata;Verticale ed orizzontale;Nuvoloso;Normale;Buona;;2;0;0;1;12.6889;41.7848;-1;1;Autovettura privata;In marcia / fermata / arresto;Conducente;M;Illeso;0;;;
6080925;12;09/08/2022 14:20:00;Strada Urbana;VIA DEL FOSSO DELLA SANTOLA;all'intersezione con;VIA DEL PONTE DI PISCINA CUPA;VIA DEL PONTE DI PISCINA CUPA;;;Scontro frontale/laterale DX fra veicoli in marcia;Incrocio;Pi� di due carreggiate;Asciutto;Asfaltata;Verticale ed orizzontale;Nuvoloso;Normale;Buona;;2;0;0;1;12.6889;41.7848;-1;2;Motociclo a solo;In marcia / fermata / arresto;Conducente;M;Rimandato;0;NON DECEDUTO;Non accertato;
6080925;12;09/08/2022 14:20:00;Strada Urbana;VIA DEL FOSSO DELLA SANTOLA;all'intersezione con;VIA DEL PONTE DI PISCINA CUPA;VIA DEL PONTE DI PISCINA CUPA;;;Scontro frontale/laterale DX fra veicoli in marcia;Incrocio;Pi� di due carreggiate;Asciutto;Asfaltata;Verticale ed orizzontale;Nuvoloso;Normale;Buona;;2;0;0;1;12.6889;41.7848;-1;2;Motociclo a solo;In marcia / fermata / arresto;Passeggero;F;Rimandato;0;NON DECEDUTO;;
6080927;1;09/08/2022 13:50:00;Strada Urbana;VIA DEGLI ANNIBALDI;in prossimit�;;del civico n.;7;;Tamponamento;Rettilineo;Una carreggiata a senso unico di marcia;Asciutto;Asfaltata;Verticale ed orizzontale;Nuvoloso;Normale;Buona;;0;0;0;3;12.4912;41.8936;-1;1;Monopattino elettrico;In marcia / fermata / arresto;Conducente;M;Illeso;0;;Esente;Inesistente
6080927;1;09/08/2022 13:50:00;Strada Urbana;VIA DEGLI ANNIBALDI;in prossimit�;;del civico n.;7;;Tamponamento;Rettilineo;Una carreggiata a senso unico di marcia;Asciutto;Asfaltata;Verticale ed orizzontale;Nuvoloso;Normale;Buona;;0;0;0;3;12.4912;41.8936;-1;2;Monopattino elettrico;In marcia / fermata / arresto;Conducente;M;Illeso;0;;Esente;Inesistente
6080927;1;09/08/2022 13:50:00;Strada Urbana;VIA DEGLI ANNIBALDI;in prossimit�;;del civico n.;7;;Tamponamento;Rettilineo;Una carreggiata a senso unico di marcia;Asciutto;Asfaltata;Verticale ed orizzontale;Nuvoloso;Normale;Buona;;0;0;0;3;12.4912;41.8936;-1;3;Autovettura privata;Sosta;Passeggero;M;Illeso;0;;Non accertato;Inesploso
6080930;9;09/08/2022 10:00:00;Strada Urbana;VIA ALBANO;all'intersezione con;VIA GENZANO;VIA GENZANO;;;Scontro frontale/laterale SX fra veicoli in marcia;Intersezione stradale segnalata;Una carreggiata a doppio senso;Asciutto;Asfaltata;Verticale ed orizzontale;Sereno;Scarso;Buona;;1;0;0;3;12.5322;41.8696;-1;1;Autovettura privata;In marcia / fermata / arresto;Conducente;M;Illeso;0;;Non accertato;Inesploso
6080930;9;09/08/2022 10:00:00;Strada Urbana;VIA ALBANO;all'intersezione con;VIA GENZANO;VIA GENZANO;;;Scontro frontale/laterale SX fra veicoli in marcia;Intersezione stradale segnalata;Una carreggiata a doppio senso;Asciutto;Asfaltata;Verticale ed orizzontale;Sereno;Scarso;Buona;;1;0;0;3;12.5322;41.8696;-1;1;Autovettura privata;In marcia / fermata / arresto;Passeggero;M;Illeso;0;;Non accertato;Inesploso
6080930;9;09/08/2022 10:00:00;Strada Urbana;VIA ALBANO;all'intersezione con;VIA GENZANO;VIA GENZANO;;;Scontro frontale/laterale SX fra veicoli in marcia;Intersezione stradale segnalata;Una carreggiata a doppio senso;Asciutto;Asfaltata;Verticale ed orizzontale;Sereno;Scarso;Buona;;1;0;0;3;12.5322;41.8696;-1;2;Autovettura privata;In marcia / fermata / arresto;Conducente;M;Rimandato;0;NON DECEDUTO;Non accertato;Inesploso
6080930;9;09/08/2022 10:00:00;Strada Urbana;VIA ALBANO;all'intersezione con;VIA GENZANO;VIA GENZANO;;;Scontro frontale/laterale SX fra veicoli in marcia;Intersezione stradale segnalata;Una carreggiata a doppio senso;Asciutto;Asfaltata;Verticale ed orizzontale;Sereno;Scarso;Buona;;1;0;0;3;12.5322;41.8696;-1;2;Autovettura privata;In marcia / fermata / arresto;Passeggero;M;Illeso;0;;Non accertato;Inesploso
6080932;1;09/08/2022 15:30:00;Strada Urbana;VIA DEL CORSO;in corrispondenza;;del civico n.;301;;Investimento di pedone;Rettilineo;Una carreggiata a doppio senso;Bagnato (pioggia);Asfaltata;Verticale ed orizzontale;Nuvoloso;Normale;Buona;;2;0;0;0;12.4819;41.8974;-1;;;;Pedone;F;Rimandato;0;NON DECEDUTO;;
6080932;1;09/08/2022 15:30:00;Strada Urbana;VIA DEL CORSO;in corrispondenza;;del civico n.;301;;Investimento di pedone;Rettilineo;Una carreggiata a doppio senso;Bagnato (pioggia);Asfaltata;Verticale ed orizzontale;Nuvoloso;Normale;Buona;;2;0;0;0;12.4819;41.8974;-1;1;Monopattino elettrico;In marcia / fermata / arresto;Conducente;M;Rimandato;0;NON DECEDUTO;Esente;Inesistente
6080934;1;09/08/2022 15:20:00;Strada Urbana;VIA VITTORIO EMANUELE ORLANDO;in prossimit�;;del civico n.;70;;Tamponamento Multiplo;Rettilineo;Una carreggiata a senso unico di marcia;Bagnato (pioggia);In cubetti di porfido;Verticale ed orizzontale;Pioggia in atto;Normale;Sufficiente;;0;0;0;6;12.4955;41.9034;-1;1;Autovettura privata;In marcia / fermata / arresto;Conducente;F;Illeso;0;;Non accertato;Inesploso
6080934;1;09/08/2022 15:20:00;Strada Urbana;VIA VITTORIO EMANUELE ORLANDO;in prossimit�;;del civico n.;70;;Tamponamento Multiplo;Rettilineo;Una carreggiata a senso unico di marcia;Bagnato (pioggia);In cubetti di porfido;Verticale ed orizzontale;Pioggia in atto;Normale;Sufficiente;;0;0;0;6;12.4955;41.9034;-1;1;Autovettura privata;In marcia / fermata / arresto;Passeggero;F;Illeso;0;;;
6080934;1;09/08/2022 15:20:00;Strada Urbana;VIA VITTORIO EMANUELE ORLANDO;in prossimit�;;del civico n.;70;;Tamponamento Multiplo;Rettilineo;Una carreggiata a senso unico di marcia;Bagnato (pioggia);In cubetti di porfido;Verticale ed orizzontale;Pioggia in atto;Normale;Sufficiente;;0;0;0;6;12.4955;41.9034;-1;2;Autovettura privata;In marcia / fermata / arresto;Conducente;M;Illeso;0;;;
6080934;1;09/08/2022 15:20:00;Strada Urbana;VIA VITTORIO EMANUELE ORLANDO;in prossimit�;;del civico n.;70;;Tamponamento Multiplo;Rettilineo;Una carreggiata a senso unico di marcia;Bagnato (pioggia);In cubetti di porfido;Verticale ed orizzontale;Pioggia in atto;Normale;Sufficiente;;0;0;0;6;12.4955;41.9034;-1;2;Autovettura privata;In marcia / fermata / arresto;Passeggero;F;Illeso;0;;;
6080934;1;09/08/2022 15:20:00;Strada Urbana;VIA VITTORIO EMANUELE ORLANDO;in prossimit�;;del civico n.;70;;Tamponamento Multiplo;Rettilineo;Una carreggiata a senso unico di marcia;Bagnato (pioggia);In cubetti di porfido;Verticale ed orizzontale;Pioggia in atto;Normale;Sufficiente;;0;0;0;6;12.4955;41.9034;-1;3;Autovettura privata;In marcia / fermata / arresto;Conducente;M;Illeso;0;;Non accertato;Inesploso
6080934;1;09/08/2022 15:20:00;Strada Urbana;VIA VITTORIO EMANUELE ORLANDO;in prossimit�;;del civico n.;70;;Tamponamento Multiplo;Rettilineo;Una carreggiata a senso unico di marcia;Bagnato (pioggia);In cubetti di porfido;Verticale ed orizzontale;Pioggia in atto;Normale;Sufficiente;;0;0;0;6;12.4955;41.9034;-1;3;Autovettura privata;In marcia / fermata / arresto;Passeggero;F;Illeso;0;;;
6080944;1;09/08/2022 14:30:00;Strada Urbana;VIA GIOBERTI;all'intersezione con;VIA GIOVANNI AMENDOLA;VIA GIOVANNI AMENDOLA;;;Scontro frontale/laterale DX fra veicoli in marcia;Incrocio;Una carreggiata a senso unico di marcia;Asciutto;Asfaltata;Assente;Nuvoloso;Normale;Buona;;1;0;0;2;12.5005;41.8988;-1;1;Autovettura privata;In marcia / fermata / arresto;Conducente;M;Illeso;0;;Non accertato;Inesploso
6080944;1;09/08/2022 14:30:00;Strada Urbana;VIA GIOBERTI;all'intersezione con;VIA GIOVANNI AMENDOLA;VIA GIOVANNI AMENDOLA;;;Scontro frontale/laterale DX fra veicoli in marcia;Incrocio;Una carreggiata a senso unico di marcia;Asciutto;Asfaltata;Assente;Nuvoloso;Normale;Buona;;1;0;0;2;12.5005;41.8988;-1;2;Autobus di linea;In marcia / fermata / arresto;Conducente;M;Illeso;0;;Non accertato;Inesploso
6080944;1;09/08/2022 14:30:00;Strada Urbana;VIA GIOBERTI;all'intersezione con;VIA GIOVANNI AMENDOLA;VIA GIOVANNI AMENDOLA;;;Scontro frontale/laterale DX fra veicoli in marcia;Incrocio;Una carreggiata a senso unico di marcia;Asciutto;Asfaltata;Assente;Nuvoloso;Normale;Buona;;1;0;0;2;12.5005;41.8988;-1;2;Autobus di linea;In marcia / fermata / arresto;Passeggero;F;Rimandato;0;NON DECEDUTO;;
6081122;19;09/08/2022 12:55:00;Strada Urbana;VIA DI TORREVECCHIA;all'intersezione con;VIA GIOVANNI STEFANO BONACOSSA;VIA GIOVANNI STEFANO BONACOSSA;;;Scontro frontale fra veicoli in marcia;Incrocio;Una carreggiata a doppio senso;Asciutto;Asfaltata;Verticale ed orizzontale;Sereno;Normale;Buona;;0;0;0;2;12.4123;41.9234;-1;1;Autovettura privata;In marcia / fermata / arresto;Conducente;F;Illeso;0;;Non accertato;Inesploso
6081122;19;09/08/2022 12:55:00;Strada Urbana;VIA DI TORREVECCHIA;all'intersezione con;VIA GIOVANNI STEFANO BONACOSSA;VIA GIOVANNI STEFANO BONACOSSA;;;Scontro frontale fra veicoli in marcia;Incrocio;Una carreggiata a doppio senso;Asciutto;Asfaltata;Verticale ed orizzontale;Sereno;Normale;Buona;;0;0;0;2;12.4123;41.9234;-1;2;Autovettura privata;In marcia / fermata / arresto;Conducente;M;Illeso;0;;Non accertato;Inesploso
6081134;11;09/08/2022 20:15:00;Strada Urbana;VIA GASPARE GOZZI;all'intersezione semaforizzata con;VIA SILVIO D'AMICO;VIA SILVIO D'AMICO;;;Scontro laterale fra veicoli in marcia;Intersezione semaforizzata;Due carreggiate;Asciutto;Asfaltata;Verticale ed orizzontale;Sereno;Normale;Buona;;1;0;0;1;12.4776;41.8521;-1;1;Autovettura privata;In marcia / fermata / arresto;Conducente;F;Illeso;0;;Non accertato;Inesploso
6081134;11;09/08/2022 20:15:00;Strada Urbana;VIA GASPARE GOZZI;all'intersezione semaforizzata con;VIA SILVIO D'AMICO;VIA SILVIO D'AMICO;;;Scontro laterale fra veicoli in marcia;Intersezione semaforizzata;Due carreggiate;Asciutto;Asfaltata;Verticale ed orizzontale;Sereno;Normale;Buona;;1;0;0;1;12.4776;41.8521;-1;2;Motociclo a solo;In marcia / fermata / arresto;Conducente;M;Rimandato;0;NON DECEDUTO;Non accertato;
6081168;19;09/08/2022 10:00:00;Strada Urbana;VIA DELLA PINETA SACCHETTI;da specificare;;;;prossimit� Via L. A. Pascucci;Scontro laterale fra veicoli in marcia;Rettilineo;Una carreggiata a doppio senso;Asciutto;Asfaltata;Verticale ed orizzontale;Sereno;Normale;Buona;;0;0;0;4;12.425;41.924;-1;1;Autovettura privata;In marcia / fermata / arresto;Conducente;M;Illeso;0;;Non accertato;Inesploso
6081168;19;09/08/2022 10:00:00;Strada Urbana;VIA DELLA PINETA SACCHETTI;da specificare;;;;prossimit� Via L. A. Pascucci;Scontro laterale fra veicoli in marcia;Rettilineo;Una carreggiata a doppio senso;Asciutto;Asfaltata;Verticale ed orizzontale;Sereno;Normale;Buona;;0;0;0;4;12.425;41.924;-1;1;Autovettura privata;In marcia / fermata / arresto;Passeggero;M;Illeso;0;;Non accertato;Inesploso
6081168;19;09/08/2022 10:00:00;Strada Urbana;VIA DELLA PINETA SACCHETTI;da specificare;;;;prossimit� Via L. A. Pascucci;Scontro laterale fra veicoli in marcia;Rettilineo;Una carreggiata a doppio senso;Asciutto;Asfaltata;Verticale ed orizzontale;Sereno;Normale;Buona;;0;0;0;4;12.425;41.924;-1;1;Autovettura privata;In marcia / fermata / arresto;Passeggero;F;Illeso;0;;Non accertato;Inesploso
6081168;19;09/08/2022 10:00:00;Strada Urbana;VIA DELLA PINETA SACCHETTI;da specificare;;;;prossimit� Via L. A. Pascucci;Scontro laterale fra veicoli in marcia;Rettilineo;Una carreggiata a doppio senso;Asciutto;Asfaltata;Verticale ed orizzontale;Sereno;Normale;Buona;;0;0;0;4;12.425;41.924;-1;2;Motociclo a solo;In marcia / fermata / arresto;Conducente;M;Illeso;0;;Non accertato;
6081170;20;09/08/2022 10:00:00;Strada Urbana;VIALE CORTINA D'AMPEZZO;da specificare;;;;fronte civ. 92;Ribaltamento senza urto contro ostacolo fisso;Rettilineo;Una carreggiata a doppio senso;Asciutto;Asfaltata;Verticale ed orizzontale;Sereno;Scarso;Buona;;2;0;0;0;12.4437;41.9478;-1;1;Motociclo con passeggero;In marcia / fermata / arresto;Conducente;M;Rimandato;0;NON DECEDUTO;Non accertato;
6081170;20;09/08/2022 10:00:00;Strada Urbana;VIALE CORTINA D'AMPEZZO;da specificare;;;;fronte civ. 92;Ribaltamento senza urto contro ostacolo fisso;Rettilineo;Una carreggiata a doppio senso;Asciutto;Asfaltata;Verticale ed orizzontale;Sereno;Scarso;Buona;;2;0;0;0;12.4437;41.9478;-1;1;Motociclo con passeggero;In marcia / fermata / arresto;Passeggero;F;Rimandato;0;NON DECEDUTO;;
6081188;12;09/08/2022 16:30:00;Strada Urbana;VIA CRISTOFORO COLOMBO;da specificare;;;;dir. Ostia alt.palo acea 538;Tamponamento;Rettilineo;Una carreggiata a senso unico di marcia;Bagnato (pioggia);Asfaltata;Orizzontale;Nuvoloso;Normale;Buona;;1;0;0;1;12.4115;41.7858;-1;1;Autovettura privata;In marcia / fermata / arresto;Conducente;M;Illeso;0;;Non accertato;Inesploso
6081188;12;09/08/2022 16:30:00;Strada Urbana;VIA CRISTOFORO COLOMBO;da specificare;;;;dir. Ostia alt.palo acea 538;Tamponamento;Rettilineo;Una carreggiata a senso unico di marcia;Bagnato (pioggia);Asfaltata;Orizzontale;Nuvoloso;Normale;Buona;;1;0;0;1;12.4115;41.7858;-1;2;Autovettura privata;In marcia / fermata / arresto;Conducente;M;Rimandato;0;NON DECEDUTO;Non accertato;Inesploso
6081189;9;09/08/2022 19:25:00;Strada Urbana;VIA PIETRO COLLETTA;in prossimit�;;del civico n.;5;;Infortunio per sola frenata improvvisa;Rettilineo;Una carreggiata a senso unico di marcia;Asciutto;In cubetti di porfido;Verticale;Sereno;Scarso;Buona;;0;0;0;2;12.5176;41.8724;-1;1;Autovettura privata;In marcia / fermata / arresto;Conducente;M;Illeso;0;;Non accertato;Inesploso