Protocollo;Gruppo;DataOraIncidente;Localizzazione1;STRADA1;Localizzazione2;STRADA2;Strada02;Chilometrica;DaSpecificare;NaturaIncidente;particolaritastrade;TipoStrada;FondoStradale;Pavimentazione;Segnaletica;CondizioneAtmosferica;Traffico;Visibilita;Illuminazione;NUM_FERITI;NUM_RISERVATA;NUM_MORTI;NUM_ILLESI;Longitude;Latitude;Confermato;Progressivo;TipoVeicolo;StatoVeicolo;TipoPersona;Sesso;Tipolesione;Deceduto;DecedutoDopo;CinturaCascoUtilizzato;Airbag;
6081189;9;09/08/2022 19:25:00;Strada Urbana;VIA PIETRO COLLETTA;in prossimit�;;del civico n.;5;;Infortunio per sola frenata improvvisa;Rettilineo;Una carreggiata a senso unico di marcia;Asciutto;In cubetti di porfido;Verticale;Sereno;Scarso;Buona;;0;0;0;2;12.5176;41.8724;-1;2;Motociclo a solo;In marcia / fermata / arresto;Conducente;M;Illeso;0;;Esente;
6081190;6;09/08/2022 15:50:00;Strada Urbana;VIA CASILINA;all'intersezione semaforizzata con;PIAZZA DEL PIGNETO;PIAZZA DEL PIGNETO;;;Tamponamento;Intersezione semaforizzata;Una carreggiata a senso unico di marcia;Bagnato (pioggia);Asfaltata;Verticale ed orizzontale;Pioggia in atto;Scarso;Buona;;0;0;0;2;12.5229;41.889;-1;1;Motociclo a solo;In marcia / fermata / arresto;Conducente;M;Illeso;0;;;
6081190;6;09/08/2022 15:50:00;Strada Urbana;VIA CASILINA;all'intersezione semaforizzata con;PIAZZA DEL PIGNETO;PIAZZA DEL PIGNETO;;;Tamponamento;Intersezione semaforizzata;Una carreggiata a senso unico di marcia;Bagnato (pioggia);Asfaltata;Verticale ed orizzontale;Pioggia in atto;Scarso;Buona;;0;0;0;2;12.5229;41.889;-1;2;Autocarro inferiore 35 q.;In marcia / fermata / arresto;Conducente;F;Illeso;0;;;
6081193;19;09/08/2022 08:20:00;Strada Urbana;VIA DELLA PINETA SACCHETTI;in prossimit�;;del civico n.;201;;Investimento di pedone;Rettilineo;Due carreggiate;Asciutto;Asfaltata;Verticale ed orizzontale;Sereno;Scarso;Buona;;0;0;0;1;12.4263;41.9275;-1;;;;Pedone;F;Illeso;0;;;
6081193;19;09/08/2022 08:20:00;Strada Urbana;VIA DELLA PINETA SACCHETTI;in prossimit�;;del civico n.;201;;Investimento di pedone;Rettilineo;Due carreggiate;Asciutto;Asfaltata;Verticale ed orizzontale;Sereno;Scarso;Buona;;0;0;0;1;12.4263;41.9275;-1;1;Monopattino elettrico;In marcia / fermata / arresto;;;;;;;
6081202;20;09/08/2022 16:45:00;Strada Urbana;VIA DI VALLE MURICANA;in prossimit�;;del civico n.;806;;Fuoriuscita dalla sede stradale;Curva senza visuale libera;Una carreggiata a doppio senso;Asciutto;Asfaltata;Verticale ed orizzontale;Nuvoloso;Normale;Buona;;2;0;0;0;12.467;42.0449;-1;1;Autovettura privata;In marcia / fermata / arresto;Conducente;M;Rimandato;0;NON DECEDUTO;;
6081202;20;09/08/2022 16:45:00;Strada Urbana;VIA DI VALLE MURICANA;in prossimit�;;del civico n.;806;;Fuoriuscita dalla sede stradale;Curva senza visuale libera;Una carreggiata a doppio senso;Asciutto;Asfaltata;Verticale ed orizzontale;Nuvoloso;Normale;Buona;;2;0;0;0;12.467;42.0449;-1;1;Autovettura privata;In marcia / fermata / arresto;Passeggero;F;Rimandato;0;NON DECEDUTO;Non accertato;Inesploso
6081206;12;09/08/2022 16:00:00;Strada Urbana;VIA CRISTOFORO COLOMBO;in prossimit�;;del palo luce n.;512;;Infortunio per caduta del veicolo;Curva a visuale libera;Una carreggiata a senso unico di marcia;Bagnato (pioggia);Asfaltata;Orizzontale;Pioggia in atto;Normale;Buona;;2;0;0;0;12.4115;41.7858;-1;1;Motociclo a solo;In marcia / fermata / arresto;Conducente;M;Ricoverato;0;NON DECEDUTO;;
6081206;12;09/08/2022 16:00:00;Strada Urbana;VIA CRISTOFORO COLOMBO;in prossimit�;;del palo luce n.;512;;Infortunio per caduta del veicolo;Curva a visuale libera;Una carreggiata a senso unico di marcia;Bagnato (pioggia);Asfaltata;Orizzontale;Pioggia in atto;Normale;Buona;;2;0;0;0;12.4115;41.7858;-1;1;Motociclo a solo;In marcia / fermata / arresto;Passeggero;F;Rimandato;0;NON DECEDUTO;;
6081208;20;09/08/2022 17:00:00;Strada Urbana;PIAZZA DI SAXA RUBRA;da specificare;;;;FRONTE CIV. 6;Scontro laterale fra veicoli in marcia;Rettilineo;Una carreggiata a senso unico di marcia;Asciutto;Asfaltata;Orizzontale;Sereno;Normale;Buona;;0;0;0;4;12.4933;42.0009;-1;1;Autovettura privata;In marcia / fermata / arresto;Conducente;M;Illeso;0;;;Inesploso
6081208;20;09/08/2022 17:00:00;Strada Urbana;PIAZZA DI SAXA RUBRA;da specificare;;;;FRONTE CIV. 6;Scontro laterale fra veicoli in marcia;Rettilineo;Una carreggiata a senso unico di marcia;Asciutto;Asfaltata;Orizzontale;Sereno;Normale;Buona;;0;0;0;4;12.4933;42.0009;-1;1;Autovettura privata;In marcia / fermata / arresto;Passeggero;M;Illeso;0;;Non accertato;Inesploso
6081208;20;09/08/2022 17:00:00;Strada Urbana;PIAZZA DI SAXA RUBRA;da specificare;;;;FRONTE CIV. 6;Scontro laterale fra veicoli in marcia;Rettilineo;Una carreggiata a senso unico di marcia;Asciutto;Asfaltata;Orizzontale;Sereno;Normale;Buona;;0;0;0;4;12.4933;42.0009;-1;2;Autovettura privata;In marcia / fermata / arresto;Conducente;M;Illeso;0;;Non accertato;Inesploso
6081208;20;09/08/2022 17:00:00;Strada Urbana;PIAZZA DI SAXA RUBRA;da specificare;;;;FRONTE CIV. 6;Scontro laterale fra veicoli in marcia;Rettilineo;Una carreggiata a senso unico di marcia;Asciutto;Asfaltata;Orizzontale;Sereno;Normale;Buona;;0;0;0;4;12.4933;42.0009;-1;2;Autovettura privata;In marcia / fermata / arresto;Passeggero;M;Illeso;0;;Non accertato;Inesploso
6081218;10;09/08/2022 14:50:00;Strada Urbana;VIA DI CASAL MORENA;all'intersezione con;VIA NIOBE;VIA NIOBE;;;Veicolo in marcia contro ostacolo fisso;Intersezione non regolata/non segnalata;Una carreggiata a doppio senso;Bagnato (pioggia);Asfaltata;Verticale;Pioggia in atto;Normale;Buona;;0;0;0;1;12.6171;41.8238;-1;1;Autovettura privata;In marcia / fermata / arresto;Conducente;M;Illeso;0;;Non accertato;Inesploso
6081224;6;09/08/2022 17:00:00;Strada Urbana;PIAZZALE PRENESTINO;in corrispondenza;;del civico n.;35;;Investimento di pedone;Rettilineo;Pi� di due carreggiate;Asciutto;Asfaltata;Verticale ed orizzontale;Nuvoloso;Normale;Buona;;1;0;0;1;12.5269;41.8908;-1;;;;Pedone;M;Rimandato;0;NON DECEDUTO;;
6081224;6;09/08/2022 17:00:00;Strada Urbana;PIAZZALE PRENESTINO;in corrispondenza;;del civico n.;35;;Investimento di pedone;Rettilineo;Pi� di due carreggiate;Asciutto;Asfaltata;Verticale ed orizzontale;Nuvoloso;Normale;Buona;;1;0;0;1;12.5269;41.8908;-1;1;Autovettura privata;In marcia / fermata / arresto;Conducente;F;Illeso;0;;Non accertato;Inesploso
6081240;10;09/08/2022 16:15:00;Strada Urbana;VIA ANAGNINA;da specificare;;;;rampa in uscita dir. Tuscolana alt. ponte G.R.A.;Veicolo in marcia contro ostacolo fisso;Curva a visuale libera;Pi� di due carreggiate;Bagnato (pioggia);Asfaltata;Verticale ed orizzontale;Pioggia in atto;Normale;Sufficiente;;1;0;0;0;12.5917;41.8396;-1;1;Autovettura privata;In marcia / fermata / arresto;Conducente;F;Rimandato;0;NON DECEDUTO;Non accertato;Inesploso
6081244;6;10/08/2022 05:10:00;Strada Urbana;VIA PRENESTINA;in corrispondenza;;del civico n.;376;;Veicolo in marcia contro veicoli in sosta;Rettilineo;Pi� di due carreggiate;Asciutto;Asfaltata;Verticale ed orizzontale;Nuvoloso;Scarso;Sufficiente;;0;0;0;0;12.5585;41.8943;-1;1;Autovettura privata;In marcia / fermata / arresto;;;;;;;
6081244;6;10/08/2022 05:10:00;Strada Urbana;VIA PRENESTINA;in corrispondenza;;del civico n.;376;;Veicolo in marcia contro veicoli in sosta;Rettilineo;Pi� di due carreggiate;Asciutto;Asfaltata;Verticale ed orizzontale;Nuvoloso;Scarso;Sufficiente;;0;0;0;0;12.5585;41.8943;-1;2;Autovettura privata;Sosta;;;;;;;
6081244;6;10/08/2022 05:10:00;Strada Urbana;VIA PRENESTINA;in corrispondenza;;del civico n.;376;;Veicolo in marcia contro veicoli in sosta;Rettilineo;Pi� di due carreggiate;Asciutto;Asfaltata;Verticale ed orizzontale;Nuvoloso;Scarso;Sufficiente;;0;0;0;0;12.5585;41.8943;-1;3;Autovettura privata;Sosta;;;;;;;
6081253;19;09/08/2022 20:30:00;Strada Urbana;VIA TRIONFALE;in corrispondenza;;del civico n.;10874;;Scontro frontale/laterale SX fra veicoli in marcia;Rettilineo;Una carreggiata a doppio senso;Asciutto;Asfaltata;Verticale ed orizzontale;Sereno;Normale;Buona;;1;0;0;2;12.4128;41.9568;-1;1;Motociclo a solo;In marcia / fermata / arresto;Conducente;M;Rimandato;0;NON DECEDUTO;Non accertato;
6081253;19;09/08/2022 20:30:00;Strada Urbana;VIA TRIONFALE;in corrispondenza;;del civico n.;10874;;Scontro frontale/laterale SX fra veicoli in marcia;Rettilineo;Una carreggiata a doppio senso;Asciutto;Asfaltata;Verticale ed orizzontale;Sereno;Normale;Buona;;1;0;0;2;12.4128;41.9568;-1;2;Autovettura privata;In marcia / fermata / arresto;Conducente;F;Illeso;0;;Non accertato;Inesploso
6081253;19;09/08/2022 20:30:00;Strada Urbana;VIA TRIONFALE;in corrispondenza;;del civico n.;10874;;Scontro frontale/laterale SX fra veicoli in marcia;Rettilineo;Una carreggiata a doppio senso;Asciutto;Asfaltata;Verticale ed orizzontale;Sereno;Normale;Buona;;1;0;0;2;12.4128;41.9568;-1;2;Autovettura privata;In marcia / fermata / arresto;Passeggero;F;Illeso;0;;Non accertato;Inesploso
6081261;1;09/08/2022 18:00:00;Strada Urbana;VIA PRINCIPE AMEDEO;all'intersezione con;VIA D'AZEGLIO;VIA D'AZEGLIO;;;Scontro frontale/laterale SX fra veicoli in marcia;Incrocio;Una carreggiata a senso unico di marcia;Asciutto;Asfaltata;Verticale ed orizzontale;Sereno;Normale;Buona;;0;0;0;2;12.5019;41.8978;-1;1;Autovettura privata;In marcia / fermata / arresto;Conducente;M;Illeso;0;;Non accertato;Inesploso
6081261;1;09/08/2022 18:00:00;Strada Urbana;VIA PRINCIPE AMEDEO;all'intersezione con;VIA D'AZEGLIO;VIA D'AZEGLIO;;;Scontro frontale/laterale SX fra veicoli in marcia;Incrocio;Una carreggiata a senso unico di marcia;Asciutto;Asfaltata;Verticale ed orizzontale;Sereno;Normale;Buona;;0;0;0;2;12.5019;41.8978;-1;2;Autovettura privata;In marcia / fermata / arresto;Conducente;M;Illeso;0;;Non accertato;Inesploso
6081262;12;10/08/2022 02:00:00;Strada Urbana;VIA DI MEZZOCAMMINO;da specificare;;;;civico 155;Veicolo in marcia contro ostacolo fisso;Curva senza visuale libera;Una carreggiata a doppio senso;Asciutto;Asfaltata;Verticale ed orizzontale;Sereno;Scarso;Sufficiente;;1;0;0;0;12.4375;41.79;-1;1;Autovettura privata;In marcia / fermata / arresto;Conducente;M;Rimandato;0;NON DECEDUTO;;
6081264;12;09/08/2022 13:30:00;Statale;VIA PONTINA;da specificare;;;;prox km 27.200 laterale dir Roma;Scontro laterale fra veicoli in marcia;Rettilineo;Due carreggiate;Asciutto;Asfaltata;Verticale ed orizzontale;Sereno;Normale;Buona;;0;0;0;3;12.4523;41.7939;-1;1;Autovettura privata;In marcia / fermata / arresto;Conducente;M;Illeso;0;;Utilizzato;Inesploso
6081264;12;09/08/2022 13:30:00;Statale;VIA PONTINA;da specificare;;;;prox km 27.200 laterale dir Roma;Scontro laterale fra veicoli in marcia;Rettilineo;Due carreggiate;Asciutto;Asfaltata;Verticale ed orizzontale;Sereno;Normale;Buona;;0;0;0;3;12.4523;41.7939;-1;1;Autovettura privata;In marcia / fermata / arresto;Passeggero;F;Illeso;0;;Utilizzato;Inesploso
6081264;12;09/08/2022 13:30:00;Statale;VIA PONTINA;da specificare;;;;prox km 27.200 laterale dir Roma;Scontro laterale fra veicoli in marcia;Rettilineo;Due carreggiate;Asciutto;Asfaltata;Verticale ed orizzontale;Sereno;Normale;Buona;;0;0;0;3;12.4523;41.7939;-1;2;Autobus in extraurbana;In marcia / fermata / arresto;Conducente;M;Illeso;0;;Utilizzato;Inesploso
6081269;10;09/08/2022 17:00:00;Strada Urbana;VIA CALPURNIO FIAMMA;all'intersezione con;VIA TARQUINIO COLLATINO;VIA TARQUINIO COLLATINO;;;Scontro laterale fra veicoli in marcia;Intersezione semaforizzata;Due carreggiate;Asciutto;Asfaltata;Verticale ed orizzontale;Sereno;Normale;Buona;;0;0;0;3;12.5616;41.862;-1;1;Autovettura privata;In marcia / fermata / arresto;Conducente;F;Illeso;0;;Non accertato;Inesploso
6081269;10;09/08/2022 17:00:00;Strada Urbana;VIA CALPURNIO FIAMMA;all'intersezione con;VIA TARQUINIO COLLATINO;VIA TARQUINIO COLLATINO;;;Scontro laterale fra veicoli in marcia;Intersezione semaforizzata;Due carreggiate;Asciutto;Asfaltata;Verticale ed orizzontale;Sereno;Normale;Buona;;0;0;0;3;12.5616;41.862;-1;1;Autovettura privata;In marcia / fermata / arresto;Passeggero;M;Illeso;0;;Non accertato;Inesploso
6081269;10;09/08/2022 17:00:00;Strada Urbana;VIA CALPURNIO FIAMMA;all'intersezione con;VIA TARQUINIO COLLATINO;VIA TARQUINIO COLLATINO;;;Scontro laterale fra veicoli in marcia;Intersezione semaforizzata;Due carreggiate;Asciutto;Asfaltata;Verticale ed orizzontale;Sereno;Normale;Buona;;0;0;0;3;12.5616;41.862;-1;2;Autovettura privata;In marcia / fermata / arresto;Conducente;M;Illeso;0;;Non accertato;Inesploso
6081305;12;09/08/2022 19:00:00;Strada Urbana;VIA CRISTOFORO COLOMBO;da specificare;;;;PROX VIALE EUROPA;Scontro laterale fra veicoli in marcia;Rettilineo;Pi� di due carreggiate;Asciutto;Bitumata;Verticale ed orizzontale;Nuvoloso;Normale;Buona;;0;0;0;3;12.4115;41.7858;-1;1;Autovettura privata;In marcia / fermata / arresto;Conducente;M;Illeso;0;;;
6081305;12;09/08/2022 19:00:00;Strada Urbana;VIA CRISTOFORO COLOMBO;da specificare;;;;PROX VIALE EUROPA;Scontro laterale fra veicoli in marcia;Rettilineo;Pi� di due carreggiate;Asciutto;Bitumata;Verticale ed orizzontale;Nuvoloso;Normale;Buona;;0;0;0;3;12.4115;41.7858;-1;1;Autovettura privata;In marcia / fermata / arresto;Passeggero;M;Illeso;0;;;
6081305;12;09/08/2022 19:00:00;Strada Urbana;VIA CRISTOFORO COLOMBO;da specificare;;;;PROX VIALE EUROPA;Scontro laterale fra veicoli in marcia;Rettilineo;Pi� di due carreggiate;Asciutto;Bitumata;Verticale ed orizzontale;Nuvoloso;Normale;Buona;;0;0;0;3;12.4115;41.7858;-1;2;Autocarro inferiore 35 q.;In marcia / fermata / arresto;Conducente;M;Illeso;0;;;
6081315;7;09/08/2022 12:00:00;Strada Urbana;VIA DI TOR SAPIENZA;in corrispondenza;;del civico n.;25/C;;Tamponamento;Rettilineo;Una carreggiata a doppio senso;Asciutto;Asfaltata;Verticale ed orizzontale;Sereno;Normale;Buona;;0;0;0;7;12.5905;41.9017;-1;1;Autopompa;In marcia / fermata / arresto;Conducente;M;Illeso;0;;Non accertato;Inesploso
6081315;7;09/08/2022 12:00:00;Strada Urbana;VIA DI TOR SAPIENZA;in corrispondenza;;del civico n.;25/C;;Tamponamento;Rettilineo;Una carreggiata a doppio senso;Asciutto;Asfaltata;Verticale ed orizzontale;Sereno;Normale;Buona;;0;0;0;7;12.5905;41.9017;-1;1;Autopompa;In marcia / fermata / arresto;Passeggero;M;Illeso;0;;Non accertato;Inesploso
6081315;7;09/08/2022 12:00:00;Strada Urbana;VIA DI TOR SAPIENZA;in corrispondenza;;del civico n.;25/C;;Tamponamento;Rettilineo;Una carreggiata a doppio senso;Asciutto;Asfaltata;Verticale ed orizzontale;Sereno;Normale;Buona;;0;0;0;7;12.5905;41.9017;-1;1;Autopompa;In marcia / fermata / arresto;Passeggero;M;Illeso;0;;Non accertato;Inesploso
6081315;7;09/08/2022 12:00:00;Strada Urbana;VIA DI TOR SAPIENZA;in corrispondenza;;del civico n.;25/C;;Tamponamento;Rettilineo;Una carreggiata a doppio senso;Asciutto;Asfaltata;Verticale ed orizzontale;Sereno;Normale;Buona;;0;0;0;7;12.5905;41.9017;-1;1;Autopompa;In marcia / fermata / arresto;Passeggero;M;Illeso;0;;Non accertato;Inesploso
6081315;7;09/08/2022 12:00:00;Strada Urbana;VIA DI TOR SAPIENZA;in corrispondenza;;del civico n.;25/C;;Tamponamento;Rettilineo;Una carreggiata a doppio senso;Asciutto;Asfaltata;Verticale ed orizzontale;Sereno;Normale;Buona;;0;0;0;7;12.5905;41.9017;-1;1;Autopompa;In marcia / fermata / arresto;Passeggero;M;Illeso;0;;Non accertato;Inesploso
6081315;7;09/08/2022 12:00:00;Strada Urbana;VIA DI TOR SAPIENZA;in corrispondenza;;del civico n.;25/C;;Tamponamento;Rettilineo;Una carreggiata a doppio senso;Asciutto;Asfaltata;Verticale ed orizzontale;Sereno;Normale;Buona;;0;0;0;7;12.5905;41.9017;-1;2;Autovettura privata;In marcia / fermata / arresto;Conducente;M;Illeso;0;;Non accertato;Inesploso
6081342;12;09/08/2022 18:05:00;Strada Urbana;VIALE DEI CADUTI PER LA RESISTENZA;all'intersezione con;VIA GIACOMO GOBBI BELCREDI;VIA GIACOMO GOBBI BELCREDI;;;Investimento di pedone;Intersezione stradale segnalata;Due carreggiate;Asciutto;Asfaltata;Verticale ed orizzontale;Nuvoloso;Scarso;Buona;;1;0;0;1;12.4411;41.7842;-1;;;;Pedone;F;Rimandato;0;NON DECEDUTO;;
6081342;12;09/08/2022 18:05:00;Strada Urbana;VIALE DEI CADUTI PER LA RESISTENZA;all'intersezione con;VIA GIACOMO GOBBI BELCREDI;VIA GIACOMO GOBBI BELCREDI;;;Investimento di pedone;Intersezione stradale segnalata;Due carreggiate;Asciutto;Asfaltata;Verticale ed orizzontale;Nuvoloso;Scarso;Buona;;1;0;0;1;12.4411;41.7842;-1;1;Autovettura privata;In marcia / fermata / arresto;Conducente;F;Illeso;0;;;
6081369;12;09/08/2022 16:15:00;Provinciale entro l'abitato;VIA LAURENTINA;da specificare;;;;KM 10 DIR POMEZIA;Tamponamento;Rettilineo;Due carreggiate;Bagnato (pioggia);Asfaltata;Verticale ed orizzontale;Pioggia in atto;Normale;Sufficiente;;1;0;0;1;12.4856;41.8103;-1;1;Autovettura privata;In marcia / fermata / arresto;Conducente;F;Rimandato;0;NON DECEDUTO;Non accertato;Inesploso
6081369;12;09/08/2022 16:15:00;Provinciale entro l'abitato;VIA LAURENTINA;da specificare;;;;KM 10 DIR POMEZIA;Tamponamento;Rettilineo;Due carreggiate;Bagnato (pioggia);Asfaltata;Verticale ed orizzontale;Pioggia in atto;Normale;Sufficiente;;1;0;0;1;12.4856;41.8103;-1;2;Autovettura privata;In marcia / fermata / arresto;Conducente;M;Illeso;0;;;
6081373;7;09/08/2022 20:45:00;Strada Urbana;LARGO AUGUSTO CORELLI;all'intersezione con;VIA DAMETA;VIA DAMETA;;;Scontro frontale/laterale DX fra veicoli in marcia;Incrocio;Una carreggiata a doppio senso;Asciutto;Asfaltata;Verticale ed orizzontale;Sereno;Scarso;Sufficiente;;1;0;0;1;12.6101;41.9139;-1;1;Autovettura privata;In marcia / fermata / arresto;Conducente;M;Illeso;0;;Non accertato;Inesploso
6081373;7;09/08/2022 20:45:00;Strada Urbana;LARGO AUGUSTO CORELLI;all'intersezione con;VIA DAMETA;VIA DAMETA;;;Scontro frontale/laterale DX fra veicoli in marcia;Incrocio;Una carreggiata a doppio senso;Asciutto;Asfaltata;Verticale ed orizzontale;Sereno;Scarso;Sufficiente;;1;0;0;1;12.6101;41.9139;-1;2;Motociclo a solo;In marcia / fermata / arresto;Conducente;M;Rimandato;0;NON DECEDUTO;Non accertato;
6081387;3;09/08/2022 19:10:00;Strada Urbana;VIA TEODORICO;in prossimit�;;del civico n.;46;;Veicolo in marcia contro veicoli in sosta;Rettilineo;Una carreggiata a senso unico di marcia;Asciutto;Asfaltata;Verticale ed orizzontale;Sereno;Scarso;Buona;;1;0;0;2;12.528;41.9109;-1;;;;Pedone;M;Ricoverato;0;NON DECEDUTO;;
6081387;3;09/08/2022 19:10:00;Strada Urbana;VIA TEODORICO;in prossimit�;;del civico n.;46;;Veicolo in marcia contro veicoli in sosta;Rettilineo;Una carreggiata a senso unico di marcia;Asciutto;Asfaltata;Verticale ed orizzontale;Sereno;Scarso;Buona;;1;0;0;2;12.528;41.9109;-1;1;Autovettura privata;In marcia / fermata / arresto;Conducente;M;Illeso;0;;;
6081387;3;09/08/2022 19:10:00;Strada Urbana;VIA TEODORICO;in prossimit�;;del civico n.;46;;Veicolo in marcia contro veicoli in sosta;Rettilineo;Una carreggiata a senso unico di marcia;Asciutto;Asfaltata;Verticale ed orizzontale;Sereno;Scarso;Buona;;1;0;0;2;12.528;41.9109;-1;2;Autovettura privata;Sosta;;;;;;;
6081387;3;09/08/2022 19:10:00;Strada Urbana;VIA TEODORICO;in prossimit�;;del civico n.;46;;Veicolo in marcia contro veicoli in sosta;Rettilineo;Una carreggiata a senso unico di marcia;Asciutto;Asfaltata;Verticale ed orizzontale;Sereno;Scarso;Buona;;1;0;0;2;12.528;41.9109;-1;3;Autovettura privata;Sosta;;;;;;;
6081387;3;09/08/2022 19:10:00;Strada Urbana;VIA TEODORICO;in prossimit�;;del civico n.;46;;Veicolo in marcia contro veicoli in sosta;Rettilineo;Una carreggiata a senso unico di marcia;Asciutto;Asfaltata;Verticale ed orizzontale;Sereno;Scarso;Buona;;1;0;0;2;12.528;41.9109;-1;4;Autovettura privata;In marcia / fermata / arresto;Conducente;M;Illeso;0;;;
6081398;16;09/08/2022 11:30:00;Strada Urbana;VIA GIUSEPPE PARINI;all'intersezione semaforizzata con;VIALE DI TRASTEVERE;VIALE DI TRASTEVERE;;;Scontro frontale/laterale DX fra veicoli in marcia;Intersezione semaforizzata;Pi� di due carreggiate;Asciutto;Asfaltata;Verticale ed orizzontale;Sereno;Normale;Buona;;1;0;0;1;12.4646;41.8742;-1;1;Autovettura privata;In marcia / fermata / arresto;Conducente;M;Illeso;0;;Non accertato;Inesploso
6081398;16;09/08/2022 11:30:00;Strada Urbana;VIA GIUSEPPE PARINI;all'intersezione semaforizzata con;VIALE DI TRASTEVERE;VIALE DI TRASTEVERE;;;Scontro frontale/laterale DX fra veicoli in marcia;Intersezione semaforizzata;Pi� di due carreggiate;Asciutto;Asfaltata;Verticale ed orizzontale;Sereno;Normale;Buona;;1;0;0;1;12.4646;41.8742;-1;2;Bicicletta elettrica;In marcia / fermata / arresto;Conducente;M;Ricoverato;0;NON DECEDUTO;Non accertato;Inesploso
6081401;3;09/08/2022 15:00:00;Strada Urbana;CIRCONVALLAZIONE NOMENTANA;da specificare;;;;rotatoria fine via mazzoni;Scontro laterale fra veicoli in marcia;Rotatoria;Una carreggiata a senso unico di marcia;Bagnato (pioggia);Asfaltata;Verticale ed orizzontale;Pioggia in atto;Normale;Buona;;0;0;0;2;12.5291;41.9107;-1;1;Autovettura privata;In marcia / fermata / arresto;Conducente;M;Illeso;0;;;
6081401;3;09/08/2022 15:00:00;Strada Urbana;CIRCONVALLAZIONE NOMENTANA;da specificare;;;;rotatoria fine via mazzoni;Scontro laterale fra veicoli in marcia;Rotatoria;Una carreggiata a senso unico di marcia;Bagnato (pioggia);Asfaltata;Verticale ed orizzontale;Pioggia in atto;Normale;Buona;;0;0;0;2;12.5291;41.9107;-1;2;Autovettura privata;In marcia / fermata / arresto;Conducente;F;Illeso;0;;;
6081414;16;09/08/2022 13:15:00;Strada Urbana;VIA GIACOMO CORRADI;all'intersezione con;VIA FERDINANDO VEROSPI;VIA FERDINANDO VEROSPI;;;Scontro laterale fra veicoli in marcia;Intersezione stradale segnalata;Una carreggiata a senso unico di marcia;Asciutto;Asfaltata;Verticale ed orizzontale;Nuvoloso;Scarso;Buona;;0;0;0;2;12.4473;41.8731;-1;1;Autovettura privata;In marcia / fermata / arresto;Conducente;F;Illeso;0;;Non accertato;Inesploso
6081414;16;09/08/2022 13:15:00;Strada Urbana;VIA GIACOMO CORRADI;all'intersezione con;VIA FERDINANDO VEROSPI;VIA FERDINANDO VEROSPI;;;Scontro laterale fra veicoli in marcia;Intersezione stradale segnalata;Una carreggiata a senso unico di marcia;Asciutto;Asfaltata;Verticale ed orizzontale;Nuvoloso;Scarso;Buona;;0;0;0;2;12.4473;41.8731;-1;2;Autovettura privata;In marcia / fermata / arresto;Conducente;M;Illeso;0;;Non accertato;Inesploso
6081464;1;10/08/2022 09:45:00;Strada Urbana;VIA DEL TRITONE;in corrispondenza;;del civico n.;54;;Investimento di pedone;Rettilineo;Una carreggiata a doppio senso;Asciutto;Asfaltata;Verticale ed orizzontale;Sereno;Normale;Buona;;1;0;0;0;12.4839;41.9025;0;;;;Pedone;M;Rimandato;0;NON DECEDUTO;;
6081464;1;10/08/2022 09:45:00;Strada Urbana;VIA DEL TRITONE;in corrispondenza;;del civico n.;54;;Investimento di pedone;Rettilineo;Una carreggiata a doppio senso;Asciutto;Asfaltata;Verticale ed orizzontale;Sereno;Normale;Buona;;1;0;0;0;12.4839;41.9025;0;1;Bicicletta elettrica;In marcia / fermata / arresto;;;;;;;
6081469;7;10/08/2022 10:00:00;Strada Urbana;VIA GIOVANNI ARCANGELI;in corrispondenza;;del civico n.;18;;Veicolo in marcia contro veicolo in sosta;Rettilineo;Una carreggiata a doppio senso;Asciutto;Asfaltata;Assente;Sereno;Normale;Buona;;0;0;0;1;12.5622;41.8921;-1;1;Autovettura privata;In marcia / fermata / arresto;Conducente;M;Illeso;0;;Non accertato;Inesploso
6081469;7;10/08/2022 10:00:00;Strada Urbana;VIA GIOVANNI ARCANGELI;in corrispondenza;;del civico n.;18;;Veicolo in marcia contro veicolo in sosta;Rettilineo;Una carreggiata a doppio senso;Asciutto;Asfaltata;Assente;Sereno;Normale;Buona;;0;0;0;1;12.5622;41.8921;-1;2;Autovettura privata;Sosta;;;;;;;
6081479;17;09/08/2022 01:15:00;Strada Urbana;VIALE GIUSEPPE MAZZINI;all'intersezione con;VIA TOMMASO GULLI;VIA TOMMASO GULLI;;;Scontro frontale/laterale SX fra veicoli in marcia;Incrocio;Due carreggiate;Asciutto;Asfaltata;Verticale ed orizzontale;Sereno;Scarso;Sufficiente;;1;0;0;1;12.4626;41.9158;-1;1;Autobus di linea;In marcia / fermata / arresto;Conducente;M;Illeso;0;;;
6081479;17;09/08/2022 01:15:00;Strada Urbana;VIALE GIUSEPPE MAZZINI;all'intersezione con;VIA TOMMASO GULLI;VIA TOMMASO GULLI;;;Scontro frontale/laterale SX fra veicoli in marcia;Incrocio;Due carreggiate;Asciutto;Asfaltata;Verticale ed orizzontale;Sereno;Scarso;Sufficiente;;1;0;0;1;12.4626;41.9158;-1;2;Autovettura privata;In marcia / fermata / arresto;Conducente;M;Rimandato;0;NON DECEDUTO;;