Protocollo;Gruppo;DataOraIncidente;Localizzazione1;STRADA1;Localizzazione2;STRADA2;Strada02;Chilometrica;DaSpecificare;NaturaIncidente;particolaritastrade;TipoStrada;FondoStradale;Pavimentazione;Segnaletica;CondizioneAtmosferica;Traffico;Visibilita;Illuminazione;NUM_FERITI;NUM_RISERVATA;NUM_MORTI;NUM_ILLESI;Longitude;Latitude;Confermato;Progressivo;TipoVeicolo;StatoVeicolo;TipoPersona;Sesso;Tipolesione;Deceduto;DecedutoDopo;CinturaCascoUtilizzato;Airbag;
6083276;11;12/08/2022 01:45:00;Strada Urbana;VIA CRISTOFORO COLOMBO;all'intersezione semaforizzata con;LARGO ANGELO FOCHETTI;LARGO ANGELO FOCHETTI;;;Scontro frontale/laterale SX fra veicoli in marcia;Intersezione semaforizzata;Pi� di due carreggiate;Asciutto;Asfaltata;Verticale ed orizzontale;Sereno;Scarso;Sufficiente;;1;0;0;3;12.4962;41.8673;-1;1;Autovettura privata;In marcia / fermata / arresto;Conducente;M;Illeso;0;;Non accertato;Esploso
6083276;11;12/08/2022 01:45:00;Strada Urbana;VIA CRISTOFORO COLOMBO;all'intersezione semaforizzata con;LARGO ANGELO FOCHETTI;LARGO ANGELO FOCHETTI;;;Scontro frontale/laterale SX fra veicoli in marcia;Intersezione semaforizzata;Pi� di due carreggiate;Asciutto;Asfaltata;Verticale ed orizzontale;Sereno;Scarso;Sufficiente;;1;0;0;3;12.4962;41.8673;-1;1;Autovettura privata;In marcia / fermata / arresto;Passeggero;M;Illeso;0;;Non accertato;Esploso
6083276;11;12/08/2022 01:45:00;Strada Urbana;VIA CRISTOFORO COLOMBO;all'intersezione semaforizzata con;LARGO ANGELO FOCHETTI;LARGO ANGELO FOCHETTI;;;Scontro frontale/laterale SX fra veicoli in marcia;Intersezione semaforizzata;Pi� di due carreggiate;Asciutto;Asfaltata;Verticale ed orizzontale;Sereno;Scarso;Sufficiente;;1;0;0;3;12.4962;41.8673;-1;2;Autovettura privata;In marcia / fermata / arresto;Conducente;M;Illeso;0;;Non accertato;Inesploso
6083276;11;12/08/2022 01:45:00;Strada Urbana;VIA CRISTOFORO COLOMBO;all'intersezione semaforizzata con;LARGO ANGELO FOCHETTI;LARGO ANGELO FOCHETTI;;;Scontro frontale/laterale SX fra veicoli in marcia;Intersezione semaforizzata;Pi� di due carreggiate;Asciutto;Asfaltata;Verticale ed orizzontale;Sereno;Scarso;Sufficiente;;1;0;0;3;12.4962;41.8673;-1;2;Autovettura privata;In marcia / fermata / arresto;Passeggero;M;Rimandato;0;NON DECEDUTO;Non accertato;Inesploso
6083280;5;11/08/2022 18:48:00;Strada Urbana;VIA DEI CRISPOLTI;all'intersezione con;VIA DIEGO ANGELI;VIA DIEGO ANGELI;;;Scontro frontale/laterale SX fra veicoli in marcia;Incrocio;Due carreggiate;Asciutto;Asfaltata;Verticale ed orizzontale;Sereno;Intenso;Sufficiente;;2;0;0;0;12.5506;41.9096;-1;1;Motociclo a solo;In marcia / fermata / arresto;Conducente;M;Rimandato;0;NON DECEDUTO;Non accertato;
6083280;5;11/08/2022 18:48:00;Strada Urbana;VIA DEI CRISPOLTI;all'intersezione con;VIA DIEGO ANGELI;VIA DIEGO ANGELI;;;Scontro frontale/laterale SX fra veicoli in marcia;Incrocio;Due carreggiate;Asciutto;Asfaltata;Verticale ed orizzontale;Sereno;Intenso;Sufficiente;;2;0;0;0;12.5506;41.9096;-1;2;Motociclo a solo;In marcia / fermata / arresto;Conducente;M;Rimandato;0;NON DECEDUTO;Non accertato;
6083284;9;11/08/2022 15:20:00;;PIAZZA DI S. MARIA AUSILIATRICE;in prossimit�;;del civico n.;60;;Infortunio per sola frenata improvvisa;;;;;;;;;;0;0;0;1;;;0;1;Motociclo a solo;In marcia / fermata / arresto;Conducente;M;Illeso;0;;;
6083285;5;12/08/2022 02:20:00;Strada Urbana;VIA MONTECAROTTO;in corrispondenza;;del civico n.;8;;Scontro laterale fra veicoli in marcia;Rettilineo;Una carreggiata a doppio senso;Asciutto;Asfaltata;Verticale ed orizzontale;Sereno;Scarso;Buona;;0;0;0;4;12.5806;41.941;-1;1;Autovettura privata;In marcia / fermata / arresto;Conducente;M;Illeso;0;;Non accertato;Inesploso
6083285;5;12/08/2022 02:20:00;Strada Urbana;VIA MONTECAROTTO;in corrispondenza;;del civico n.;8;;Scontro laterale fra veicoli in marcia;Rettilineo;Una carreggiata a doppio senso;Asciutto;Asfaltata;Verticale ed orizzontale;Sereno;Scarso;Buona;;0;0;0;4;12.5806;41.941;-1;2;Autovettura privata;In marcia / fermata / arresto;Conducente;M;Illeso;0;;Non accertato;Inesploso
6083285;5;12/08/2022 02:20:00;Strada Urbana;VIA MONTECAROTTO;in corrispondenza;;del civico n.;8;;Scontro laterale fra veicoli in marcia;Rettilineo;Una carreggiata a doppio senso;Asciutto;Asfaltata;Verticale ed orizzontale;Sereno;Scarso;Buona;;0;0;0;4;12.5806;41.941;-1;2;Autovettura privata;In marcia / fermata / arresto;Passeggero;F;Illeso;0;;Non accertato;Inesploso
6083304;20;11/08/2022 11:45:00;Strada Urbana;VIA DI GROTTAROSSA;in prossimit�;;del civico n.;91;;Veicolo in marcia contro ostacolo fisso;Rettilineo;Una carreggiata a doppio senso;Asciutto;Asfaltata;Verticale ed orizzontale;Sereno;Scarso;Buona;;0;0;0;0;12.4378;41.9717;-1;1;Autocarro inferiore 35 q.;Allontanatosi;;;;;;;
6083306;9;11/08/2022 21:00:00;Strada Urbana;VIA ETRURIA;all'intersezione con;VIA POMEZIA;VIA POMEZIA;;;Scontro frontale/laterale DX fra veicoli in marcia;Incrocio;Una carreggiata a senso unico di marcia;Asciutto;Asfaltata;Verticale ed orizzontale;Sereno;Scarso;Sufficiente;;1;0;0;1;12.5125;41.8791;-1;1;Autovettura privata;In marcia / fermata / arresto;Conducente;M;Illeso;0;;Non accertato;Inesploso
6083306;9;11/08/2022 21:00:00;Strada Urbana;VIA ETRURIA;all'intersezione con;VIA POMEZIA;VIA POMEZIA;;;Scontro frontale/laterale DX fra veicoli in marcia;Incrocio;Una carreggiata a senso unico di marcia;Asciutto;Asfaltata;Verticale ed orizzontale;Sereno;Scarso;Sufficiente;;1;0;0;1;12.5125;41.8791;-1;2;Motociclo a solo;In marcia / fermata / arresto;Conducente;F;Rimandato;0;NON DECEDUTO;Non accertato;
6083310;6;11/08/2022 18:35:00;Strada Urbana;VIA FILIPPO SMALDONE;all'intersezione con;VIA TOR DE' SCHIAVI;VIA TOR DE' SCHIAVI;;;Scontro frontale/laterale SX fra veicoli in marcia;Intersezione stradale segnalata;Due carreggiate;Asciutto;Asfaltata;Verticale ed orizzontale;Sereno;Scarso;Buona;;1;0;0;1;12.5596;41.8935;-1;1;Autovettura privata;In marcia / fermata / arresto;Conducente;F;Illeso;0;;;
6083310;6;11/08/2022 18:35:00;Strada Urbana;VIA FILIPPO SMALDONE;all'intersezione con;VIA TOR DE' SCHIAVI;VIA TOR DE' SCHIAVI;;;Scontro frontale/laterale SX fra veicoli in marcia;Intersezione stradale segnalata;Due carreggiate;Asciutto;Asfaltata;Verticale ed orizzontale;Sereno;Scarso;Buona;;1;0;0;1;12.5596;41.8935;-1;2;Motociclo a solo;In marcia / fermata / arresto;Conducente;M;Rimandato;0;NON DECEDUTO;;
6083312;7;11/08/2022 17:20:00;Strada Urbana;VIA DELLE ACACIE;all'intersezione con;VIA DEI GINEPRI;VIA DEI GINEPRI;;;Scontro frontale/laterale SX fra veicoli in marcia;Intersezione stradale segnalata;Una carreggiata a senso unico di marcia;Asciutto;Asfaltata;Verticale ed orizzontale;Sereno;Normale;Buona;;0;0;0;3;12.5675;41.888;-1;1;Autovettura privata;In marcia / fermata / arresto;Conducente;M;Illeso;0;;Non accertato;Inesploso
6083312;7;11/08/2022 17:20:00;Strada Urbana;VIA DELLE ACACIE;all'intersezione con;VIA DEI GINEPRI;VIA DEI GINEPRI;;;Scontro frontale/laterale SX fra veicoli in marcia;Intersezione stradale segnalata;Una carreggiata a senso unico di marcia;Asciutto;Asfaltata;Verticale ed orizzontale;Sereno;Normale;Buona;;0;0;0;3;12.5675;41.888;-1;1;Autovettura privata;In marcia / fermata / arresto;Passeggero;M;Illeso;0;;Non accertato;Inesploso
6083312;7;11/08/2022 17:20:00;Strada Urbana;VIA DELLE ACACIE;all'intersezione con;VIA DEI GINEPRI;VIA DEI GINEPRI;;;Scontro frontale/laterale SX fra veicoli in marcia;Intersezione stradale segnalata;Una carreggiata a senso unico di marcia;Asciutto;Asfaltata;Verticale ed orizzontale;Sereno;Normale;Buona;;0;0;0;3;12.5675;41.888;-1;2;Autovettura privata;In marcia / fermata / arresto;Conducente;M;Illeso;0;;Non accertato;Inesploso
6083318;20;10/08/2022 19:30:00;Strada Urbana;VIA DELLA STAZIONE DI CESANO;all'intersezione con;VICOLO DI COLLE FEBBRARO;VICOLO DI COLLE FEBBRARO;;;Ribaltamento senza urto contro ostacolo fisso;Intersezione non regolata/non segnalata;Una carreggiata a senso unico alternato;Bagnato (umidit� in atto);Asfaltata;Orizzontale;Nuvoloso;Normale;Buona;;0;0;0;2;12.3241;42.0598;-1;1;Motociclo con passeggero;In marcia / fermata / arresto;Conducente;M;Illeso;0;;;
6083318;20;10/08/2022 19:30:00;Strada Urbana;VIA DELLA STAZIONE DI CESANO;all'intersezione con;VICOLO DI COLLE FEBBRARO;VICOLO DI COLLE FEBBRARO;;;Ribaltamento senza urto contro ostacolo fisso;Intersezione non regolata/non segnalata;Una carreggiata a senso unico alternato;Bagnato (umidit� in atto);Asfaltata;Orizzontale;Nuvoloso;Normale;Buona;;0;0;0;2;12.3241;42.0598;-1;1;Motociclo con passeggero;In marcia / fermata / arresto;Passeggero;F;Illeso;0;;;
6083318;20;10/08/2022 19:30:00;Strada Urbana;VIA DELLA STAZIONE DI CESANO;all'intersezione con;VICOLO DI COLLE FEBBRARO;VICOLO DI COLLE FEBBRARO;;;Ribaltamento senza urto contro ostacolo fisso;Intersezione non regolata/non segnalata;Una carreggiata a senso unico alternato;Bagnato (umidit� in atto);Asfaltata;Orizzontale;Nuvoloso;Normale;Buona;;0;0;0;2;12.3241;42.0598;-1;2;Autovettura privata;Allontanatosi;;;;;;;
6083323;19;11/08/2022 17:15:00;Strada Urbana;VIA TRIONFALE;in corrispondenza;;del civico n.;11397;;Veicolo in marcia contro ostacolo fisso;Rettilineo;Una carreggiata a doppio senso;Asciutto;Asfaltata;Verticale ed orizzontale;Sereno;Scarso;Buona;;0;0;0;1;12.41;41.961;-1;1;Motociclo a solo;In marcia / fermata / arresto;Conducente;M;Illeso;0;;;
6083330;20;11/08/2022 21:00:00;Strada Urbana;VIA DELLA GIUSTINIANA;in corrispondenza;;del civico n.;244;;Scontro frontale/laterale SX fra veicoli in marcia;Curva a visuale libera;Una carreggiata a doppio senso;Asciutto;Asfaltata;Orizzontale;Nuvoloso;Normale;Insufficiente;;1;0;0;2;12.4765;42.0074;-1;1;Autovettura privata;In marcia / fermata / arresto;Conducente;M;Illeso;0;;;
6083330;20;11/08/2022 21:00:00;Strada Urbana;VIA DELLA GIUSTINIANA;in corrispondenza;;del civico n.;244;;Scontro frontale/laterale SX fra veicoli in marcia;Curva a visuale libera;Una carreggiata a doppio senso;Asciutto;Asfaltata;Orizzontale;Nuvoloso;Normale;Insufficiente;;1;0;0;2;12.4765;42.0074;-1;1;Autovettura privata;In marcia / fermata / arresto;Passeggero;F;Illeso;0;;;
6083330;20;11/08/2022 21:00:00;Strada Urbana;VIA DELLA GIUSTINIANA;in corrispondenza;;del civico n.;244;;Scontro frontale/laterale SX fra veicoli in marcia;Curva a visuale libera;Una carreggiata a doppio senso;Asciutto;Asfaltata;Orizzontale;Nuvoloso;Normale;Insufficiente;;1;0;0;2;12.4765;42.0074;-1;2;Velocipede;In marcia / fermata / arresto;Conducente;M;Rimandato;0;NON DECEDUTO;Esente;
6083338;19;12/08/2022 00:20:00;Strada Urbana;VIA DELLA STORTA;in prossimit�;;del civico n.;727;;Veicolo in marcia contro animale;Rettilineo;Una carreggiata a doppio senso;Asciutto;Asfaltata;Verticale ed orizzontale;Sereno;Scarso;Sufficiente;;0;0;0;2;12.3704;41.9889;-1;1;Autocarro inferiore 35 q.;In marcia / fermata / arresto;Conducente;M;Illeso;0;;;
6083338;19;12/08/2022 00:20:00;Strada Urbana;VIA DELLA STORTA;in prossimit�;;del civico n.;727;;Veicolo in marcia contro animale;Rettilineo;Una carreggiata a doppio senso;Asciutto;Asfaltata;Verticale ed orizzontale;Sereno;Scarso;Sufficiente;;0;0;0;2;12.3704;41.9889;-1;1;Autocarro inferiore 35 q.;In marcia / fermata / arresto;Passeggero;M;Illeso;0;;;
6083426;1;11/08/2022 19:15:00;Strada Urbana;PIAZZA VENEZIA;in prossimit�;;del civico n.;16;;Veicolo in marcia contro ostacolo accidentale;Rettilineo;Una carreggiata a senso unico di marcia;Viscido da liquidi oleosi;In cubetti di porfido;Verticale ed orizzontale;Sereno;Normale;Buona;;2;0;0;0;12.4828;41.896;-1;1;Motociclo con passeggero;In marcia / fermata / arresto;Conducente;M;Rimandato;0;NON DECEDUTO;;
6083426;1;11/08/2022 19:15:00;Strada Urbana;PIAZZA VENEZIA;in prossimit�;;del civico n.;16;;Veicolo in marcia contro ostacolo accidentale;Rettilineo;Una carreggiata a senso unico di marcia;Viscido da liquidi oleosi;In cubetti di porfido;Verticale ed orizzontale;Sereno;Normale;Buona;;2;0;0;0;12.4828;41.896;-1;1;Motociclo con passeggero;In marcia / fermata / arresto;Passeggero;F;Rimandato;0;NON DECEDUTO;Utilizzato;
6083460;16;11/08/2022 20:25:00;Strada Urbana;VIA DI BRAVETTA;in prossimit�;;del civico n.;543;;Scontro laterale fra veicoli in marcia;Rettilineo;Una carreggiata a doppio senso;Asciutto;Asfaltata;Verticale ed orizzontale;Sereno;Normale;Buona;;1;0;0;1;12.4227;41.8725;-1;1;Autovettura privata;In marcia / fermata / arresto;Conducente;M;Illeso;0;;Non accertato;Inesploso
6083460;16;11/08/2022 20:25:00;Strada Urbana;VIA DI BRAVETTA;in prossimit�;;del civico n.;543;;Scontro laterale fra veicoli in marcia;Rettilineo;Una carreggiata a doppio senso;Asciutto;Asfaltata;Verticale ed orizzontale;Sereno;Normale;Buona;;1;0;0;1;12.4227;41.8725;-1;2;Motociclo a solo;In marcia / fermata / arresto;Conducente;M;Rimandato;0;NON DECEDUTO;Non accertato;
6083470;15;12/08/2022 09:20:00;Strada Urbana;VIA DELLA CASETTA MATTEI;in corrispondenza;;del civico n.;54;;Veicolo in marcia contro veicolo in sosta;Rettilineo;Una carreggiata a doppio senso;Asciutto;Asfaltata;Verticale ed orizzontale;Sereno;Normale;Buona;;0;0;0;2;12.4221;41.8524;-1;1;Autovettura privata;In marcia / fermata / arresto;Conducente;M;Illeso;0;;Non accertato;Inesploso
6083470;15;12/08/2022 09:20:00;Strada Urbana;VIA DELLA CASETTA MATTEI;in corrispondenza;;del civico n.;54;;Veicolo in marcia contro veicolo in sosta;Rettilineo;Una carreggiata a doppio senso;Asciutto;Asfaltata;Verticale ed orizzontale;Sereno;Normale;Buona;;0;0;0;2;12.4221;41.8524;-1;1;Autovettura privata;In marcia / fermata / arresto;Passeggero;F;Illeso;0;;Non accertato;Inesploso
6083470;15;12/08/2022 09:20:00;Strada Urbana;VIA DELLA CASETTA MATTEI;in corrispondenza;;del civico n.;54;;Veicolo in marcia contro veicolo in sosta;Rettilineo;Una carreggiata a doppio senso;Asciutto;Asfaltata;Verticale ed orizzontale;Sereno;Normale;Buona;;0;0;0;2;12.4221;41.8524;-1;2;Autovettura privata;Sosta;;;;;;;
6083479;16;11/08/2022 23:00:00;;VIA DI MONTE VERDE;in prossimit�;;del civico n.;5;;Infortunio per sola frenata improvvisa;;;;;;;;;;1;0;0;0;;;0;1;Motociclo a solo;In marcia / fermata / arresto;Conducente;F;Rimandato;0;NON DECEDUTO;;
6083501;1;11/08/2022 22:00:00;Strada Urbana;VIA DEL CORSO;all'intersezione semaforizzata con;VIA DELLE CONVERTITE;VIA DELLE CONVERTITE;;;Scontro frontale/laterale DX fra veicoli in marcia;Intersezione semaforizzata;Una carreggiata a senso unico di marcia;Bagnato (pioggia);Asfaltata;Verticale ed orizzontale;Pioggia in atto;Scarso;Buona;;1;0;0;1;12.4798;41.9025;-1;1;Autovettura pubblica;In marcia / fermata / arresto;Conducente;M;Illeso;0;;;
6083501;1;11/08/2022 22:00:00;Strada Urbana;VIA DEL CORSO;all'intersezione semaforizzata con;VIA DELLE CONVERTITE;VIA DELLE CONVERTITE;;;Scontro frontale/laterale DX fra veicoli in marcia;Intersezione semaforizzata;Una carreggiata a senso unico di marcia;Bagnato (pioggia);Asfaltata;Verticale ed orizzontale;Pioggia in atto;Scarso;Buona;;1;0;0;1;12.4798;41.9025;-1;2;Velocipede;In marcia / fermata / arresto;Conducente;M;Rimandato;0;NON DECEDUTO;Esente;
6083562;1;11/08/2022 21:00:00;Strada Urbana;CORSO VITTORIO EMANUELE II;all'intersezione con;VIA DEI BAULLARI;VIA DEI BAULLARI;;;Scontro frontale fra veicoli in marcia;Intersezione semaforizzata;Una carreggiata a doppio senso;Asciutto;Asfaltata;Verticale ed orizzontale;Sereno;Normale;Buona;;1;0;0;3;12.473;41.8968;-1;1;Autovettura privata;In marcia / fermata / arresto;Conducente;M;Illeso;0;;;
6083562;1;11/08/2022 21:00:00;Strada Urbana;CORSO VITTORIO EMANUELE II;all'intersezione con;VIA DEI BAULLARI;VIA DEI BAULLARI;;;Scontro frontale fra veicoli in marcia;Intersezione semaforizzata;Una carreggiata a doppio senso;Asciutto;Asfaltata;Verticale ed orizzontale;Sereno;Normale;Buona;;1;0;0;3;12.473;41.8968;-1;1;Autovettura privata;In marcia / fermata / arresto;Passeggero;F;Illeso;0;;;
6083562;1;11/08/2022 21:00:00;Strada Urbana;CORSO VITTORIO EMANUELE II;all'intersezione con;VIA DEI BAULLARI;VIA DEI BAULLARI;;;Scontro frontale fra veicoli in marcia;Intersezione semaforizzata;Una carreggiata a doppio senso;Asciutto;Asfaltata;Verticale ed orizzontale;Sereno;Normale;Buona;;1;0;0;3;12.473;41.8968;-1;2;Motociclo con passeggero;In marcia / fermata / arresto;Conducente;M;Rimandato;0;NON DECEDUTO;;
6083562;1;11/08/2022 21:00:00;Strada Urbana;CORSO VITTORIO EMANUELE II;all'intersezione con;VIA DEI BAULLARI;VIA DEI BAULLARI;;;Scontro frontale fra veicoli in marcia;Intersezione semaforizzata;Una carreggiata a doppio senso;Asciutto;Asfaltata;Verticale ed orizzontale;Sereno;Normale;Buona;;1;0;0;3;12.473;41.8968;-1;2;Motociclo con passeggero;In marcia / fermata / arresto;Passeggero;M;Illeso;0;;;
6083568;12;12/08/2022 09:00:00;Strada Urbana;VIA DI MEZZOCAMMINO;all'intersezione con;VIA CESARE BAZZANI;VIA CESARE BAZZANI;;;Scontro frontale/laterale SX fra veicoli in marcia;Incrocio;Una carreggiata a doppio senso;Asciutto;Asfaltata;Verticale ed orizzontale;Sereno;Normale;Buona;;2;0;0;0;12.43;41.7856;-1;1;Autovettura privata;In marcia / fermata / arresto;Conducente;F;Rimandato;0;NON DECEDUTO;;
6083568;12;12/08/2022 09:00:00;Strada Urbana;VIA DI MEZZOCAMMINO;all'intersezione con;VIA CESARE BAZZANI;VIA CESARE BAZZANI;;;Scontro frontale/laterale SX fra veicoli in marcia;Incrocio;Una carreggiata a doppio senso;Asciutto;Asfaltata;Verticale ed orizzontale;Sereno;Normale;Buona;;2;0;0;0;12.43;41.7856;-1;2;Autovettura privata;In marcia / fermata / arresto;Conducente;M;Rimandato;0;NON DECEDUTO;;Esploso
6083626;1;11/08/2022 18:30:00;Strada Urbana;VIA DEL TEATRO DI MARCELLO;all'intersezione semaforizzata con;VIA DEL FORO OLITORIO;VIA DEL FORO OLITORIO;;;Scontro frontale/laterale DX fra veicoli in marcia;Intersezione semaforizzata;Una carreggiata a doppio senso;Asciutto;In cubetti di porfido;Verticale ed orizzontale;Sereno;Intenso;Buona;;1;0;0;1;12.4806;41.8909;-1;1;Autovettura privata;In marcia / fermata / arresto;Conducente;M;Illeso;0;;Non accertato;Inesploso
6083626;1;11/08/2022 18:30:00;Strada Urbana;VIA DEL TEATRO DI MARCELLO;all'intersezione semaforizzata con;VIA DEL FORO OLITORIO;VIA DEL FORO OLITORIO;;;Scontro frontale/laterale DX fra veicoli in marcia;Intersezione semaforizzata;Una carreggiata a doppio senso;Asciutto;In cubetti di porfido;Verticale ed orizzontale;Sereno;Intenso;Buona;;1;0;0;1;12.4806;41.8909;-1;2;Ciclomotore;In marcia / fermata / arresto;Conducente;F;Rimandato;0;NON DECEDUTO;Non accertato;
6083667;1;11/08/2022 15:30:00;Strada Urbana;PIAZZA SALLUSTIO;in prossimit�;;del civico n.;15/a;;Tamponamento;Rettilineo;Una carreggiata a senso unico di marcia;Asciutto;Asfaltata;Verticale ed orizzontale;Sereno;Normale;Buona;;0;0;0;1;;;0;1;Autovettura privata;In marcia / fermata / arresto;Conducente;M;Illeso;0;;;
6083667;1;11/08/2022 15:30:00;Strada Urbana;PIAZZA SALLUSTIO;in prossimit�;;del civico n.;15/a;;Tamponamento;Rettilineo;Una carreggiata a senso unico di marcia;Asciutto;Asfaltata;Verticale ed orizzontale;Sereno;Normale;Buona;;0;0;0;1;;;0;2;Autocarro inferiore 35 q.;Allontanatosi;;;;;;;
6083670;3;11/08/2022 16:00:00;Strada Urbana;VIA TIBURTINA;da specificare;;;;in corrispondenza piazzale delle Crociate;Tamponamento Multiplo;Rettilineo;Pi� di due carreggiate;Bagnato (pioggia);Asfaltata;Orizzontale;Nuvoloso;Scarso;Buona;;0;0;0;5;12.5274;41.9086;-1;1;Autovettura privata;In marcia / fermata / arresto;Conducente;F;Illeso;0;;Non accertato;Inesploso
6083670;3;11/08/2022 16:00:00;Strada Urbana;VIA TIBURTINA;da specificare;;;;in corrispondenza piazzale delle Crociate;Tamponamento Multiplo;Rettilineo;Pi� di due carreggiate;Bagnato (pioggia);Asfaltata;Orizzontale;Nuvoloso;Scarso;Buona;;0;0;0;5;12.5274;41.9086;-1;2;Autovettura privata;In marcia / fermata / arresto;Conducente;M;Illeso;0;;Non accertato;Inesploso
6083670;3;11/08/2022 16:00:00;Strada Urbana;VIA TIBURTINA;da specificare;;;;in corrispondenza piazzale delle Crociate;Tamponamento Multiplo;Rettilineo;Pi� di due carreggiate;Bagnato (pioggia);Asfaltata;Orizzontale;Nuvoloso;Scarso;Buona;;0;0;0;5;12.5274;41.9086;-1;2;Autovettura privata;In marcia / fermata / arresto;Passeggero;M;Illeso;0;;Non accertato;Inesploso
6083670;3;11/08/2022 16:00:00;Strada Urbana;VIA TIBURTINA;da specificare;;;;in corrispondenza piazzale delle Crociate;Tamponamento Multiplo;Rettilineo;Pi� di due carreggiate;Bagnato (pioggia);Asfaltata;Orizzontale;Nuvoloso;Scarso;Buona;;0;0;0;5;12.5274;41.9086;-1;2;Autovettura privata;In marcia / fermata / arresto;Passeggero;M;Illeso;0;;Non accertato;Inesploso
6083670;3;11/08/2022 16:00:00;Strada Urbana;VIA TIBURTINA;da specificare;;;;in corrispondenza piazzale delle Crociate;Tamponamento Multiplo;Rettilineo;Pi� di due carreggiate;Bagnato (pioggia);Asfaltata;Orizzontale;Nuvoloso;Scarso;Buona;;0;0;0;5;12.5274;41.9086;-1;3;Autocarro inferiore 35 q.;In marcia / fermata / arresto;Conducente;M;Illeso;0;;Non accertato;Inesploso
6083695;1;12/08/2022 10:00:00;Strada Urbana;VIA DI S. MARIA MAGGIORE;in prossimit�;;del civico n.;125;;Veicolo in marcia contro veicolo in sosta;Pendenza;Una carreggiata a senso unico di marcia;Asciutto;Asfaltata;Verticale ed orizzontale;Sereno;Scarso;Buona;;0;0;0;1;12.4967;41.8975;-1;1;Autovettura privata;In marcia / fermata / arresto;Conducente;M;Illeso;0;;;
6083695;1;12/08/2022 10:00:00;Strada Urbana;VIA DI S. MARIA MAGGIORE;in prossimit�;;del civico n.;125;;Veicolo in marcia contro veicolo in sosta;Pendenza;Una carreggiata a senso unico di marcia;Asciutto;Asfaltata;Verticale ed orizzontale;Sereno;Scarso;Buona;;0;0;0;1;12.4967;41.8975;-1;2;Autovettura privata;Sosta;;;;;;;
6083726;6;12/08/2022 13:00:00;Strada Urbana;VIA COLLATINA;da specificare;;;;fronte numero civico 96;Veicolo in marcia contro veicolo fermo;Rettilineo;Una carreggiata a doppio senso;Asciutto;Asfaltata;Orizzontale;Sereno;Scarso;Buona;;1;0;0;1;12.5642;41.899;-1;1;Autovettura privata;In marcia / fermata / arresto;Conducente;M;Illeso;0;;Non accertato;Inesploso
6083726;6;12/08/2022 13:00:00;Strada Urbana;VIA COLLATINA;da specificare;;;;fronte numero civico 96;Veicolo in marcia contro veicolo fermo;Rettilineo;Una carreggiata a doppio senso;Asciutto;Asfaltata;Orizzontale;Sereno;Scarso;Buona;;1;0;0;1;12.5642;41.899;-1;2;Motociclo a solo;In marcia / fermata / arresto;Conducente;F;Rimandato;0;NON DECEDUTO;Non accertato;
6083812;12;12/08/2022 16:45:00;Provinciale;VIA LAURENTINA;da specificare;;;;ROTATORIA VIA LAURENTINA DIR. GRA ;Scontro laterale fra veicoli in marcia;Rotatoria;Una carreggiata a senso unico di marcia;Asciutto;Asfaltata;Verticale ed orizzontale;Sereno;Normale;Buona;;0;0;0;2;12.4856;41.8103;-1;1;Autovettura privata;In marcia / fermata / arresto;Conducente;M;Illeso;0;;Utilizzato;Inesploso
6083812;12;12/08/2022 16:45:00;Provinciale;VIA LAURENTINA;da specificare;;;;ROTATORIA VIA LAURENTINA DIR. GRA ;Scontro laterale fra veicoli in marcia;Rotatoria;Una carreggiata a senso unico di marcia;Asciutto;Asfaltata;Verticale ed orizzontale;Sereno;Normale;Buona;;0;0;0;2;12.4856;41.8103;-1;2;Autovettura privata;In marcia / fermata / arresto;Conducente;M;Illeso;0;;Utilizzato;Inesploso
6083865;12;12/08/2022 12:55:00;Statale;VIA PONTINA NUOVA;da specificare;;;;ALL'ALTEZZA KM 17600 DIR. LATINA;Scontro laterale fra veicoli in marcia;Curva a visuale libera;Due carreggiate;Asciutto;Asfaltata;Verticale ed orizzontale;Sereno;Normale;Buona;;0;0;0;2;12.4512;41.7924;-1;1;Autovettura privata;In marcia / fermata / arresto;Conducente;M;Illeso;0;;Non accertato;Inesploso
6083865;12;12/08/2022 12:55:00;Statale;VIA PONTINA NUOVA;da specificare;;;;ALL'ALTEZZA KM 17600 DIR. LATINA;Scontro laterale fra veicoli in marcia;Curva a visuale libera;Due carreggiate;Asciutto;Asfaltata;Verticale ed orizzontale;Sereno;Normale;Buona;;0;0;0;2;12.4512;41.7924;-1;2;Autocarro superiore 35 q.;In marcia / fermata / arresto;Conducente;M;Illeso;0;;Non accertato;Inesploso
6083903;17;09/08/2022 08:20:00;Strada Urbana;VIA DELLA CONCILIAZIONE;da specificare;;;;pross. fronte 15;Veicolo in marcia contro veicolo fermo;Rettilineo;Pi� di due carreggiate;Asciutto;In cubetti di porfido;Verticale ed orizzontale;Sereno;Scarso;Buona;;0;0;0;3;12.462;41.9023;-1;1;Autovettura privata;In marcia / fermata / arresto;Conducente;M;Illeso;0;;Non accertato;