Protocollo;Gruppo;DataOraIncidente;Localizzazione1;STRADA1;Localizzazione2;STRADA2;Strada02;Chilometrica;DaSpecificare;NaturaIncidente;particolaritastrade;TipoStrada;FondoStradale;Pavimentazione;Segnaletica;CondizioneAtmosferica;Traffico;Visibilita;Illuminazione;NUM_FERITI;NUM_RISERVATA;NUM_MORTI;NUM_ILLESI;Longitude;Latitude;Confermato;Progressivo;TipoVeicolo;StatoVeicolo;TipoPersona;Sesso;Tipolesione;Deceduto;DecedutoDopo;CinturaCascoUtilizzato;Airbag;
6083903;17;09/08/2022 08:20:00;Strada Urbana;VIA DELLA CONCILIAZIONE;da specificare;;;;pross. fronte 15;Veicolo in marcia contro veicolo fermo;Rettilineo;Pi� di due carreggiate;Asciutto;In cubetti di porfido;Verticale ed orizzontale;Sereno;Scarso;Buona;;0;0;0;3;12.462;41.9023;-1;2;Autovettura privata;In marcia / fermata / arresto;Conducente;F;Illeso;0;;Non accertato;
6083903;17;09/08/2022 08:20:00;Strada Urbana;VIA DELLA CONCILIAZIONE;da specificare;;;;pross. fronte 15;Veicolo in marcia contro veicolo fermo;Rettilineo;Pi� di due carreggiate;Asciutto;In cubetti di porfido;Verticale ed orizzontale;Sereno;Scarso;Buona;;0;0;0;3;12.462;41.9023;-1;2;Autovettura privata;In marcia / fermata / arresto;Passeggero;M;Illeso;0;;;
6084206;1;12/08/2022 22:35:00;Strada Urbana;VIA DEL CORSO;in corrispondenza;;del civico n.;471;;Investimento di pedone;Rettilineo;Una carreggiata a senso unico di marcia;Asciutto;Asfaltata;Verticale ed orizzontale;Nuvoloso;Scarso;Buona;;1;0;0;2;12.4783;41.9062;-1;;;;Pedone;F;Rimandato;0;NON DECEDUTO;;
6084206;1;12/08/2022 22:35:00;Strada Urbana;VIA DEL CORSO;in corrispondenza;;del civico n.;471;;Investimento di pedone;Rettilineo;Una carreggiata a senso unico di marcia;Asciutto;Asfaltata;Verticale ed orizzontale;Nuvoloso;Scarso;Buona;;1;0;0;2;12.4783;41.9062;-1;1;Monopattino elettrico;In marcia / fermata / arresto;Conducente;F;Illeso;0;;;
6084206;1;12/08/2022 22:35:00;Strada Urbana;VIA DEL CORSO;in corrispondenza;;del civico n.;471;;Investimento di pedone;Rettilineo;Una carreggiata a senso unico di marcia;Asciutto;Asfaltata;Verticale ed orizzontale;Nuvoloso;Scarso;Buona;;1;0;0;2;12.4783;41.9062;-1;1;Monopattino elettrico;In marcia / fermata / arresto;Passeggero;F;Illeso;0;;;
6084221;12;13/08/2022 04:05:00;Provinciale;VIA OSTIENSE;da specificare;;;;altezza via Monte del Finocchio;Tamponamento;Rettilineo;Una carreggiata a doppio senso;Bagnato (umidit� in atto);Asfaltata;Verticale ed orizzontale;Nuvoloso;Scarso;Insufficiente;;4;0;0;1;12.4229;41.8109;-1;1;Autovettura privata;In marcia / fermata / arresto;Conducente;F;Rimandato;0;NON DECEDUTO;Non accertato;Esploso
6084221;12;13/08/2022 04:05:00;Provinciale;VIA OSTIENSE;da specificare;;;;altezza via Monte del Finocchio;Tamponamento;Rettilineo;Una carreggiata a doppio senso;Bagnato (umidit� in atto);Asfaltata;Verticale ed orizzontale;Nuvoloso;Scarso;Insufficiente;;4;0;0;1;12.4229;41.8109;-1;1;Autovettura privata;In marcia / fermata / arresto;Passeggero;M;Rimandato;0;NON DECEDUTO;Non accertato;
6084221;12;13/08/2022 04:05:00;Provinciale;VIA OSTIENSE;da specificare;;;;altezza via Monte del Finocchio;Tamponamento;Rettilineo;Una carreggiata a doppio senso;Bagnato (umidit� in atto);Asfaltata;Verticale ed orizzontale;Nuvoloso;Scarso;Insufficiente;;4;0;0;1;12.4229;41.8109;-1;1;Autovettura privata;In marcia / fermata / arresto;Passeggero;M;Illeso;0;;Non accertato;
6084221;12;13/08/2022 04:05:00;Provinciale;VIA OSTIENSE;da specificare;;;;altezza via Monte del Finocchio;Tamponamento;Rettilineo;Una carreggiata a doppio senso;Bagnato (umidit� in atto);Asfaltata;Verticale ed orizzontale;Nuvoloso;Scarso;Insufficiente;;4;0;0;1;12.4229;41.8109;-1;1;Autovettura privata;In marcia / fermata / arresto;Passeggero;M;Rimandato;0;NON DECEDUTO;Non accertato;Inesploso
6084221;12;13/08/2022 04:05:00;Provinciale;VIA OSTIENSE;da specificare;;;;altezza via Monte del Finocchio;Tamponamento;Rettilineo;Una carreggiata a doppio senso;Bagnato (umidit� in atto);Asfaltata;Verticale ed orizzontale;Nuvoloso;Scarso;Insufficiente;;4;0;0;1;12.4229;41.8109;-1;2;Autovettura privata;In marcia / fermata / arresto;Conducente;M;Rimandato;0;NON DECEDUTO;Non accertato;Esploso
6084246;15;12/08/2022 17:30:00;Strada Urbana;VIA DELLA CASETTA MATTEI;in corrispondenza;;del civico n.;54;;Investimento di pedone;Rettilineo;Una carreggiata a doppio senso;Asciutto;Asfaltata;Verticale ed orizzontale;Sereno;Normale;Buona;;1;0;0;0;12.4221;41.8524;-1;;;;Pedone;F;Rimandato;0;NON DECEDUTO;;
6084246;15;12/08/2022 17:30:00;Strada Urbana;VIA DELLA CASETTA MATTEI;in corrispondenza;;del civico n.;54;;Investimento di pedone;Rettilineo;Una carreggiata a doppio senso;Asciutto;Asfaltata;Verticale ed orizzontale;Sereno;Normale;Buona;;1;0;0;0;12.4221;41.8524;-1;1;Velocipede;Allontanatosi;;;;;;;
6084256;1;12/08/2022 17:00:00;Strada Urbana;VIA DEL PORTO FLUVIALE;in prossimit�;;del civico n.;2;;Veicolo in marcia contro veicolo fermo;Rettilineo;Una carreggiata a doppio senso;Asciutto;Asfaltata;Verticale ed orizzontale;Sereno;Normale;Buona;;0;0;0;4;12.4796;41.8726;-1;1;Autovettura privata;In marcia / fermata / arresto;Conducente;F;Illeso;0;;;
6084256;1;12/08/2022 17:00:00;Strada Urbana;VIA DEL PORTO FLUVIALE;in prossimit�;;del civico n.;2;;Veicolo in marcia contro veicolo fermo;Rettilineo;Una carreggiata a doppio senso;Asciutto;Asfaltata;Verticale ed orizzontale;Sereno;Normale;Buona;;0;0;0;4;12.4796;41.8726;-1;1;Autovettura privata;In marcia / fermata / arresto;Passeggero;F;Illeso;0;;;
6084256;1;12/08/2022 17:00:00;Strada Urbana;VIA DEL PORTO FLUVIALE;in prossimit�;;del civico n.;2;;Veicolo in marcia contro veicolo fermo;Rettilineo;Una carreggiata a doppio senso;Asciutto;Asfaltata;Verticale ed orizzontale;Sereno;Normale;Buona;;0;0;0;4;12.4796;41.8726;-1;1;Autovettura privata;In marcia / fermata / arresto;Passeggero;F;Illeso;0;;;
6084256;1;12/08/2022 17:00:00;Strada Urbana;VIA DEL PORTO FLUVIALE;in prossimit�;;del civico n.;2;;Veicolo in marcia contro veicolo fermo;Rettilineo;Una carreggiata a doppio senso;Asciutto;Asfaltata;Verticale ed orizzontale;Sereno;Normale;Buona;;0;0;0;4;12.4796;41.8726;-1;2;Autovettura privata;In marcia / fermata / arresto;Conducente;M;Illeso;0;;;
6084258;20;12/08/2022 21:50:00;Comunale extraurbana;VIA DI PRATO CORAZZA;da specificare;;;;in prossimit� VIA G. CUSMANO;Veicolo in marcia contro animale;Rettilineo;Una carreggiata a doppio senso;Asciutto;Asfaltata;Orizzontale;Sereno;Scarso;Insufficiente;;0;0;0;1;12.3309;42.0821;-1;1;Autovettura privata;In marcia / fermata / arresto;Conducente;F;Illeso;0;;;Inesploso
6084264;6;12/08/2022 20:55:00;Strada Urbana;VIA TOR DE' SCHIAVI;all'intersezione con;VIA ALATRI;VIA ALATRI;;;Scontro frontale fra veicoli in marcia;Incrocio;Due carreggiate;Asciutto;Asfaltata;Verticale ed orizzontale;Sereno;Scarso;Sufficiente;;1;0;0;2;12.5594;41.8934;-1;1;Autovettura privata;In marcia / fermata / arresto;Conducente;M;Illeso;0;;Non accertato;Inesploso
6084264;6;12/08/2022 20:55:00;Strada Urbana;VIA TOR DE' SCHIAVI;all'intersezione con;VIA ALATRI;VIA ALATRI;;;Scontro frontale fra veicoli in marcia;Incrocio;Due carreggiate;Asciutto;Asfaltata;Verticale ed orizzontale;Sereno;Scarso;Sufficiente;;1;0;0;2;12.5594;41.8934;-1;1;Autovettura privata;In marcia / fermata / arresto;Passeggero;F;Illeso;0;;Non accertato;Inesploso
6084264;6;12/08/2022 20:55:00;Strada Urbana;VIA TOR DE' SCHIAVI;all'intersezione con;VIA ALATRI;VIA ALATRI;;;Scontro frontale fra veicoli in marcia;Incrocio;Due carreggiate;Asciutto;Asfaltata;Verticale ed orizzontale;Sereno;Scarso;Sufficiente;;1;0;0;2;12.5594;41.8934;-1;2;Motociclo a solo;In marcia / fermata / arresto;Conducente;M;Ricoverato;0;NON DECEDUTO;;
6084276;1;12/08/2022 21:40:00;Strada Urbana;VIA VITTORIO VENETO;all'intersezione con;VIA LUDOVISI;VIA LUDOVISI;;;Investimento di pedone;Incrocio;Una carreggiata a doppio senso;Asciutto;Asfaltata;Verticale ed orizzontale;Sereno;Scarso;Sufficiente;;1;0;0;1;;;0;;;;Pedone;M;Rifiuta cure immediate;0;NON DECEDUTO;;
6084276;1;12/08/2022 21:40:00;Strada Urbana;VIA VITTORIO VENETO;all'intersezione con;VIA LUDOVISI;VIA LUDOVISI;;;Investimento di pedone;Incrocio;Una carreggiata a doppio senso;Asciutto;Asfaltata;Verticale ed orizzontale;Sereno;Scarso;Sufficiente;;1;0;0;1;;;0;1;Autovettura privata;In marcia / fermata / arresto;Conducente;F;Illeso;0;;;
6084303;1;12/08/2022 16:00:00;Strada Urbana;VIA DELLE BOTTEGHE OSCURE;all'intersezione con;VIA MICHELANGELO CAETANI;VIA MICHELANGELO CAETANI;;;Infortunio per caduta del veicolo;Intersezione non regolata/non segnalata;Una carreggiata a senso unico di marcia;Asciutto;Asfaltata;Orizzontale;Sereno;Scarso;Buona;;1;0;0;0;;;0;1;Monopattino elettrico;In marcia / fermata / arresto;Conducente;F;Rifiuta cure immediate;0;NON DECEDUTO;;
6084314;15;12/08/2022 11:20:00;Strada Urbana;VIA DELLA MAGLIANA;da specificare;;;;prossimit� fronte civico 152;Investimento di pedone;Rettilineo;Due carreggiate;Asciutto;Asfaltata;Verticale ed orizzontale;Sereno;Normale;Buona;;0;0;0;3;12.4196;41.8317;-1;;;;Pedone;F;Illeso;0;;;
6084314;15;12/08/2022 11:20:00;Strada Urbana;VIA DELLA MAGLIANA;da specificare;;;;prossimit� fronte civico 152;Investimento di pedone;Rettilineo;Due carreggiate;Asciutto;Asfaltata;Verticale ed orizzontale;Sereno;Normale;Buona;;0;0;0;3;12.4196;41.8317;-1;1;Autovettura privata;In marcia / fermata / arresto;Conducente;M;Illeso;0;;Non accertato;Inesploso
6084314;15;12/08/2022 11:20:00;Strada Urbana;VIA DELLA MAGLIANA;da specificare;;;;prossimit� fronte civico 152;Investimento di pedone;Rettilineo;Due carreggiate;Asciutto;Asfaltata;Verticale ed orizzontale;Sereno;Normale;Buona;;0;0;0;3;12.4196;41.8317;-1;2;Autovettura privata;In marcia / fermata / arresto;Conducente;F;Illeso;0;;Non accertato;Inesploso
6084325;1;12/08/2022 23:30:00;Strada Urbana;VIA CELIO VIBENNA;da specificare;;;;pross via claudia;Scontro laterale fra veicoli in marcia;Rettilineo;Una carreggiata a senso unico di marcia;Asciutto;In cubetti di porfido;Verticale ed orizzontale;Sereno;Normale;Sufficiente;;0;0;0;6;12.4934;41.8892;-1;1;Autovettura privata;In marcia / fermata / arresto;Conducente;F;Illeso;0;;;
6084325;1;12/08/2022 23:30:00;Strada Urbana;VIA CELIO VIBENNA;da specificare;;;;pross via claudia;Scontro laterale fra veicoli in marcia;Rettilineo;Una carreggiata a senso unico di marcia;Asciutto;In cubetti di porfido;Verticale ed orizzontale;Sereno;Normale;Sufficiente;;0;0;0;6;12.4934;41.8892;-1;1;Autovettura privata;In marcia / fermata / arresto;Passeggero;F;Illeso;0;;Non accertato;
6084325;1;12/08/2022 23:30:00;Strada Urbana;VIA CELIO VIBENNA;da specificare;;;;pross via claudia;Scontro laterale fra veicoli in marcia;Rettilineo;Una carreggiata a senso unico di marcia;Asciutto;In cubetti di porfido;Verticale ed orizzontale;Sereno;Normale;Sufficiente;;0;0;0;6;12.4934;41.8892;-1;1;Autovettura privata;In marcia / fermata / arresto;Passeggero;F;Illeso;0;;Non accertato;
6084325;1;12/08/2022 23:30:00;Strada Urbana;VIA CELIO VIBENNA;da specificare;;;;pross via claudia;Scontro laterale fra veicoli in marcia;Rettilineo;Una carreggiata a senso unico di marcia;Asciutto;In cubetti di porfido;Verticale ed orizzontale;Sereno;Normale;Sufficiente;;0;0;0;6;12.4934;41.8892;-1;1;Autovettura privata;In marcia / fermata / arresto;Passeggero;F;Illeso;0;;Non accertato;
6084325;1;12/08/2022 23:30:00;Strada Urbana;VIA CELIO VIBENNA;da specificare;;;;pross via claudia;Scontro laterale fra veicoli in marcia;Rettilineo;Una carreggiata a senso unico di marcia;Asciutto;In cubetti di porfido;Verticale ed orizzontale;Sereno;Normale;Sufficiente;;0;0;0;6;12.4934;41.8892;-1;2;Autovettura pubblica;In marcia / fermata / arresto;Conducente;M;Illeso;0;;;
6084326;12;13/08/2022 06:20:00;Strada Urbana;VIADOTTO DELLA MAGLIANA;in prossimit�;;del palo luce n.;30;;Veicolo in marcia contro ostacolo fisso;Curva a visuale libera;Una carreggiata a senso unico di marcia;Bagnato (pioggia);Asfaltata;Orizzontale;Pioggia in atto;Scarso;Insufficiente;;0;0;0;1;12.4634;41.842;-1;1;Autovettura privata;In marcia / fermata / arresto;Conducente;F;Illeso;0;;;
6084364;1;12/08/2022 16:50:00;Strada Urbana;VIA LUDOVISI;all'intersezione con;VIA EMILIA;VIA EMILIA;;;Scontro laterale fra veicoli in marcia;Incrocio;Due carreggiate;Asciutto;Asfaltata;Verticale ed orizzontale;Sereno;Scarso;Buona;;1;0;0;3;12.4879;41.9068;-1;1;Autovettura privata;In marcia / fermata / arresto;Conducente;M;Rifiuta cure immediate;0;NON DECEDUTO;;
6084364;1;12/08/2022 16:50:00;Strada Urbana;VIA LUDOVISI;all'intersezione con;VIA EMILIA;VIA EMILIA;;;Scontro laterale fra veicoli in marcia;Incrocio;Due carreggiate;Asciutto;Asfaltata;Verticale ed orizzontale;Sereno;Scarso;Buona;;1;0;0;3;12.4879;41.9068;-1;1;Autovettura privata;In marcia / fermata / arresto;Passeggero;M;Illeso;0;;;
6084364;1;12/08/2022 16:50:00;Strada Urbana;VIA LUDOVISI;all'intersezione con;VIA EMILIA;VIA EMILIA;;;Scontro laterale fra veicoli in marcia;Incrocio;Due carreggiate;Asciutto;Asfaltata;Verticale ed orizzontale;Sereno;Scarso;Buona;;1;0;0;3;12.4879;41.9068;-1;2;Autocarro inferiore 35 q.;In marcia / fermata / arresto;Conducente;M;Illeso;0;;;
6084364;1;12/08/2022 16:50:00;Strada Urbana;VIA LUDOVISI;all'intersezione con;VIA EMILIA;VIA EMILIA;;;Scontro laterale fra veicoli in marcia;Incrocio;Due carreggiate;Asciutto;Asfaltata;Verticale ed orizzontale;Sereno;Scarso;Buona;;1;0;0;3;12.4879;41.9068;-1;2;Autocarro inferiore 35 q.;In marcia / fermata / arresto;Passeggero;M;Illeso;0;;;
6084493;7;12/08/2022 14:00:00;Strada Urbana;VIA DEI PLATANI;all'intersezione con;VIA DEGLI ONTANI;VIA DEGLI ONTANI;;;Scontro laterale fra veicoli in marcia;Incrocio;Una carreggiata a doppio senso;Asciutto;Asfaltata;Verticale ed orizzontale;Sereno;Normale;Buona;;0;0;0;2;12.5714;41.8809;-1;1;Autovettura privata;In marcia / fermata / arresto;Conducente;M;Illeso;0;;;
6084493;7;12/08/2022 14:00:00;Strada Urbana;VIA DEI PLATANI;all'intersezione con;VIA DEGLI ONTANI;VIA DEGLI ONTANI;;;Scontro laterale fra veicoli in marcia;Incrocio;Una carreggiata a doppio senso;Asciutto;Asfaltata;Verticale ed orizzontale;Sereno;Normale;Buona;;0;0;0;2;12.5714;41.8809;-1;2;Autovettura privata;In marcia / fermata / arresto;Conducente;M;Illeso;0;;;
6084493;7;12/08/2022 14:00:00;Strada Urbana;VIA DEI PLATANI;all'intersezione con;VIA DEGLI ONTANI;VIA DEGLI ONTANI;;;Scontro laterale fra veicoli in marcia;Incrocio;Una carreggiata a doppio senso;Asciutto;Asfaltata;Verticale ed orizzontale;Sereno;Normale;Buona;;0;0;0;2;12.5714;41.8809;-1;3;Autovettura privata;Sosta;;;;;;;
6084515;7;13/08/2022 01:15:00;Strada Urbana;VIALE DELLE GARDENIE;all'intersezione con;VIA DEI LAURI;VIA DEI LAURI;;;Scontro frontale/laterale DX fra veicoli in marcia;Incrocio;Due carreggiate;Asciutto;Asfaltata;Verticale ed orizzontale;Sereno;Scarso;Buona;;0;0;0;2;12.5668;41.8859;-1;1;Autovettura privata;In marcia / fermata / arresto;Conducente;M;Illeso;0;;;
6084515;7;13/08/2022 01:15:00;Strada Urbana;VIALE DELLE GARDENIE;all'intersezione con;VIA DEI LAURI;VIA DEI LAURI;;;Scontro frontale/laterale DX fra veicoli in marcia;Incrocio;Due carreggiate;Asciutto;Asfaltata;Verticale ed orizzontale;Sereno;Scarso;Buona;;0;0;0;2;12.5668;41.8859;-1;2;Autovettura privata;In marcia / fermata / arresto;Conducente;M;Illeso;0;;;
6084615;15;13/08/2022 12:10:00;Strada Urbana;VIA DEL TRULLO;da specificare;;;;altezza Via di Monte Cucco;Scontro frontale/laterale SX fra veicoli in marcia;Rettilineo;Due carreggiate;Asciutto;Asfaltata;Assente;Sereno;Normale;Buona;;1;0;0;1;12.4368;41.843;-1;1;Autovettura privata;In marcia / fermata / arresto;Conducente;M;Illeso;0;;Non accertato;Inesploso
6084615;15;13/08/2022 12:10:00;Strada Urbana;VIA DEL TRULLO;da specificare;;;;altezza Via di Monte Cucco;Scontro frontale/laterale SX fra veicoli in marcia;Rettilineo;Due carreggiate;Asciutto;Asfaltata;Assente;Sereno;Normale;Buona;;1;0;0;1;12.4368;41.843;-1;2;Motociclo a solo;In marcia / fermata / arresto;Conducente;M;Rimandato;0;NON DECEDUTO;Non accertato;
6084618;7;13/08/2022 16:00:00;Strada Urbana;VIA EMILIO LONGONI;in prossimit�;;del palo luce n.;49;;Tamponamento;Curva a visuale libera;Due carreggiate;Asciutto;Asfaltata;Verticale ed orizzontale;Sereno;Normale;Buona;;0;0;0;3;12.6035;41.8991;-1;1;Autovettura privata;In marcia / fermata / arresto;Conducente;M;Illeso;0;;Non accertato;Inesploso
6084618;7;13/08/2022 16:00:00;Strada Urbana;VIA EMILIO LONGONI;in prossimit�;;del palo luce n.;49;;Tamponamento;Curva a visuale libera;Due carreggiate;Asciutto;Asfaltata;Verticale ed orizzontale;Sereno;Normale;Buona;;0;0;0;3;12.6035;41.8991;-1;1;Autovettura privata;In marcia / fermata / arresto;Passeggero;F;Illeso;0;;;
6084618;7;13/08/2022 16:00:00;Strada Urbana;VIA EMILIO LONGONI;in prossimit�;;del palo luce n.;49;;Tamponamento;Curva a visuale libera;Due carreggiate;Asciutto;Asfaltata;Verticale ed orizzontale;Sereno;Normale;Buona;;0;0;0;3;12.6035;41.8991;-1;2;Autovettura privata;In marcia / fermata / arresto;Conducente;M;Illeso;0;;Non accertato;Inesploso
6084642;10;12/08/2022 16:45:00;Strada Urbana;VIA ROCCA IMPERIALE;all'intersezione con;VIA BELLICO CALPURNIO;VIA BELLICO CALPURNIO;;;Scontro frontale/laterale DX fra veicoli in marcia;Incrocio;Una carreggiata a doppio senso;Asciutto;Asfaltata;Verticale ed orizzontale;Sereno;Normale;Buona;;1;0;0;5;12.609;41.8245;-1;1;Autovettura privata;In marcia / fermata / arresto;Conducente;F;Illeso;0;;Non accertato;Inesploso
6084642;10;12/08/2022 16:45:00;Strada Urbana;VIA ROCCA IMPERIALE;all'intersezione con;VIA BELLICO CALPURNIO;VIA BELLICO CALPURNIO;;;Scontro frontale/laterale DX fra veicoli in marcia;Incrocio;Una carreggiata a doppio senso;Asciutto;Asfaltata;Verticale ed orizzontale;Sereno;Normale;Buona;;1;0;0;5;12.609;41.8245;-1;1;Autovettura privata;In marcia / fermata / arresto;Passeggero;F;Illeso;0;;Non accertato;Inesploso
6084642;10;12/08/2022 16:45:00;Strada Urbana;VIA ROCCA IMPERIALE;all'intersezione con;VIA BELLICO CALPURNIO;VIA BELLICO CALPURNIO;;;Scontro frontale/laterale DX fra veicoli in marcia;Incrocio;Una carreggiata a doppio senso;Asciutto;Asfaltata;Verticale ed orizzontale;Sereno;Normale;Buona;;1;0;0;5;12.609;41.8245;-1;1;Autovettura privata;In marcia / fermata / arresto;Passeggero;F;Illeso;0;;Non accertato;Inesploso
6084642;10;12/08/2022 16:45:00;Strada Urbana;VIA ROCCA IMPERIALE;all'intersezione con;VIA BELLICO CALPURNIO;VIA BELLICO CALPURNIO;;;Scontro frontale/laterale DX fra veicoli in marcia;Incrocio;Una carreggiata a doppio senso;Asciutto;Asfaltata;Verticale ed orizzontale;Sereno;Normale;Buona;;1;0;0;5;12.609;41.8245;-1;1;Autovettura privata;In marcia / fermata / arresto;Passeggero;F;Illeso;0;;Non accertato;Inesploso
6084642;10;12/08/2022 16:45:00;Strada Urbana;VIA ROCCA IMPERIALE;all'intersezione con;VIA BELLICO CALPURNIO;VIA BELLICO CALPURNIO;;;Scontro frontale/laterale DX fra veicoli in marcia;Incrocio;Una carreggiata a doppio senso;Asciutto;Asfaltata;Verticale ed orizzontale;Sereno;Normale;Buona;;1;0;0;5;12.609;41.8245;-1;2;Autocarro inferiore 35 q.;In marcia / fermata / arresto;Conducente;M;Illeso;0;;Non accertato;Inesploso
6084642;10;12/08/2022 16:45:00;Strada Urbana;VIA ROCCA IMPERIALE;all'intersezione con;VIA BELLICO CALPURNIO;VIA BELLICO CALPURNIO;;;Scontro frontale/laterale DX fra veicoli in marcia;Incrocio;Una carreggiata a doppio senso;Asciutto;Asfaltata;Verticale ed orizzontale;Sereno;Normale;Buona;;1;0;0;5;12.609;41.8245;-1;2;Autocarro inferiore 35 q.;In marcia / fermata / arresto;Passeggero;F;Rimandato;0;NON DECEDUTO;Non accertato;Inesploso
6084642;10;12/08/2022 16:45:00;Strada Urbana;VIA ROCCA IMPERIALE;all'intersezione con;VIA BELLICO CALPURNIO;VIA BELLICO CALPURNIO;;;Scontro frontale/laterale DX fra veicoli in marcia;Incrocio;Una carreggiata a doppio senso;Asciutto;Asfaltata;Verticale ed orizzontale;Sereno;Normale;Buona;;1;0;0;5;12.609;41.8245;-1;3;Autovettura privata;Sosta;;;;;;;
6084642;10;12/08/2022 16:45:00;Strada Urbana;VIA ROCCA IMPERIALE;all'intersezione con;VIA BELLICO CALPURNIO;VIA BELLICO CALPURNIO;;;Scontro frontale/laterale DX fra veicoli in marcia;Incrocio;Una carreggiata a doppio senso;Asciutto;Asfaltata;Verticale ed orizzontale;Sereno;Normale;Buona;;1;0;0;5;12.609;41.8245;-1;4;Autovettura privata;Sosta;;;;;;;
6084678;10;13/08/2022 04:00:00;Strada Urbana;VIA DI CIAMPINO;da specificare;;;; curva pr. del distib pross/ Campo Nomadi Barbuta ;Fuoriuscita dalla sede stradale;Rettilineo;Una carreggiata a doppio senso;Asciutto;Asfaltata;Verticale ed orizzontale;Sereno;Scarso;Buona;;0;0;0;1;12.5822;41.811;-1;1;Autovettura privata;In marcia / fermata / arresto;Conducente;M;Illeso;0;;Non accertato;Inesploso
6084697;10;13/08/2022 16:40:00;Strada Urbana;VIALE GIULIO AGRICOLA;all'intersezione semaforizzata con;VIALE SPARTACO;VIALE SPARTACO;;;Scontro frontale/laterale SX fra veicoli in marcia;Intersezione semaforizzata;Due carreggiate;Asciutto;Asfaltata;Verticale ed orizzontale;Sereno;Scarso;Buona;;2;0;0;2;12.5605;41.8549;-1;1;Autovettura privata;In marcia / fermata / arresto;Conducente;F;Rimandato;0;NON DECEDUTO;Non accertato;Inesploso
6084697;10;13/08/2022 16:40:00;Strada Urbana;VIALE GIULIO AGRICOLA;all'intersezione semaforizzata con;VIALE SPARTACO;VIALE SPARTACO;;;Scontro frontale/laterale SX fra veicoli in marcia;Intersezione semaforizzata;Due carreggiate;Asciutto;Asfaltata;Verticale ed orizzontale;Sereno;Scarso;Buona;;2;0;0;2;12.5605;41.8549;-1;1;Autovettura privata;In marcia / fermata / arresto;Passeggero;M;Rimandato;0;NON DECEDUTO;Non accertato;Inesploso
6084697;10;13/08/2022 16:40:00;Strada Urbana;VIALE GIULIO AGRICOLA;all'intersezione semaforizzata con;VIALE SPARTACO;VIALE SPARTACO;;;Scontro frontale/laterale SX fra veicoli in marcia;Intersezione semaforizzata;Due carreggiate;Asciutto;Asfaltata;Verticale ed orizzontale;Sereno;Scarso;Buona;;2;0;0;2;12.5605;41.8549;-1;2;Autovettura privata;In marcia / fermata / arresto;Conducente;F;Illeso;0;;Non accertato;Inesploso
6084697;10;13/08/2022 16:40:00;Strada Urbana;VIALE GIULIO AGRICOLA;all'intersezione semaforizzata con;VIALE SPARTACO;VIALE SPARTACO;;;Scontro frontale/laterale SX fra veicoli in marcia;Intersezione semaforizzata;Due carreggiate;Asciutto;Asfaltata;Verticale ed orizzontale;Sereno;Scarso;Buona;;2;0;0;2;12.5605;41.8549;-1;2;Autovettura privata;In marcia / fermata / arresto;Passeggero;F;Illeso;0;;Non accertato;Inesploso
6084908;9;12/08/2022 13:40:00;Strada Urbana;PIAZZA VITTORIO EMANUELE II;in prossimit�;;del civico n.;90;;Scontro laterale fra veicoli in marcia;Rettilineo;Una carreggiata a doppio senso;Asciutto;Asfaltata;Verticale ed orizzontale;Sereno;Normale;Buona;;0;0;0;4;;;0;1;Autobus urbano;In marcia / fermata / arresto;Conducente;M;Illeso;0;;Non accertato;Inesploso
6084908;9;12/08/2022 13:40:00;Strada Urbana;PIAZZA VITTORIO EMANUELE II;in prossimit�;;del civico n.;90;;Scontro laterale fra veicoli in marcia;Rettilineo;Una carreggiata a doppio senso;Asciutto;Asfaltata;Verticale ed orizzontale;Sereno;Normale;Buona;;0;0;0;4;;;0;2;Autovettura privata;In marcia / fermata / arresto;Conducente;M;Illeso;0;;Non accertato;Inesploso
6084908;9;12/08/2022 13:40:00;Strada Urbana;PIAZZA VITTORIO EMANUELE II;in prossimit�;;del civico n.;90;;Scontro laterale fra veicoli in marcia;Rettilineo;Una carreggiata a doppio senso;Asciutto;Asfaltata;Verticale ed orizzontale;Sereno;Normale;Buona;;0;0;0;4;;;0;2;Autovettura privata;In marcia / fermata / arresto;Passeggero;F;Illeso;0;;Non accertato;Inesploso
6084908;9;12/08/2022 13:40:00;Strada Urbana;PIAZZA VITTORIO EMANUELE II;in prossimit�;;del civico n.;90;;Scontro laterale fra veicoli in marcia;Rettilineo;Una carreggiata a doppio senso;Asciutto;Asfaltata;Verticale ed orizzontale;Sereno;Normale;Buona;;0;0;0;4;;;0;2;Autovettura privata;In marcia / fermata / arresto;Passeggero;F;Illeso;0;;Non accertato;Inesploso
6084926;9;13/08/2022 16:30:00;Strada Urbana;VIA MAGNAGRECIA;in corrispondenza;;del civico n.;35;;Scontro laterale fra veicoli in marcia;Rettilineo;Una carreggiata a doppio senso;Asciutto;Asfaltata;Assente;Sereno;Normale;Buona;;1;0;0;1;12.5095;41.8844;-1;1;Autovettura privata;In marcia / fermata / arresto;Conducente;M;Illeso;0;;Non accertato;Inesploso