Protocollo;Gruppo;DataOraIncidente;Localizzazione1;STRADA1;Localizzazione2;STRADA2;Strada02;Chilometrica;DaSpecificare;NaturaIncidente;particolaritastrade;TipoStrada;FondoStradale;Pavimentazione;Segnaletica;CondizioneAtmosferica;Traffico;Visibilita;Illuminazione;NUM_FERITI;NUM_RISERVATA;NUM_MORTI;NUM_ILLESI;Longitude;Latitude;Confermato;Progressivo;TipoVeicolo;StatoVeicolo;TipoPersona;Sesso;Tipolesione;Deceduto;DecedutoDopo;CinturaCascoUtilizzato;Airbag;
6086047;11;15/08/2022 20:00:00;Strada Urbana;VIA COSTANTINO;in corrispondenza;;del civico n.;73;;Veicolo in marcia contro veicoli in sosta;Rettilineo;Una carreggiata a doppio senso;Asciutto;Asfaltata;Verticale ed orizzontale;Sereno;Scarso;Buona;;0;0;0;3;12.4845;41.8573;-1;1;Autovettura privata;In marcia / fermata / arresto;Passeggero;F;Illeso;0;;Non accertato;Inesploso
6086047;11;15/08/2022 20:00:00;Strada Urbana;VIA COSTANTINO;in corrispondenza;;del civico n.;73;;Veicolo in marcia contro veicoli in sosta;Rettilineo;Una carreggiata a doppio senso;Asciutto;Asfaltata;Verticale ed orizzontale;Sereno;Scarso;Buona;;0;0;0;3;12.4845;41.8573;-1;1;Autovettura privata;In marcia / fermata / arresto;Passeggero;F;Illeso;0;;Non accertato;Inesploso
6086047;11;15/08/2022 20:00:00;Strada Urbana;VIA COSTANTINO;in corrispondenza;;del civico n.;73;;Veicolo in marcia contro veicoli in sosta;Rettilineo;Una carreggiata a doppio senso;Asciutto;Asfaltata;Verticale ed orizzontale;Sereno;Scarso;Buona;;0;0;0;3;12.4845;41.8573;-1;2;Autovettura privata;Sosta;;;;;;;
6086047;11;15/08/2022 20:00:00;Strada Urbana;VIA COSTANTINO;in corrispondenza;;del civico n.;73;;Veicolo in marcia contro veicoli in sosta;Rettilineo;Una carreggiata a doppio senso;Asciutto;Asfaltata;Verticale ed orizzontale;Sereno;Scarso;Buona;;0;0;0;3;12.4845;41.8573;-1;3;Autovettura privata;Sosta;;;;;;;
6086047;11;15/08/2022 20:00:00;Strada Urbana;VIA COSTANTINO;in corrispondenza;;del civico n.;73;;Veicolo in marcia contro veicoli in sosta;Rettilineo;Una carreggiata a doppio senso;Asciutto;Asfaltata;Verticale ed orizzontale;Sereno;Scarso;Buona;;0;0;0;3;12.4845;41.8573;-1;4;Autovettura privata;Sosta;;;;;;;
6086062;20;15/08/2022 17:00:00;Regionale;VIA FLAMINIA;da specificare;;;;dir. MORLUPO prox Km 15,700;Tamponamento;Rettilineo;Due carreggiate;Asciutto;Asfaltata;Verticale ed orizzontale;Sereno;Scarso;Buona;;0;0;0;5;12.4718;41.9419;-1;1;Autovettura privata;In marcia / fermata / arresto;Conducente;M;Illeso;0;;;Inesploso
6086062;20;15/08/2022 17:00:00;Regionale;VIA FLAMINIA;da specificare;;;;dir. MORLUPO prox Km 15,700;Tamponamento;Rettilineo;Due carreggiate;Asciutto;Asfaltata;Verticale ed orizzontale;Sereno;Scarso;Buona;;0;0;0;5;12.4718;41.9419;-1;1;Autovettura privata;In marcia / fermata / arresto;Passeggero;F;Illeso;0;;;
6086062;20;15/08/2022 17:00:00;Regionale;VIA FLAMINIA;da specificare;;;;dir. MORLUPO prox Km 15,700;Tamponamento;Rettilineo;Due carreggiate;Asciutto;Asfaltata;Verticale ed orizzontale;Sereno;Scarso;Buona;;0;0;0;5;12.4718;41.9419;-1;2;Autovettura privata;In marcia / fermata / arresto;Conducente;M;Illeso;0;;;
6086062;20;15/08/2022 17:00:00;Regionale;VIA FLAMINIA;da specificare;;;;dir. MORLUPO prox Km 15,700;Tamponamento;Rettilineo;Due carreggiate;Asciutto;Asfaltata;Verticale ed orizzontale;Sereno;Scarso;Buona;;0;0;0;5;12.4718;41.9419;-1;2;Autovettura privata;In marcia / fermata / arresto;Passeggero;M;Illeso;0;;;
6086062;20;15/08/2022 17:00:00;Regionale;VIA FLAMINIA;da specificare;;;;dir. MORLUPO prox Km 15,700;Tamponamento;Rettilineo;Due carreggiate;Asciutto;Asfaltata;Verticale ed orizzontale;Sereno;Scarso;Buona;;0;0;0;5;12.4718;41.9419;-1;2;Autovettura privata;In marcia / fermata / arresto;Passeggero;F;Illeso;0;;;
6086072;11;16/08/2022 00:50:00;Strada Urbana;VIA ARDEATINA;da specificare;;;;fronte civico 624;Veicolo in marcia contro ostacolo accidentale;Rettilineo;Una carreggiata a doppio senso;Bagnato (pioggia);Asfaltata;Assente;Pioggia in atto;Scarso;Insufficiente;;1;0;0;0;12.5255;41.8131;-1;1;Motociclo a solo;In marcia / fermata / arresto;Conducente;M;Rifiuta cure immediate;0;NON DECEDUTO;Non accertato;
6086080;12;15/08/2022 17:45:00;Strada Urbana;VIA CRISTOFORO COLOMBO;in prossimit�;;del palo luce n.;461;;Scontro laterale fra veicoli in marcia;Rettilineo;Pi� di due carreggiate;Asciutto;Asfaltata;Verticale ed orizzontale;Sereno;Normale;Buona;;1;0;0;2;12.4115;41.7858;-1;1;Motociclo a solo;In marcia / fermata / arresto;Conducente;M;Rimandato;0;NON DECEDUTO;;
6086080;12;15/08/2022 17:45:00;Strada Urbana;VIA CRISTOFORO COLOMBO;in prossimit�;;del palo luce n.;461;;Scontro laterale fra veicoli in marcia;Rettilineo;Pi� di due carreggiate;Asciutto;Asfaltata;Verticale ed orizzontale;Sereno;Normale;Buona;;1;0;0;2;12.4115;41.7858;-1;2;Autovettura privata;In marcia / fermata / arresto;Conducente;M;Illeso;0;;;
6086080;12;15/08/2022 17:45:00;Strada Urbana;VIA CRISTOFORO COLOMBO;in prossimit�;;del palo luce n.;461;;Scontro laterale fra veicoli in marcia;Rettilineo;Pi� di due carreggiate;Asciutto;Asfaltata;Verticale ed orizzontale;Sereno;Normale;Buona;;1;0;0;2;12.4115;41.7858;-1;2;Autovettura privata;In marcia / fermata / arresto;Passeggero;F;Illeso;0;;;
6086087;5;12/08/2022 09:00:00;Strada Urbana;VIA DEI MONTI TIBURTINI;all'intersezione semaforizzata con;VIA DEI DURANTINI;VIA DEI DURANTINI;;;Scontro frontale/laterale DX fra veicoli in marcia;Intersezione semaforizzata;Due carreggiate;Asciutto;Asfaltata;Verticale ed orizzontale;Sereno;Normale;Buona;;0;0;0;4;12.5429;41.9171;-1;1;Autovettura privata;In marcia / fermata / arresto;Conducente;M;Illeso;0;;Non accertato;Inesploso
6086087;5;12/08/2022 09:00:00;Strada Urbana;VIA DEI MONTI TIBURTINI;all'intersezione semaforizzata con;VIA DEI DURANTINI;VIA DEI DURANTINI;;;Scontro frontale/laterale DX fra veicoli in marcia;Intersezione semaforizzata;Due carreggiate;Asciutto;Asfaltata;Verticale ed orizzontale;Sereno;Normale;Buona;;0;0;0;4;12.5429;41.9171;-1;1;Autovettura privata;In marcia / fermata / arresto;Passeggero;M;Illeso;0;;Non accertato;Inesploso
6086087;5;12/08/2022 09:00:00;Strada Urbana;VIA DEI MONTI TIBURTINI;all'intersezione semaforizzata con;VIA DEI DURANTINI;VIA DEI DURANTINI;;;Scontro frontale/laterale DX fra veicoli in marcia;Intersezione semaforizzata;Due carreggiate;Asciutto;Asfaltata;Verticale ed orizzontale;Sereno;Normale;Buona;;0;0;0;4;12.5429;41.9171;-1;1;Autovettura privata;In marcia / fermata / arresto;Passeggero;F;Illeso;0;;Non accertato;Inesploso
6086087;5;12/08/2022 09:00:00;Strada Urbana;VIA DEI MONTI TIBURTINI;all'intersezione semaforizzata con;VIA DEI DURANTINI;VIA DEI DURANTINI;;;Scontro frontale/laterale DX fra veicoli in marcia;Intersezione semaforizzata;Due carreggiate;Asciutto;Asfaltata;Verticale ed orizzontale;Sereno;Normale;Buona;;0;0;0;4;12.5429;41.9171;-1;2;Motociclo a solo;In marcia / fermata / arresto;Conducente;M;Illeso;0;;Non accertato;
6086097;5;12/08/2022 22:40:00;Strada Urbana;VIA PASQUALE TUOZZI;in prossimit�;;del civico n.;5;;Veicolo in marcia contro veicolo in sosta;Rettilineo;Una carreggiata a doppio senso;Asciutto;Asfaltata;Verticale ed orizzontale;Sereno;Scarso;Sufficiente;;0;0;0;1;12.587;41.9495;-1;1;Autovettura privata;Sosta;;;;;;;
6086097;5;12/08/2022 22:40:00;Strada Urbana;VIA PASQUALE TUOZZI;in prossimit�;;del civico n.;5;;Veicolo in marcia contro veicolo in sosta;Rettilineo;Una carreggiata a doppio senso;Asciutto;Asfaltata;Verticale ed orizzontale;Sereno;Scarso;Sufficiente;;0;0;0;1;12.587;41.9495;-1;2;Autovettura privata;In marcia / fermata / arresto;Conducente;F;Illeso;0;;Non accertato;Inesploso
6086100;5;14/08/2022 13:40:00;Strada Urbana;VIA SIROLO;all'intersezione con;VIA CORINALDO;VIA CORINALDO;;;Scontro frontale/laterale DX fra veicoli in marcia;Intersezione stradale segnalata;Una carreggiata a senso unico di marcia;Asciutto;Asfaltata;Verticale ed orizzontale;Sereno;Normale;Buona;;0;0;0;3;12.586;41.9383;-1;1;Autovettura privata;In marcia / fermata / arresto;Conducente;M;Illeso;0;;;
6086100;5;14/08/2022 13:40:00;Strada Urbana;VIA SIROLO;all'intersezione con;VIA CORINALDO;VIA CORINALDO;;;Scontro frontale/laterale DX fra veicoli in marcia;Intersezione stradale segnalata;Una carreggiata a senso unico di marcia;Asciutto;Asfaltata;Verticale ed orizzontale;Sereno;Normale;Buona;;0;0;0;3;12.586;41.9383;-1;1;Autovettura privata;In marcia / fermata / arresto;Passeggero;F;Illeso;0;;;
6086100;5;14/08/2022 13:40:00;Strada Urbana;VIA SIROLO;all'intersezione con;VIA CORINALDO;VIA CORINALDO;;;Scontro frontale/laterale DX fra veicoli in marcia;Intersezione stradale segnalata;Una carreggiata a senso unico di marcia;Asciutto;Asfaltata;Verticale ed orizzontale;Sereno;Normale;Buona;;0;0;0;3;12.586;41.9383;-1;2;Autovettura privata;In marcia / fermata / arresto;Conducente;M;Illeso;0;;;
6086105;5;15/08/2022 15:00:00;Strada Urbana;VIALE EGIDIO GALBANI;da specificare;;;;prossimit� via Fermo Corni;Veicolo in marcia contro ostacolo fisso;Curva a visuale libera;Due carreggiate;Asciutto;Asfaltata;Verticale ed orizzontale;Sereno;Scarso;Buona;;2;0;0;0;12.5601;41.932;-1;1;Autovettura privata;In marcia / fermata / arresto;Conducente;M;Rimandato;0;NON DECEDUTO;Non accertato;Inesploso
6086105;5;15/08/2022 15:00:00;Strada Urbana;VIALE EGIDIO GALBANI;da specificare;;;;prossimit� via Fermo Corni;Veicolo in marcia contro ostacolo fisso;Curva a visuale libera;Due carreggiate;Asciutto;Asfaltata;Verticale ed orizzontale;Sereno;Scarso;Buona;;2;0;0;0;12.5601;41.932;-1;1;Autovettura privata;In marcia / fermata / arresto;Passeggero;F;Rimandato;0;NON DECEDUTO;Non accertato;Inesploso
6086113;5;15/08/2022 13:40:00;Strada Urbana;VIA TIBURTINA;all'intersezione semaforizzata con;VIA DI CASAL DEI PAZZI;VIA DI CASAL DEI PAZZI;;;Scontro laterale fra veicoli in marcia;Intersezione semaforizzata;Pi� di due carreggiate;Asciutto;Asfaltata;Verticale ed orizzontale;Sereno;Scarso;Buona;;1;0;0;1;12.5712;41.9245;-1;1;Autovettura privata;In marcia / fermata / arresto;Conducente;M;Illeso;0;;Non accertato;Inesploso
6086113;5;15/08/2022 13:40:00;Strada Urbana;VIA TIBURTINA;all'intersezione semaforizzata con;VIA DI CASAL DEI PAZZI;VIA DI CASAL DEI PAZZI;;;Scontro laterale fra veicoli in marcia;Intersezione semaforizzata;Pi� di due carreggiate;Asciutto;Asfaltata;Verticale ed orizzontale;Sereno;Scarso;Buona;;1;0;0;1;12.5712;41.9245;-1;2;Motociclo a solo;In marcia / fermata / arresto;Conducente;M;Rimandato;0;NON DECEDUTO;Non accertato;
6086132;9;15/08/2022 21:10:00;Strada Urbana;PIAZZA RAGUSA;in prossimit�;;del civico n.;53;;Investimento di pedone;Rotatoria;Una carreggiata a senso unico di marcia;Asciutto;Asfaltata;Verticale ed orizzontale;Sereno;Scarso;Buona;;1;0;0;1;12.5229;41.8809;-1;;;;Pedone;M;Rimandato;0;NON DECEDUTO;;
6086132;9;15/08/2022 21:10:00;Strada Urbana;PIAZZA RAGUSA;in prossimit�;;del civico n.;53;;Investimento di pedone;Rotatoria;Una carreggiata a senso unico di marcia;Asciutto;Asfaltata;Verticale ed orizzontale;Sereno;Scarso;Buona;;1;0;0;1;12.5229;41.8809;-1;1;Autocarro inferiore 35 q.;In marcia / fermata / arresto;Conducente;M;Illeso;0;;Non accertato;Inesploso
6086148;19;15/08/2022 09:40:00;Strada Urbana;VIA DI TORREVECCHIA;all'intersezione con;LARGO NELLA MORTARA;LARGO NELLA MORTARA;;;Investimento di pedone;Incrocio;Una carreggiata a doppio senso;Asciutto;Asfaltata;Verticale ed orizzontale;Sereno;Normale;Buona;;1;0;0;2;12.414;41.925;-1;;;;Pedone;M;Rimandato;0;NON DECEDUTO;;
6086148;19;15/08/2022 09:40:00;Strada Urbana;VIA DI TORREVECCHIA;all'intersezione con;LARGO NELLA MORTARA;LARGO NELLA MORTARA;;;Investimento di pedone;Incrocio;Una carreggiata a doppio senso;Asciutto;Asfaltata;Verticale ed orizzontale;Sereno;Normale;Buona;;1;0;0;2;12.414;41.925;-1;1;Autovettura privata;In marcia / fermata / arresto;Conducente;M;Illeso;0;;;
6086148;19;15/08/2022 09:40:00;Strada Urbana;VIA DI TORREVECCHIA;all'intersezione con;LARGO NELLA MORTARA;LARGO NELLA MORTARA;;;Investimento di pedone;Incrocio;Una carreggiata a doppio senso;Asciutto;Asfaltata;Verticale ed orizzontale;Sereno;Normale;Buona;;1;0;0;2;12.414;41.925;-1;1;Autovettura privata;In marcia / fermata / arresto;Passeggero;M;Illeso;0;;;
6086159;16;12/08/2022 06:45:00;Strada Urbana;VIA LAURA MANTEGAZZA;all'intersezione con;VIA S. VINCENZO DE' PAOLI;VIA S. VINCENZO DE' PAOLI;;;Scontro frontale/laterale DX fra veicoli in marcia;Incrocio;Una carreggiata a senso unico di marcia;Asciutto;Asfaltata;Verticale ed orizzontale;Sereno;Normale;Buona;;0;0;0;2;12.456;41.8714;-1;1;Autovettura privata;In marcia / fermata / arresto;Conducente;F;Illeso;0;;Non accertato;Esploso
6086159;16;12/08/2022 06:45:00;Strada Urbana;VIA LAURA MANTEGAZZA;all'intersezione con;VIA S. VINCENZO DE' PAOLI;VIA S. VINCENZO DE' PAOLI;;;Scontro frontale/laterale DX fra veicoli in marcia;Incrocio;Una carreggiata a senso unico di marcia;Asciutto;Asfaltata;Verticale ed orizzontale;Sereno;Normale;Buona;;0;0;0;2;12.456;41.8714;-1;2;Autocarro inferiore 35 q.;In marcia / fermata / arresto;Conducente;M;Illeso;0;;Non accertato;Inesploso
6086159;16;12/08/2022 06:45:00;Strada Urbana;VIA LAURA MANTEGAZZA;all'intersezione con;VIA S. VINCENZO DE' PAOLI;VIA S. VINCENZO DE' PAOLI;;;Scontro frontale/laterale DX fra veicoli in marcia;Incrocio;Una carreggiata a senso unico di marcia;Asciutto;Asfaltata;Verticale ed orizzontale;Sereno;Normale;Buona;;0;0;0;2;12.456;41.8714;-1;3;Autovettura privata;Sosta;;;;;;;
6086177;23;16/08/2022 01:10:00;Strada Urbana;VIA DEI PESCATORI;all'intersezione con;VIA MAR DEI CORALLI;VIA MAR DEI CORALLI;;;Scontro frontale/laterale SX fra veicoli in marcia;Intersezione stradale segnalata;Una carreggiata a doppio senso;Bagnato (pioggia);Asfaltata;Verticale ed orizzontale;Pioggia in atto;Scarso;Sufficiente;;2;0;0;4;12.3344;41.7522;0;1;Autovettura privata;In marcia / fermata / arresto;Conducente;M;Illeso;0;;Esente;Inesploso
6086177;23;16/08/2022 01:10:00;Strada Urbana;VIA DEI PESCATORI;all'intersezione con;VIA MAR DEI CORALLI;VIA MAR DEI CORALLI;;;Scontro frontale/laterale SX fra veicoli in marcia;Intersezione stradale segnalata;Una carreggiata a doppio senso;Bagnato (pioggia);Asfaltata;Verticale ed orizzontale;Pioggia in atto;Scarso;Sufficiente;;2;0;0;4;12.3344;41.7522;0;1;Autovettura privata;In marcia / fermata / arresto;Passeggero;F;Illeso;0;;Esente;Inesploso
6086177;23;16/08/2022 01:10:00;Strada Urbana;VIA DEI PESCATORI;all'intersezione con;VIA MAR DEI CORALLI;VIA MAR DEI CORALLI;;;Scontro frontale/laterale SX fra veicoli in marcia;Intersezione stradale segnalata;Una carreggiata a doppio senso;Bagnato (pioggia);Asfaltata;Verticale ed orizzontale;Pioggia in atto;Scarso;Sufficiente;;2;0;0;4;12.3344;41.7522;0;2;Autovettura privata;In marcia / fermata / arresto;Conducente;M;Illeso;0;;Non accertato;Inesploso
6086177;23;16/08/2022 01:10:00;Strada Urbana;VIA DEI PESCATORI;all'intersezione con;VIA MAR DEI CORALLI;VIA MAR DEI CORALLI;;;Scontro frontale/laterale SX fra veicoli in marcia;Intersezione stradale segnalata;Una carreggiata a doppio senso;Bagnato (pioggia);Asfaltata;Verticale ed orizzontale;Pioggia in atto;Scarso;Sufficiente;;2;0;0;4;12.3344;41.7522;0;2;Autovettura privata;In marcia / fermata / arresto;Passeggero;M;Illeso;0;;Esente;Inesploso
6086177;23;16/08/2022 01:10:00;Strada Urbana;VIA DEI PESCATORI;all'intersezione con;VIA MAR DEI CORALLI;VIA MAR DEI CORALLI;;;Scontro frontale/laterale SX fra veicoli in marcia;Intersezione stradale segnalata;Una carreggiata a doppio senso;Bagnato (pioggia);Asfaltata;Verticale ed orizzontale;Pioggia in atto;Scarso;Sufficiente;;2;0;0;4;12.3344;41.7522;0;2;Autovettura privata;In marcia / fermata / arresto;Passeggero;F;Rimandato;0;NON DECEDUTO;Esente;Inesploso
6086177;23;16/08/2022 01:10:00;Strada Urbana;VIA DEI PESCATORI;all'intersezione con;VIA MAR DEI CORALLI;VIA MAR DEI CORALLI;;;Scontro frontale/laterale SX fra veicoli in marcia;Intersezione stradale segnalata;Una carreggiata a doppio senso;Bagnato (pioggia);Asfaltata;Verticale ed orizzontale;Pioggia in atto;Scarso;Sufficiente;;2;0;0;4;12.3344;41.7522;0;2;Autovettura privata;In marcia / fermata / arresto;Passeggero;F;Rimandato;0;NON DECEDUTO;Non accertato;Inesploso
6086206;15;14/08/2022 17:55:00;Strada Urbana;VIA LUIGI STIPA;da specificare;;;;FRONTE CIV.150;Veicolo in marcia contro ostacolo fisso;Rettilineo;Una carreggiata a doppio senso;Asciutto;Asfaltata;Verticale ed orizzontale;Sereno;Scarso;Buona;;0;0;0;1;12.3273;41.8117;-1;1;Autovettura privata;In marcia / fermata / arresto;Conducente;M;Illeso;0;;Non accertato;Inesploso
6086208;16;12/08/2022 21:30:00;;VIA FEDERICO OZANAM;in prossimit�;;del civico n.;30;;Investimento di pedone;;;;;;;;;;1;0;0;2;;;0;;;;Pedone;M;Ricoverato;0;NON DECEDUTO;;
6086208;16;12/08/2022 21:30:00;;VIA FEDERICO OZANAM;in prossimit�;;del civico n.;30;;Investimento di pedone;;;;;;;;;;1;0;0;2;;;0;1;Autovettura privata;In marcia / fermata / arresto;Conducente;M;Illeso;0;;;
6086208;16;12/08/2022 21:30:00;;VIA FEDERICO OZANAM;in prossimit�;;del civico n.;30;;Investimento di pedone;;;;;;;;;;1;0;0;2;;;0;1;Autovettura privata;In marcia / fermata / arresto;Passeggero;F;Illeso;0;;;
6086218;1;15/08/2022 20:15:00;Strada Urbana;VIA RATTAZZI;in prossimit�;;del civico n.;22;;Veicolo in marcia contro veicolo in sosta;Rettilineo;Una carreggiata a senso unico di marcia;Asciutto;Asfaltata;Verticale ed orizzontale;Sereno;Scarso;Sufficiente;;0;0;0;0;;;0;1;Autovettura privata;Sosta;;;;;;;
6086218;1;15/08/2022 20:15:00;Strada Urbana;VIA RATTAZZI;in prossimit�;;del civico n.;22;;Veicolo in marcia contro veicolo in sosta;Rettilineo;Una carreggiata a senso unico di marcia;Asciutto;Asfaltata;Verticale ed orizzontale;Sereno;Scarso;Sufficiente;;0;0;0;0;;;0;2;Autobus urbano;Allontanatosi;;;;;;;
6086225;16;13/08/2022 00:15:00;Strada Urbana;VIA DEL TRULLO;all'intersezione semaforizzata con;VIA ARCIDOSSO;VIA ARCIDOSSO;;;Scontro laterale fra veicoli in marcia;Intersezione semaforizzata;Due carreggiate;Asciutto;Asfaltata;Verticale ed orizzontale;Sereno;Normale;Buona;;2;0;0;2;12.4368;41.843;-1;1;Autovettura privata;In marcia / fermata / arresto;Conducente;M;Illeso;0;;Non accertato;Inesploso
6086225;16;13/08/2022 00:15:00;Strada Urbana;VIA DEL TRULLO;all'intersezione semaforizzata con;VIA ARCIDOSSO;VIA ARCIDOSSO;;;Scontro laterale fra veicoli in marcia;Intersezione semaforizzata;Due carreggiate;Asciutto;Asfaltata;Verticale ed orizzontale;Sereno;Normale;Buona;;2;0;0;2;12.4368;41.843;-1;1;Autovettura privata;In marcia / fermata / arresto;Passeggero;F;Illeso;0;;Non accertato;Inesploso
6086225;16;13/08/2022 00:15:00;Strada Urbana;VIA DEL TRULLO;all'intersezione semaforizzata con;VIA ARCIDOSSO;VIA ARCIDOSSO;;;Scontro laterale fra veicoli in marcia;Intersezione semaforizzata;Due carreggiate;Asciutto;Asfaltata;Verticale ed orizzontale;Sereno;Normale;Buona;;2;0;0;2;12.4368;41.843;-1;2;Motociclo con passeggero;In marcia / fermata / arresto;Conducente;M;Rimandato;0;NON DECEDUTO;Non accertato;
6086225;16;13/08/2022 00:15:00;Strada Urbana;VIA DEL TRULLO;all'intersezione semaforizzata con;VIA ARCIDOSSO;VIA ARCIDOSSO;;;Scontro laterale fra veicoli in marcia;Intersezione semaforizzata;Due carreggiate;Asciutto;Asfaltata;Verticale ed orizzontale;Sereno;Normale;Buona;;2;0;0;2;12.4368;41.843;-1;2;Motociclo con passeggero;In marcia / fermata / arresto;Passeggero;M;Rimandato;0;NON DECEDUTO;Non accertato;
6086226;7;16/08/2022 10:30:00;Strada Urbana;VIA DELLA RUSTICA;in prossimit�;;del civico n.;252;;Investimento di pedone;Rettilineo;Una carreggiata a doppio senso;Asciutto;Asfaltata;Assente;Sereno;Scarso;Buona;;1;0;0;1;12.6096;41.9134;-1;;;;Pedone;M;Rifiuta cure immediate;0;NON DECEDUTO;;
6086226;7;16/08/2022 10:30:00;Strada Urbana;VIA DELLA RUSTICA;in prossimit�;;del civico n.;252;;Investimento di pedone;Rettilineo;Una carreggiata a doppio senso;Asciutto;Asfaltata;Assente;Sereno;Scarso;Buona;;1;0;0;1;12.6096;41.9134;-1;1;Autovettura privata;In marcia / fermata / arresto;Conducente;M;Illeso;0;;;
6086296;3;12/08/2022 11:10:00;Strada Urbana;VIA ALESSANDRIA;in prossimit�;;del civico n.;11;;Veicolo in marcia contro veicolo in sosta;Rettilineo;Una carreggiata a senso unico di marcia;Asciutto;Asfaltata;Verticale ed orizzontale;Sereno;Normale;Buona;;0;0;0;1;12.5005;41.9104;-1;1;Autovettura privata;In marcia / fermata / arresto;Conducente;M;Illeso;0;;Non accertato;Inesploso
6086296;3;12/08/2022 11:10:00;Strada Urbana;VIA ALESSANDRIA;in prossimit�;;del civico n.;11;;Veicolo in marcia contro veicolo in sosta;Rettilineo;Una carreggiata a senso unico di marcia;Asciutto;Asfaltata;Verticale ed orizzontale;Sereno;Normale;Buona;;0;0;0;1;12.5005;41.9104;-1;2;Autovettura di polizia;Sosta;;;;;;;
6086327;3;12/08/2022 18:15:00;Strada Urbana;VIA STAMIRA;all'intersezione con;VIA LORENZO IL MAGNIFICO;VIA LORENZO IL MAGNIFICO;;;Investimento di pedone;Incrocio;Una carreggiata a senso unico di marcia;Asciutto;Asfaltata;Verticale ed orizzontale;Nuvoloso;Scarso;Buona;;1;0;0;0;12.5232;41.9128;0;;;;Pedone;M;Rimandato;0;NON DECEDUTO;;
6086327;3;12/08/2022 18:15:00;Strada Urbana;VIA STAMIRA;all'intersezione con;VIA LORENZO IL MAGNIFICO;VIA LORENZO IL MAGNIFICO;;;Investimento di pedone;Incrocio;Una carreggiata a senso unico di marcia;Asciutto;Asfaltata;Verticale ed orizzontale;Nuvoloso;Scarso;Buona;;1;0;0;0;12.5232;41.9128;0;1;Motociclo a solo;In marcia / fermata / arresto;;;;;;;
6086334;3;13/08/2022 12:30:00;Strada Urbana;VIA DEGLI EQUI;all'intersezione con;VIA DEI SABELLI;VIA DEI SABELLI;;;Scontro frontale/laterale SX fra veicoli in marcia;Intersezione stradale segnalata;Una carreggiata a senso unico di marcia;Asciutto;Asfaltata;Verticale ed orizzontale;Sereno;Normale;Buona;;1;0;0;2;12.5135;41.896;-1;1;Autovettura privata;In marcia / fermata / arresto;Conducente;F;Illeso;0;;;
6086334;3;13/08/2022 12:30:00;Strada Urbana;VIA DEGLI EQUI;all'intersezione con;VIA DEI SABELLI;VIA DEI SABELLI;;;Scontro frontale/laterale SX fra veicoli in marcia;Intersezione stradale segnalata;Una carreggiata a senso unico di marcia;Asciutto;Asfaltata;Verticale ed orizzontale;Sereno;Normale;Buona;;1;0;0;2;12.5135;41.896;-1;1;Autovettura privata;In marcia / fermata / arresto;Passeggero;M;Illeso;0;;;
6086334;3;13/08/2022 12:30:00;Strada Urbana;VIA DEGLI EQUI;all'intersezione con;VIA DEI SABELLI;VIA DEI SABELLI;;;Scontro frontale/laterale SX fra veicoli in marcia;Intersezione stradale segnalata;Una carreggiata a senso unico di marcia;Asciutto;Asfaltata;Verticale ed orizzontale;Sereno;Normale;Buona;;1;0;0;2;12.5135;41.896;-1;2;Motociclo a solo;In marcia / fermata / arresto;Conducente;M;Ricoverato;0;NON DECEDUTO;;
6086337;3;14/08/2022 01:00:00;Strada Urbana;VIA CERNAIA;in prossimit�;;del civico n.;11;;Veicolo in marcia contro veicolo in sosta;Rettilineo;Una carreggiata a senso unico di marcia;Asciutto;Asfaltata;Verticale ed orizzontale;Sereno;Scarso;Sufficiente;;0;0;0;1;12.4991;41.9057;-1;1;Autovettura privata;In marcia / fermata / arresto;Conducente;F;Illeso;0;;;
6086337;3;14/08/2022 01:00:00;Strada Urbana;VIA CERNAIA;in prossimit�;;del civico n.;11;;Veicolo in marcia contro veicolo in sosta;Rettilineo;Una carreggiata a senso unico di marcia;Asciutto;Asfaltata;Verticale ed orizzontale;Sereno;Scarso;Sufficiente;;0;0;0;1;12.4991;41.9057;-1;2;Autovettura privata;Sosta;;;;;;;
6086337;3;14/08/2022 01:00:00;Strada Urbana;VIA CERNAIA;in prossimit�;;del civico n.;11;;Veicolo in marcia contro veicolo in sosta;Rettilineo;Una carreggiata a senso unico di marcia;Asciutto;Asfaltata;Verticale ed orizzontale;Sereno;Scarso;Sufficiente;;0;0;0;1;12.4991;41.9057;-1;3;Autovettura privata;Sosta;;;;;;;
6086337;3;14/08/2022 01:00:00;Strada Urbana;VIA CERNAIA;in prossimit�;;del civico n.;11;;Veicolo in marcia contro veicolo in sosta;Rettilineo;Una carreggiata a senso unico di marcia;Asciutto;Asfaltata;Verticale ed orizzontale;Sereno;Scarso;Sufficiente;;0;0;0;1;12.4991;41.9057;-1;4;Monopattino elettrico;Sosta;;;;;;;