Protocollo;Gruppo;DataOraIncidente;Localizzazione1;STRADA1;Localizzazione2;STRADA2;Strada02;Chilometrica;DaSpecificare;NaturaIncidente;particolaritastrade;TipoStrada;FondoStradale;Pavimentazione;Segnaletica;CondizioneAtmosferica;Traffico;Visibilita;Illuminazione;NUM_FERITI;NUM_RISERVATA;NUM_MORTI;NUM_ILLESI;Longitude;Latitude;Confermato;Progressivo;TipoVeicolo;StatoVeicolo;TipoPersona;Sesso;Tipolesione;Deceduto;DecedutoDopo;CinturaCascoUtilizzato;Airbag;
6086337;3;14/08/2022 01:00:00;Strada Urbana;VIA CERNAIA;in prossimit�;;del civico n.;11;;Veicolo in marcia contro veicolo in sosta;Rettilineo;Una carreggiata a senso unico di marcia;Asciutto;Asfaltata;Verticale ed orizzontale;Sereno;Scarso;Sufficiente;;0;0;0;1;12.4991;41.9057;-1;5;Monopattino elettrico;Sosta;;;;;;;
6086351;19;16/08/2022 11:30:00;Strada Urbana;VIA DELLA BALDUINA;in prossimit�;;del civico n.;133;;Veicolo in marcia contro veicolo in sosta;Rettilineo;Una carreggiata a doppio senso;Asciutto;Asfaltata;Orizzontale;Sereno;Scarso;Buona;;0;0;0;1;12.4395;41.9208;-1;1;Autovettura privata;In marcia / fermata / arresto;Conducente;M;Illeso;0;;;
6086351;19;16/08/2022 11:30:00;Strada Urbana;VIA DELLA BALDUINA;in prossimit�;;del civico n.;133;;Veicolo in marcia contro veicolo in sosta;Rettilineo;Una carreggiata a doppio senso;Asciutto;Asfaltata;Orizzontale;Sereno;Scarso;Buona;;0;0;0;1;12.4395;41.9208;-1;2;Autovettura privata;Sosta;;;;;;;
6086374;16;15/08/2022 10:50:00;Strada Urbana;VIA DELLA MURATELLA;all'intersezione con;VIALE DI PESCINA GAGLIARDA;VIALE DI PESCINA GAGLIARDA;;;Tamponamento;Intersezione stradale segnalata;Una carreggiata a doppio senso;Asciutto;Asfaltata;Verticale ed orizzontale;Sereno;Scarso;Buona;;1;0;0;5;12.2585;41.8576;-1;1;Autovettura privata;In marcia / fermata / arresto;Conducente;M;Illeso;0;;Non accertato;
6086374;16;15/08/2022 10:50:00;Strada Urbana;VIA DELLA MURATELLA;all'intersezione con;VIALE DI PESCINA GAGLIARDA;VIALE DI PESCINA GAGLIARDA;;;Tamponamento;Intersezione stradale segnalata;Una carreggiata a doppio senso;Asciutto;Asfaltata;Verticale ed orizzontale;Sereno;Scarso;Buona;;1;0;0;5;12.2585;41.8576;-1;1;Autovettura privata;In marcia / fermata / arresto;Passeggero;M;Illeso;0;;Non accertato;
6086374;16;15/08/2022 10:50:00;Strada Urbana;VIA DELLA MURATELLA;all'intersezione con;VIALE DI PESCINA GAGLIARDA;VIALE DI PESCINA GAGLIARDA;;;Tamponamento;Intersezione stradale segnalata;Una carreggiata a doppio senso;Asciutto;Asfaltata;Verticale ed orizzontale;Sereno;Scarso;Buona;;1;0;0;5;12.2585;41.8576;-1;1;Autovettura privata;In marcia / fermata / arresto;Passeggero;M;Illeso;0;;Non accertato;
6086374;16;15/08/2022 10:50:00;Strada Urbana;VIA DELLA MURATELLA;all'intersezione con;VIALE DI PESCINA GAGLIARDA;VIALE DI PESCINA GAGLIARDA;;;Tamponamento;Intersezione stradale segnalata;Una carreggiata a doppio senso;Asciutto;Asfaltata;Verticale ed orizzontale;Sereno;Scarso;Buona;;1;0;0;5;12.2585;41.8576;-1;1;Autovettura privata;In marcia / fermata / arresto;Passeggero;M;Illeso;0;;Non accertato;
6086374;16;15/08/2022 10:50:00;Strada Urbana;VIA DELLA MURATELLA;all'intersezione con;VIALE DI PESCINA GAGLIARDA;VIALE DI PESCINA GAGLIARDA;;;Tamponamento;Intersezione stradale segnalata;Una carreggiata a doppio senso;Asciutto;Asfaltata;Verticale ed orizzontale;Sereno;Scarso;Buona;;1;0;0;5;12.2585;41.8576;-1;2;Motociclo a solo;In marcia / fermata / arresto;Conducente;M;Illeso;0;;Non accertato;
6086374;16;15/08/2022 10:50:00;Strada Urbana;VIA DELLA MURATELLA;all'intersezione con;VIALE DI PESCINA GAGLIARDA;VIALE DI PESCINA GAGLIARDA;;;Tamponamento;Intersezione stradale segnalata;Una carreggiata a doppio senso;Asciutto;Asfaltata;Verticale ed orizzontale;Sereno;Scarso;Buona;;1;0;0;5;12.2585;41.8576;-1;2;Motociclo a solo;In marcia / fermata / arresto;Passeggero;F;Rimandato;0;NON DECEDUTO;Non accertato;
6086380;16;15/08/2022 18:25:00;Strada Urbana;VIA AURELIA ANTICA;all'intersezione con;LARGO 3 GIUGNO 1849;LARGO 3 GIUGNO 1849;;;Veicolo in marcia contro ostacolo fisso;Intersezione stradale segnalata;Una carreggiata a doppio senso;Asciutto;Asfaltata;Orizzontale;Sereno;Scarso;Buona;;0;1;1;0;12.435;41.8902;-1;1;Autovettura privata;In marcia / fermata / arresto;Conducente;M;Prognosi riservata;0;NON DECEDUTO;Non accertato;Esploso
6086380;16;15/08/2022 18:25:00;Strada Urbana;VIA AURELIA ANTICA;all'intersezione con;LARGO 3 GIUGNO 1849;LARGO 3 GIUGNO 1849;;;Veicolo in marcia contro ostacolo fisso;Intersezione stradale segnalata;Una carreggiata a doppio senso;Asciutto;Asfaltata;Orizzontale;Sereno;Scarso;Buona;;0;1;1;0;12.435;41.8902;-1;1;Autovettura privata;In marcia / fermata / arresto;Passeggero;F;Deceduto durante prime cure;-1;;Non accertato;Esploso
6086419;10;16/08/2022 13:20:00;Strada Urbana;VIA DELLA CAVONA;all'intersezione con;VIA ANAGNINA;VIA ANAGNINA;;;Scontro frontale/laterale SX fra veicoli in marcia;Incrocio;Due carreggiate;Asciutto;Asfaltata;Verticale ed orizzontale;Sereno;Normale;Buona;;1;0;0;1;12.6371;41.8037;-1;1;Autovettura privata;In marcia / fermata / arresto;Conducente;M;Illeso;0;;Non accertato;Inesploso
6086419;10;16/08/2022 13:20:00;Strada Urbana;VIA DELLA CAVONA;all'intersezione con;VIA ANAGNINA;VIA ANAGNINA;;;Scontro frontale/laterale SX fra veicoli in marcia;Incrocio;Due carreggiate;Asciutto;Asfaltata;Verticale ed orizzontale;Sereno;Normale;Buona;;1;0;0;1;12.6371;41.8037;-1;2;Motociclo a solo;In marcia / fermata / arresto;Conducente;M;Rimandato;0;NON DECEDUTO;Non accertato;
6086474;7;16/08/2022 14:15:00;Strada Urbana;VIALE PALMIRO TOGLIATTI;in corrispondenza;;del civico n.;532;;Scontro laterale fra veicoli in marcia;Rettilineo;Due carreggiate;Asciutto;Asfaltata;Verticale ed orizzontale;Sereno;Normale;Buona;;0;0;0;2;12.5709;41.8751;-1;1;Autovettura privata;In marcia / fermata / arresto;Conducente;M;Illeso;0;;Non accertato;Inesploso
6086474;7;16/08/2022 14:15:00;Strada Urbana;VIALE PALMIRO TOGLIATTI;in corrispondenza;;del civico n.;532;;Scontro laterale fra veicoli in marcia;Rettilineo;Due carreggiate;Asciutto;Asfaltata;Verticale ed orizzontale;Sereno;Normale;Buona;;0;0;0;2;12.5709;41.8751;-1;2;Autovettura privata;In marcia / fermata / arresto;Conducente;F;Illeso;0;;Non accertato;Inesploso
6086502;6;11/08/2022 20:50:00;Strada Urbana;LARGO IRPINIA;all'intersezione con;VIALE IRPINIA;VIALE IRPINIA;;;Veicolo in marcia contro veicolo in sosta;Incrocio;Una carreggiata a senso unico di marcia;Asciutto;Asfaltata;Verticale ed orizzontale;Sereno;Normale;Buona;;0;0;0;1;12.5497;41.8931;-1;1;Autovettura privata;Sosta;;;;;;;
6086502;6;11/08/2022 20:50:00;Strada Urbana;LARGO IRPINIA;all'intersezione con;VIALE IRPINIA;VIALE IRPINIA;;;Veicolo in marcia contro veicolo in sosta;Incrocio;Una carreggiata a senso unico di marcia;Asciutto;Asfaltata;Verticale ed orizzontale;Sereno;Normale;Buona;;0;0;0;1;12.5497;41.8931;-1;2;Ciclomotore;In marcia / fermata / arresto;Conducente;M;Illeso;0;;Non accertato;
6086545;1;13/08/2022 01:30:00;Strada Urbana;VIA GIOVANNI GIOLITTI;in prossimit�;;del civico n.;65;;Veicolo in marcia contro ostacolo fisso;Rettilineo;Una carreggiata a senso unico di marcia;Asciutto;Asfaltata;Verticale ed orizzontale;Sereno;Intenso;Buona;;0;0;0;1;12.5008;41.9;-1;1;Autovettura privata;In marcia / fermata / arresto;Conducente;M;Illeso;0;;;
6086598;17;11/08/2022 16:10:00;Strada Urbana;PIAZZA ADRIANA;in prossimit�;;del civico n.;5;;Veicolo in marcia contro ostacolo fisso;Rettilineo;Una carreggiata a senso unico di marcia;Asciutto;Asfaltata;Verticale ed orizzontale;Sereno;Normale;Buona;;2;0;0;1;12.4679;41.9046;-1;1;Autocarro inferiore 35 q.;In marcia / fermata / arresto;Conducente;M;Illeso;0;;Non accertato;
6086598;17;11/08/2022 16:10:00;Strada Urbana;PIAZZA ADRIANA;in prossimit�;;del civico n.;5;;Veicolo in marcia contro ostacolo fisso;Rettilineo;Una carreggiata a senso unico di marcia;Asciutto;Asfaltata;Verticale ed orizzontale;Sereno;Normale;Buona;;2;0;0;1;12.4679;41.9046;-1;1;Autocarro inferiore 35 q.;In marcia / fermata / arresto;Passeggero;M;Rimandato;0;NON DECEDUTO;Non accertato;
6086598;17;11/08/2022 16:10:00;Strada Urbana;PIAZZA ADRIANA;in prossimit�;;del civico n.;5;;Veicolo in marcia contro ostacolo fisso;Rettilineo;Una carreggiata a senso unico di marcia;Asciutto;Asfaltata;Verticale ed orizzontale;Sereno;Normale;Buona;;2;0;0;1;12.4679;41.9046;-1;1;Autocarro inferiore 35 q.;In marcia / fermata / arresto;Passeggero;M;Rimandato;0;NON DECEDUTO;Non accertato;
6086628;17;12/08/2022 11:30:00;Strada Urbana;VIA ANDREA DORIA;da specificare;;;;altezza VIA GIROLAMO SAVONAROLA;Veicolo in marcia contro veicolo in sosta;Rettilineo;Una carreggiata a doppio senso;Asciutto;Asfaltata;Verticale ed orizzontale;Sereno;Normale;Buona;;0;0;0;1;12.452;41.9097;-1;1;Autobus turistico;In marcia / fermata / arresto;Conducente;M;Illeso;0;;Non accertato;
6086628;17;12/08/2022 11:30:00;Strada Urbana;VIA ANDREA DORIA;da specificare;;;;altezza VIA GIROLAMO SAVONAROLA;Veicolo in marcia contro veicolo in sosta;Rettilineo;Una carreggiata a doppio senso;Asciutto;Asfaltata;Verticale ed orizzontale;Sereno;Normale;Buona;;0;0;0;1;12.452;41.9097;-1;2;Autovettura privata;Sosta;;;;;;;
6086643;6;16/08/2022 11:00:00;Strada Urbana;VIALE DELLA VENEZIA GIULIA;da specificare;;;;FRONTE VIA MONTONA;Ribaltamento senza urto contro ostacolo fisso;Rettilineo;Una carreggiata a doppio senso;Asciutto;Asfaltata;Verticale ed orizzontale;Sereno;Normale;Buona;;1;0;0;0;12.552;41.8963;-1;1;Autovettura privata;In marcia / fermata / arresto;Conducente;M;Rimandato;0;NON DECEDUTO;Non accertato;Inesploso
6086646;17;12/08/2022 11:30:00;Strada Urbana;VIA S. TOMMASO D'AQUINO;in prossimit�;;del civico n.;90;;Veicolo in marcia contro veicoli in sosta;Rettilineo;Una carreggiata a doppio senso;Asciutto;Asfaltata;Verticale ed orizzontale;Sereno;Normale;Buona;;0;0;0;3;12.4496;41.9133;-1;1;Autovettura privata;In marcia / fermata / arresto;Conducente;M;Illeso;0;;Non accertato;
6086646;17;12/08/2022 11:30:00;Strada Urbana;VIA S. TOMMASO D'AQUINO;in prossimit�;;del civico n.;90;;Veicolo in marcia contro veicoli in sosta;Rettilineo;Una carreggiata a doppio senso;Asciutto;Asfaltata;Verticale ed orizzontale;Sereno;Normale;Buona;;0;0;0;3;12.4496;41.9133;-1;1;Autovettura privata;In marcia / fermata / arresto;Passeggero;M;Illeso;0;;;
6086646;17;12/08/2022 11:30:00;Strada Urbana;VIA S. TOMMASO D'AQUINO;in prossimit�;;del civico n.;90;;Veicolo in marcia contro veicoli in sosta;Rettilineo;Una carreggiata a doppio senso;Asciutto;Asfaltata;Verticale ed orizzontale;Sereno;Normale;Buona;;0;0;0;3;12.4496;41.9133;-1;1;Autovettura privata;In marcia / fermata / arresto;Passeggero;M;Illeso;0;;;
6086646;17;12/08/2022 11:30:00;Strada Urbana;VIA S. TOMMASO D'AQUINO;in prossimit�;;del civico n.;90;;Veicolo in marcia contro veicoli in sosta;Rettilineo;Una carreggiata a doppio senso;Asciutto;Asfaltata;Verticale ed orizzontale;Sereno;Normale;Buona;;0;0;0;3;12.4496;41.9133;-1;2;Autovettura privata;Sosta;;;;;;;
6086646;17;12/08/2022 11:30:00;Strada Urbana;VIA S. TOMMASO D'AQUINO;in prossimit�;;del civico n.;90;;Veicolo in marcia contro veicoli in sosta;Rettilineo;Una carreggiata a doppio senso;Asciutto;Asfaltata;Verticale ed orizzontale;Sereno;Normale;Buona;;0;0;0;3;12.4496;41.9133;-1;3;Autovettura privata;Sosta;;;;;;;
6086662;17;12/08/2022 13:30:00;Strada Urbana;VIA GIUNIO BAZZONI;in prossimit�;;del civico n.;15;;Tamponamento;Rettilineo;Due carreggiate;Asciutto;Asfaltata;Verticale ed orizzontale;Sereno;Scarso;Buona;;1;0;0;1;12.4588;41.9138;-1;1;Autovettura privata;In marcia / fermata / arresto;Conducente;F;Illeso;0;;Non accertato;
6086662;17;12/08/2022 13:30:00;Strada Urbana;VIA GIUNIO BAZZONI;in prossimit�;;del civico n.;15;;Tamponamento;Rettilineo;Due carreggiate;Asciutto;Asfaltata;Verticale ed orizzontale;Sereno;Scarso;Buona;;1;0;0;1;12.4588;41.9138;-1;2;Velocipede;In marcia / fermata / arresto;Conducente;M;Rifiuta cure immediate;0;NON DECEDUTO;Esente;
6086818;11;16/08/2022 14:00:00;Strada Urbana;VIA ROBERTO DE NOBILI;in prossimit�;;del civico n.;2;;Veicolo in marcia contro veicoli in sosta;Rettilineo;Una carreggiata a senso unico di marcia;Asciutto;Asfaltata;Assente;Sereno;Scarso;Buona;;0;0;0;1;12.4901;41.8631;-1;1;Autocarro inferiore 35 q.;In marcia / fermata / arresto;Conducente;M;Illeso;0;;;
6086818;11;16/08/2022 14:00:00;Strada Urbana;VIA ROBERTO DE NOBILI;in prossimit�;;del civico n.;2;;Veicolo in marcia contro veicoli in sosta;Rettilineo;Una carreggiata a senso unico di marcia;Asciutto;Asfaltata;Assente;Sereno;Scarso;Buona;;0;0;0;1;12.4901;41.8631;-1;2;Autovettura privata;Sosta;;;;;;;
6086818;11;16/08/2022 14:00:00;Strada Urbana;VIA ROBERTO DE NOBILI;in prossimit�;;del civico n.;2;;Veicolo in marcia contro veicoli in sosta;Rettilineo;Una carreggiata a senso unico di marcia;Asciutto;Asfaltata;Assente;Sereno;Scarso;Buona;;0;0;0;1;12.4901;41.8631;-1;3;Autovettura privata;Sosta;;;;;;;
6086835;20;16/08/2022 14:20:00;Strada Urbana;CORSO FRANCIA;all'intersezione con;VIA DI VIGNA STELLUTI;VIA DI VIGNA STELLUTI;;;Scontro laterale fra veicoli in marcia;Intersezione semaforizzata;Due carreggiate;Asciutto;Asfaltata;Verticale ed orizzontale;Sereno;Normale;Buona;;0;0;0;2;12.4689;41.9459;-1;1;Autobus di linea;In marcia / fermata / arresto;Conducente;M;Illeso;0;;Non accertato;Inesploso
6086835;20;16/08/2022 14:20:00;Strada Urbana;CORSO FRANCIA;all'intersezione con;VIA DI VIGNA STELLUTI;VIA DI VIGNA STELLUTI;;;Scontro laterale fra veicoli in marcia;Intersezione semaforizzata;Due carreggiate;Asciutto;Asfaltata;Verticale ed orizzontale;Sereno;Normale;Buona;;0;0;0;2;12.4689;41.9459;-1;2;Autovettura privata;In marcia / fermata / arresto;Conducente;F;Illeso;0;;Non accertato;Inesploso
6086841;11;16/08/2022 18:00:00;Strada Urbana;VIA GUGLIELMO MASSAIA;all'intersezione con;VIA S. LORENZO DA BRINDISI;VIA S. LORENZO DA BRINDISI;;;Investimento di pedone;Incrocio;Una carreggiata a doppio senso;Asciutto;Asfaltata;Orizzontale;Sereno;Scarso;Buona;;1;0;0;1;12.4925;41.8616;-1;;;;Pedone;F;Rimandato;0;NON DECEDUTO;;
6086841;11;16/08/2022 18:00:00;Strada Urbana;VIA GUGLIELMO MASSAIA;all'intersezione con;VIA S. LORENZO DA BRINDISI;VIA S. LORENZO DA BRINDISI;;;Investimento di pedone;Incrocio;Una carreggiata a doppio senso;Asciutto;Asfaltata;Orizzontale;Sereno;Scarso;Buona;;1;0;0;1;12.4925;41.8616;-1;1;Autovettura privata;In marcia / fermata / arresto;Conducente;M;Illeso;0;;;
6086847;20;16/08/2022 20:20:00;Strada Urbana;VIA DELLA GIUSTINIANA;all'intersezione con;VIA CONCESIO;VIA CONCESIO;;;Scontro frontale/laterale SX fra veicoli in marcia;Incrocio;Una carreggiata a doppio senso;Asciutto;Asfaltata;Verticale ed orizzontale;Sereno;Scarso;Buona;;0;0;0;1;12.4552;41.9947;-1;1;Autovettura privata;In marcia / fermata / arresto;Conducente;M;Illeso;0;;;
6086847;20;16/08/2022 20:20:00;Strada Urbana;VIA DELLA GIUSTINIANA;all'intersezione con;VIA CONCESIO;VIA CONCESIO;;;Scontro frontale/laterale SX fra veicoli in marcia;Incrocio;Una carreggiata a doppio senso;Asciutto;Asfaltata;Verticale ed orizzontale;Sereno;Scarso;Buona;;0;0;0;1;12.4552;41.9947;-1;2;Autovettura privata;Allontanatosi;;;;;;;
6086862;1;16/08/2022 22:20:00;Strada Urbana;PIAZZA VITTORIO EMANUELE II;in prossimit�;;del civico n.;12/a;;Veicolo in marcia contro ostacolo fisso;Rettilineo;Pi� di due carreggiate;Asciutto;Asfaltata;Verticale ed orizzontale;Sereno;Normale;Sufficiente;;0;0;0;1;12.5035;41.8957;-1;1;Autovettura privata;In marcia / fermata / arresto;Conducente;M;Illeso;0;;;
6086868;7;17/08/2022 00:30:00;Strada Urbana;VIA PRENESTINA;all'intersezione con;VIALE ENZO FERRARI;VIALE ENZO FERRARI;;;Scontro frontale/laterale DX fra veicoli in marcia;Rotatoria;Una carreggiata a senso unico di marcia;Asciutto;Asfaltata;Verticale ed orizzontale;Sereno;Normale;Buona;;0;0;0;7;12.6155;41.8933;-1;1;Autovettura privata;In marcia / fermata / arresto;Conducente;M;Illeso;0;;Non accertato;Inesploso
6086868;7;17/08/2022 00:30:00;Strada Urbana;VIA PRENESTINA;all'intersezione con;VIALE ENZO FERRARI;VIALE ENZO FERRARI;;;Scontro frontale/laterale DX fra veicoli in marcia;Rotatoria;Una carreggiata a senso unico di marcia;Asciutto;Asfaltata;Verticale ed orizzontale;Sereno;Normale;Buona;;0;0;0;7;12.6155;41.8933;-1;1;Autovettura privata;In marcia / fermata / arresto;Passeggero;M;Illeso;0;;Non accertato;Inesploso
6086868;7;17/08/2022 00:30:00;Strada Urbana;VIA PRENESTINA;all'intersezione con;VIALE ENZO FERRARI;VIALE ENZO FERRARI;;;Scontro frontale/laterale DX fra veicoli in marcia;Rotatoria;Una carreggiata a senso unico di marcia;Asciutto;Asfaltata;Verticale ed orizzontale;Sereno;Normale;Buona;;0;0;0;7;12.6155;41.8933;-1;1;Autovettura privata;In marcia / fermata / arresto;Passeggero;M;Illeso;0;;Non accertato;Inesploso
6086868;7;17/08/2022 00:30:00;Strada Urbana;VIA PRENESTINA;all'intersezione con;VIALE ENZO FERRARI;VIALE ENZO FERRARI;;;Scontro frontale/laterale DX fra veicoli in marcia;Rotatoria;Una carreggiata a senso unico di marcia;Asciutto;Asfaltata;Verticale ed orizzontale;Sereno;Normale;Buona;;0;0;0;7;12.6155;41.8933;-1;2;Autovettura privata;In marcia / fermata / arresto;Conducente;M;Illeso;0;;Non accertato;Inesploso
6086868;7;17/08/2022 00:30:00;Strada Urbana;VIA PRENESTINA;all'intersezione con;VIALE ENZO FERRARI;VIALE ENZO FERRARI;;;Scontro frontale/laterale DX fra veicoli in marcia;Rotatoria;Una carreggiata a senso unico di marcia;Asciutto;Asfaltata;Verticale ed orizzontale;Sereno;Normale;Buona;;0;0;0;7;12.6155;41.8933;-1;2;Autovettura privata;In marcia / fermata / arresto;Passeggero;M;Illeso;0;;Non accertato;Inesploso
6086868;7;17/08/2022 00:30:00;Strada Urbana;VIA PRENESTINA;all'intersezione con;VIALE ENZO FERRARI;VIALE ENZO FERRARI;;;Scontro frontale/laterale DX fra veicoli in marcia;Rotatoria;Una carreggiata a senso unico di marcia;Asciutto;Asfaltata;Verticale ed orizzontale;Sereno;Normale;Buona;;0;0;0;7;12.6155;41.8933;-1;2;Autovettura privata;In marcia / fermata / arresto;Passeggero;M;Illeso;0;;Non accertato;Inesploso
6086868;7;17/08/2022 00:30:00;Strada Urbana;VIA PRENESTINA;all'intersezione con;VIALE ENZO FERRARI;VIALE ENZO FERRARI;;;Scontro frontale/laterale DX fra veicoli in marcia;Rotatoria;Una carreggiata a senso unico di marcia;Asciutto;Asfaltata;Verticale ed orizzontale;Sereno;Normale;Buona;;0;0;0;7;12.6155;41.8933;-1;2;Autovettura privata;In marcia / fermata / arresto;Passeggero;M;Illeso;0;;Non accertato;Inesploso
6086901;15;16/08/2022 14:40:00;Strada Urbana;VIA GENERALE AMEDEO MECOZZI;all'intersezione con;VIA COLONNELLO TOMMASO MASALA;VIA COLONNELLO TOMMASO MASALA;;;Scontro frontale/laterale SX fra veicoli in marcia;Incrocio;Una carreggiata a doppio senso;Asciutto;Asfaltata;Verticale ed orizzontale;Sereno;Normale;Buona;;1;0;0;1;12.3921;41.831;-1;1;Autovettura privata;In marcia / fermata / arresto;Conducente;M;Illeso;0;;Non accertato;Esploso
6086901;15;16/08/2022 14:40:00;Strada Urbana;VIA GENERALE AMEDEO MECOZZI;all'intersezione con;VIA COLONNELLO TOMMASO MASALA;VIA COLONNELLO TOMMASO MASALA;;;Scontro frontale/laterale SX fra veicoli in marcia;Incrocio;Una carreggiata a doppio senso;Asciutto;Asfaltata;Verticale ed orizzontale;Sereno;Normale;Buona;;1;0;0;1;12.3921;41.831;-1;2;Autovettura privata;In marcia / fermata / arresto;Conducente;M;Rimandato;0;NON DECEDUTO;Non accertato;Inesploso
6086906;5;16/08/2022 10:15:00;Strada Urbana;VIA DEI DURANTINI;in prossimit�;;del civico n.;350;;Scontro laterale fra veicoli in marcia;Rettilineo;Una carreggiata a doppio senso;Asciutto;Asfaltata;Orizzontale;Sereno;Normale;Buona;;1;0;0;1;12.5456;41.9193;-1;1;Autovettura privata;In marcia / fermata / arresto;Conducente;M;Illeso;0;;Non accertato;Inesploso
6086906;5;16/08/2022 10:15:00;Strada Urbana;VIA DEI DURANTINI;in prossimit�;;del civico n.;350;;Scontro laterale fra veicoli in marcia;Rettilineo;Una carreggiata a doppio senso;Asciutto;Asfaltata;Orizzontale;Sereno;Normale;Buona;;1;0;0;1;12.5456;41.9193;-1;2;Monopattino elettrico;In marcia / fermata / arresto;Conducente;M;Rimandato;0;NON DECEDUTO;Non accertato;Inesploso
6086920;5;16/08/2022 14:45:00;Strada Urbana;VIA DELL'ACQUA MARCIA;in corrispondenza;;del civico n.;51;;Investimento di pedone;Rettilineo;Una carreggiata a doppio senso;Asciutto;Asfaltata;Verticale ed orizzontale;Sereno;Scarso;Buona;;1;0;0;1;12.557;41.9194;-1;;;;Pedone;M;Rimandato;0;NON DECEDUTO;;
6086920;5;16/08/2022 14:45:00;Strada Urbana;VIA DELL'ACQUA MARCIA;in corrispondenza;;del civico n.;51;;Investimento di pedone;Rettilineo;Una carreggiata a doppio senso;Asciutto;Asfaltata;Verticale ed orizzontale;Sereno;Scarso;Buona;;1;0;0;1;12.557;41.9194;-1;1;Autovettura privata;In marcia / fermata / arresto;Conducente;M;Illeso;0;;Non accertato;Inesploso
6086928;5;16/08/2022 17:00:00;Strada Urbana;VIA FERONIA;in prossimit�;;del civico n.;111;;Veicolo in marcia contro ostacolo accidentale;Curva a visuale libera;Una carreggiata a senso unico di marcia;Asciutto;Asfaltata;Verticale;Sereno;Scarso;Buona;;1;0;0;1;12.5485;41.9177;-1;1;Motociclo con passeggero;In marcia / fermata / arresto;Conducente;M;Illeso;0;;Non accertato;
6086928;5;16/08/2022 17:00:00;Strada Urbana;VIA FERONIA;in prossimit�;;del civico n.;111;;Veicolo in marcia contro ostacolo accidentale;Curva a visuale libera;Una carreggiata a senso unico di marcia;Asciutto;Asfaltata;Verticale;Sereno;Scarso;Buona;;1;0;0;1;12.5485;41.9177;-1;1;Motociclo con passeggero;In marcia / fermata / arresto;Passeggero;M;Rimandato;0;NON DECEDUTO;Non accertato;
6086940;15;16/08/2022 20:10:00;Strada Urbana;VIA DELLA PISANA;in corrispondenza;;del civico n.;946/A;;Fuoriuscita dalla sede stradale;Curva senza visuale libera;Una carreggiata a doppio senso;Asciutto;Asfaltata;Orizzontale;Sereno;Normale;Sufficiente;;0;0;0;1;12.3943;41.8568;-1;1;Autovettura privata;In marcia / fermata / arresto;Conducente;F;Illeso;0;;;
6086942;7;16/08/2022 20:50:00;Strada Urbana;VIALE PALMIRO TOGLIATTI;all'intersezione con;VIA DEI MELI;VIA DEI MELI;;;Tamponamento;Incrocio;Due carreggiate;Asciutto;Asfaltata;Verticale ed orizzontale;Sereno;Normale;Sufficiente;;0;0;0;3;12.5733;41.8808;-1;1;Autovettura privata;In marcia / fermata / arresto;Conducente;M;Illeso;0;;Non accertato;Inesploso
6086942;7;16/08/2022 20:50:00;Strada Urbana;VIALE PALMIRO TOGLIATTI;all'intersezione con;VIA DEI MELI;VIA DEI MELI;;;Tamponamento;Incrocio;Due carreggiate;Asciutto;Asfaltata;Verticale ed orizzontale;Sereno;Normale;Sufficiente;;0;0;0;3;12.5733;41.8808;-1;2;Autovettura privata;In marcia / fermata / arresto;Conducente;M;Illeso;0;;Non accertato;Inesploso
6086942;7;16/08/2022 20:50:00;Strada Urbana;VIALE PALMIRO TOGLIATTI;all'intersezione con;VIA DEI MELI;VIA DEI MELI;;;Tamponamento;Incrocio;Due carreggiate;Asciutto;Asfaltata;Verticale ed orizzontale;Sereno;Normale;Sufficiente;;0;0;0;3;12.5733;41.8808;-1;2;Autovettura privata;In marcia / fermata / arresto;Passeggero;F;Illeso;0;;Non accertato;Inesploso
6086950;15;16/08/2022 16:45:00;Strada Urbana;VIA PORTUENSE;in corrispondenza;;del civico n.;714;;Scontro frontale/laterale SX fra veicoli in marcia;Rettilineo;Una carreggiata a doppio senso;Asciutto;Asfaltata;Orizzontale;Sereno;Normale;Buona;;1;0;0;2;12.4339;41.8519;-1;1;Autovettura privata;In marcia / fermata / arresto;Conducente;M;Illeso;0;;Non accertato;Inesploso
6086950;15;16/08/2022 16:45:00;Strada Urbana;VIA PORTUENSE;in corrispondenza;;del civico n.;714;;Scontro frontale/laterale SX fra veicoli in marcia;Rettilineo;Una carreggiata a doppio senso;Asciutto;Asfaltata;Orizzontale;Sereno;Normale;Buona;;1;0;0;2;12.4339;41.8519;-1;1;Autovettura privata;In marcia / fermata / arresto;Passeggero;F;Illeso;0;;Non accertato;Inesploso
6086950;15;16/08/2022 16:45:00;Strada Urbana;VIA PORTUENSE;in corrispondenza;;del civico n.;714;;Scontro frontale/laterale SX fra veicoli in marcia;Rettilineo;Una carreggiata a doppio senso;Asciutto;Asfaltata;Orizzontale;Sereno;Normale;Buona;;1;0;0;2;12.4339;41.8519;-1;2;Motociclo a solo;In marcia / fermata / arresto;Conducente;M;Ricoverato;0;NON DECEDUTO;Non accertato;