Protocollo;Gruppo;DataOraIncidente;Localizzazione1;STRADA1;Localizzazione2;STRADA2;Strada02;Chilometrica;DaSpecificare;NaturaIncidente;particolaritastrade;TipoStrada;FondoStradale;Pavimentazione;Segnaletica;CondizioneAtmosferica;Traffico;Visibilita;Illuminazione;NUM_FERITI;NUM_RISERVATA;NUM_MORTI;NUM_ILLESI;Longitude;Latitude;Confermato;Progressivo;TipoVeicolo;StatoVeicolo;TipoPersona;Sesso;Tipolesione;Deceduto;DecedutoDopo;CinturaCascoUtilizzato;Airbag;
6090448;19;21/08/2022 02:15:00;Strada Urbana;VIA DI TORREVECCHIA;in corrispondenza;;del civico n.;216;;Veicolo in marcia contro veicolo in sosta;Rettilineo;Una carreggiata a doppio senso;Asciutto;Asfaltata;Verticale ed orizzontale;Sereno;Normale;Insufficiente;;0;0;0;1;12.418;41.9301;-1;2;Autovettura privata;Sosta;;;;;;;
6090468;19;21/08/2022 06:00:00;Strada Urbana;VIA DEI MONTI DI PRIMAVALLE;in corrispondenza;;del civico n.;89;;Investimento di pedone;Rettilineo;Una carreggiata a doppio senso;Asciutto;Asfaltata;Orizzontale;Sereno;Scarso;Buona;;0;1;0;0;12.4131;41.9117;0;;;;Pedone;M;Prognosi riservata;0;NON DECEDUTO;;
6090468;19;21/08/2022 06:00:00;Strada Urbana;VIA DEI MONTI DI PRIMAVALLE;in corrispondenza;;del civico n.;89;;Investimento di pedone;Rettilineo;Una carreggiata a doppio senso;Asciutto;Asfaltata;Orizzontale;Sereno;Scarso;Buona;;0;1;0;0;12.4131;41.9117;0;1;Autovettura privata;Allontanatosi;;;;;;;
6090505;19;21/08/2022 15:00:00;Strada Urbana;VIA SEBASTIANO VINCI;in corrispondenza;;del civico n.;45;;Fuoriuscita dalla sede stradale;Rettilineo;Una carreggiata a doppio senso;Asciutto;Asfaltata;Orizzontale;Sereno;Scarso;Buona;;0;0;1;0;12.4202;41.9396;-1;1;Autovettura privata;In marcia / fermata / arresto;Conducente;M;Deceduto sul posto;-1;;;
6090680;11;21/08/2022 04:00:00;Strada Urbana;VIA FONTE BUONO;in corrispondenza;;del civico n.;80;;Veicolo in marcia contro veicolo in sosta;Rettilineo;Una carreggiata a senso unico di marcia;Asciutto;Asfaltata;Orizzontale;Sereno;Scarso;Buona;;0;0;0;1;12.4854;41.8473;-1;1;Autovettura privata;In marcia / fermata / arresto;Conducente;F;Illeso;0;;Non accertato;Inesploso
6090680;11;21/08/2022 04:00:00;Strada Urbana;VIA FONTE BUONO;in corrispondenza;;del civico n.;80;;Veicolo in marcia contro veicolo in sosta;Rettilineo;Una carreggiata a senso unico di marcia;Asciutto;Asfaltata;Orizzontale;Sereno;Scarso;Buona;;0;0;0;1;12.4854;41.8473;-1;2;Autovettura privata;Sosta;;;;;;;
6090682;12;21/08/2022 23:15:00;Provinciale;VIA DI PRATICA;all'intersezione con;VIA DE LA COMUNELLA;VIA DE LA COMUNELLA;;;Fuoriuscita dalla sede stradale;Incrocio;Una carreggiata a doppio senso;Asciutto;Asfaltata;Verticale ed orizzontale;Sereno;Scarso;Insufficiente;;0;0;0;1;12.4452;41.6892;-1;1;Autovettura privata;In marcia / fermata / arresto;Conducente;F;Illeso;0;;Non accertato;Inesploso
6090687;20;21/08/2022 23:30:00;Strada Urbana;VIA MISURINA;in prossimit�;;del civico n.;98;;Scontro frontale/laterale DX fra veicoli in marcia;Curva senza visuale libera;Una carreggiata a senso unico di marcia;Asciutto;Asfaltata;Verticale;Sereno;Scarso;Buona;;0;0;0;2;12.4494;41.9494;-1;1;Autovettura privata;In marcia / fermata / arresto;Conducente;M;Illeso;0;;Non accertato;Inesploso
6090687;20;21/08/2022 23:30:00;Strada Urbana;VIA MISURINA;in prossimit�;;del civico n.;98;;Scontro frontale/laterale DX fra veicoli in marcia;Curva senza visuale libera;Una carreggiata a senso unico di marcia;Asciutto;Asfaltata;Verticale;Sereno;Scarso;Buona;;0;0;0;2;12.4494;41.9494;-1;2;Velocipede;In marcia / fermata / arresto;Conducente;M;Illeso;0;;Esente;
6090693;15;21/08/2022 08:45:00;Strada Urbana;VIA ANTONIO PACINOTTI;in corrispondenza;;del civico n.;8;;Investimento di pedone;Rettilineo;Una carreggiata a doppio senso;Asciutto;Asfaltata;Orizzontale;Sereno;Normale;Buona;;2;0;0;0;12.4682;41.8709;-1;;;;Pedone;M;Rimandato;0;NON DECEDUTO;;
6090693;15;21/08/2022 08:45:00;Strada Urbana;VIA ANTONIO PACINOTTI;in corrispondenza;;del civico n.;8;;Investimento di pedone;Rettilineo;Una carreggiata a doppio senso;Asciutto;Asfaltata;Orizzontale;Sereno;Normale;Buona;;2;0;0;0;12.4682;41.8709;-1;1;Motociclo a solo;In marcia / fermata / arresto;Conducente;M;Rimandato;0;NON DECEDUTO;Non accertato;
6090699;11;21/08/2022 10:55:00;Strada Urbana;VIA PADRE SEMERIA;in prossimit�;;del palo luce n.;12;;Investimento di pedone;Rettilineo;Una carreggiata a senso unico di marcia;Asciutto;Asfaltata;Assente;Sereno;Scarso;Buona;;1;0;0;1;12.4948;41.8655;-1;;;;Pedone;M;Rimandato;0;NON DECEDUTO;;
6090699;11;21/08/2022 10:55:00;Strada Urbana;VIA PADRE SEMERIA;in prossimit�;;del palo luce n.;12;;Investimento di pedone;Rettilineo;Una carreggiata a senso unico di marcia;Asciutto;Asfaltata;Assente;Sereno;Scarso;Buona;;1;0;0;1;12.4948;41.8655;-1;1;Autovettura privata;In marcia / fermata / arresto;Conducente;M;Illeso;0;;Non accertato;Inesploso
6090700;6;20/08/2022 00:10:00;Strada Urbana;VIA DEGLI ANGELI;all'intersezione con;VIA DEI CICERI;VIA DEI CICERI;;;Scontro frontale/laterale SX fra veicoli in marcia;Incrocio;Una carreggiata a doppio senso;Asciutto;Asfaltata;Verticale ed orizzontale;Nuvoloso;Scarso;Sufficiente;;2;0;0;1;12.5475;41.8725;-1;1;Autovettura privata;In marcia / fermata / arresto;Conducente;M;Illeso;0;;Non accertato;Inesploso
6090700;6;20/08/2022 00:10:00;Strada Urbana;VIA DEGLI ANGELI;all'intersezione con;VIA DEI CICERI;VIA DEI CICERI;;;Scontro frontale/laterale SX fra veicoli in marcia;Incrocio;Una carreggiata a doppio senso;Asciutto;Asfaltata;Verticale ed orizzontale;Nuvoloso;Scarso;Sufficiente;;2;0;0;1;12.5475;41.8725;-1;2;Autovettura privata;In marcia / fermata / arresto;Conducente;M;Rimandato;0;NON DECEDUTO;Non accertato;Inesploso
6090700;6;20/08/2022 00:10:00;Strada Urbana;VIA DEGLI ANGELI;all'intersezione con;VIA DEI CICERI;VIA DEI CICERI;;;Scontro frontale/laterale SX fra veicoli in marcia;Incrocio;Una carreggiata a doppio senso;Asciutto;Asfaltata;Verticale ed orizzontale;Nuvoloso;Scarso;Sufficiente;;2;0;0;1;12.5475;41.8725;-1;2;Autovettura privata;In marcia / fermata / arresto;Passeggero;M;Rimandato;0;NON DECEDUTO;Non accertato;Inesploso
6090708;1;19/08/2022 11:35:00;Strada Urbana;VIA SALLUSTIANA;in prossimit�;;del civico n.;27B;;Veicolo in marcia contro ostacolo accidentale;Rettilineo;Una carreggiata a senso unico di marcia;Asciutto;In cubetti di porfido;Verticale;Nuvoloso;Scarso;Buona;;1;0;0;0;12.4925;41.9065;-1;1;Motociclo a solo;In marcia / fermata / arresto;Conducente;M;Rimandato;0;NON DECEDUTO;;
6090715;5;19/08/2022 12:00:00;Strada Urbana;VIA DELLE CAVE DI PIETRALATA;in prossimit�;;del civico n.;62;;Veicolo in marcia contro veicolo in sosta;Rettilineo;Una carreggiata a doppio senso;Bagnato (pioggia);Asfaltata;Verticale ed orizzontale;Nuvoloso;Normale;Buona;;0;0;0;0;12.5375;41.9095;-1;1;Autovettura privata;Sosta;;;;;;;
6090715;5;19/08/2022 12:00:00;Strada Urbana;VIA DELLE CAVE DI PIETRALATA;in prossimit�;;del civico n.;62;;Veicolo in marcia contro veicolo in sosta;Rettilineo;Una carreggiata a doppio senso;Bagnato (pioggia);Asfaltata;Verticale ed orizzontale;Nuvoloso;Normale;Buona;;0;0;0;0;12.5375;41.9095;-1;2;Autocarro inferiore 35 q.;Allontanatosi;;;;;;;
6090730;5;21/08/2022 15:04:00;Strada Urbana;VIA TIBURTINA;da specificare;;;;prossimit� Via Marco Simone;Scontro laterale fra veicoli in marcia;Rettilineo;Una carreggiata a doppio senso;Asciutto;Asfaltata;Verticale ed orizzontale;Nuvoloso;Scarso;Buona;;1;0;0;1;12.6449;41.9417;-1;1;Autovettura privata;In marcia / fermata / arresto;Conducente;M;Illeso;0;;Non accertato;Inesploso
6090730;5;21/08/2022 15:04:00;Strada Urbana;VIA TIBURTINA;da specificare;;;;prossimit� Via Marco Simone;Scontro laterale fra veicoli in marcia;Rettilineo;Una carreggiata a doppio senso;Asciutto;Asfaltata;Verticale ed orizzontale;Nuvoloso;Scarso;Buona;;1;0;0;1;12.6449;41.9417;-1;2;Autovettura privata;In marcia / fermata / arresto;Conducente;M;Rimandato;0;NON DECEDUTO;Non accertato;Inesploso
6090731;5;19/08/2022 17:20:00;Strada Urbana;VIA RICCARDO ZAMPIERI;in corrispondenza;;del civico n.;29;;Tamponamento;Rettilineo;Una carreggiata a senso unico di marcia;Asciutto;Asfaltata;Orizzontale;Sereno;Normale;Buona;;0;0;0;3;12.5492;41.9051;-1;1;Autovettura privata;In marcia / fermata / arresto;Conducente;F;Illeso;0;;Non accertato;Inesploso
6090731;5;19/08/2022 17:20:00;Strada Urbana;VIA RICCARDO ZAMPIERI;in corrispondenza;;del civico n.;29;;Tamponamento;Rettilineo;Una carreggiata a senso unico di marcia;Asciutto;Asfaltata;Orizzontale;Sereno;Normale;Buona;;0;0;0;3;12.5492;41.9051;-1;2;Autovettura privata;In marcia / fermata / arresto;Conducente;M;Illeso;0;;Non accertato;Inesploso
6090731;5;19/08/2022 17:20:00;Strada Urbana;VIA RICCARDO ZAMPIERI;in corrispondenza;;del civico n.;29;;Tamponamento;Rettilineo;Una carreggiata a senso unico di marcia;Asciutto;Asfaltata;Orizzontale;Sereno;Normale;Buona;;0;0;0;3;12.5492;41.9051;-1;2;Autovettura privata;In marcia / fermata / arresto;Passeggero;M;Illeso;0;;Non accertato;Inesploso
6090732;5;21/08/2022 15:10:00;Strada Urbana;VIA DEI MONTI TIBURTINI;da specificare;;;;civ. 385 in corrisp. ospedale "Sandro Pertini";Scontro frontale/laterale DX fra veicoli in marcia;Rettilineo;Pi� di due carreggiate;Asciutto;Asfaltata;Verticale ed orizzontale;Sereno;Scarso;Buona;;3;0;0;0;12.5387;41.9187;-1;1;Autovettura privata;In marcia / fermata / arresto;Conducente;F;Rimandato;0;NON DECEDUTO;Non accertato;Inesploso
6090732;5;21/08/2022 15:10:00;Strada Urbana;VIA DEI MONTI TIBURTINI;da specificare;;;;civ. 385 in corrisp. ospedale "Sandro Pertini";Scontro frontale/laterale DX fra veicoli in marcia;Rettilineo;Pi� di due carreggiate;Asciutto;Asfaltata;Verticale ed orizzontale;Sereno;Scarso;Buona;;3;0;0;0;12.5387;41.9187;-1;2;Autovettura privata;In marcia / fermata / arresto;Conducente;F;Rimandato;0;NON DECEDUTO;Non accertato;Inesploso
6090732;5;21/08/2022 15:10:00;Strada Urbana;VIA DEI MONTI TIBURTINI;da specificare;;;;civ. 385 in corrisp. ospedale "Sandro Pertini";Scontro frontale/laterale DX fra veicoli in marcia;Rettilineo;Pi� di due carreggiate;Asciutto;Asfaltata;Verticale ed orizzontale;Sereno;Scarso;Buona;;3;0;0;0;12.5387;41.9187;-1;2;Autovettura privata;In marcia / fermata / arresto;Passeggero;F;Rimandato;0;NON DECEDUTO;Non accertato;Inesploso
6090733;20;21/08/2022 18:44:00;Strada Urbana;VIA CASSIA;da specificare;;;;fronte civico 844;Tamponamento Multiplo;Rettilineo;Una carreggiata a doppio senso;Asciutto;Asfaltata;Verticale ed orizzontale;Sereno;Normale;Buona;;2;0;0;2;12.4384;41.9681;-1;1;Autovettura privata;In marcia / fermata / arresto;Conducente;M;Illeso;0;;;
6090733;20;21/08/2022 18:44:00;Strada Urbana;VIA CASSIA;da specificare;;;;fronte civico 844;Tamponamento Multiplo;Rettilineo;Una carreggiata a doppio senso;Asciutto;Asfaltata;Verticale ed orizzontale;Sereno;Normale;Buona;;2;0;0;2;12.4384;41.9681;-1;2;Autovettura privata;In marcia / fermata / arresto;Conducente;M;Rimandato;0;NON DECEDUTO;;
6090733;20;21/08/2022 18:44:00;Strada Urbana;VIA CASSIA;da specificare;;;;fronte civico 844;Tamponamento Multiplo;Rettilineo;Una carreggiata a doppio senso;Asciutto;Asfaltata;Verticale ed orizzontale;Sereno;Normale;Buona;;2;0;0;2;12.4384;41.9681;-1;2;Autovettura privata;In marcia / fermata / arresto;Passeggero;F;Rimandato;0;NON DECEDUTO;;
6090733;20;21/08/2022 18:44:00;Strada Urbana;VIA CASSIA;da specificare;;;;fronte civico 844;Tamponamento Multiplo;Rettilineo;Una carreggiata a doppio senso;Asciutto;Asfaltata;Verticale ed orizzontale;Sereno;Normale;Buona;;2;0;0;2;12.4384;41.9681;-1;3;Autovettura privata;In marcia / fermata / arresto;Conducente;M;Illeso;0;;;
6090734;1;19/08/2022 14:15:00;Strada Urbana;VIA LABICANA;all'intersezione con;VIA MERULANA;VIA MERULANA;;;Infortunio per sola frenata improvvisa;Intersezione semaforizzata;Pi� di due carreggiate;Asciutto;Asfaltata;Verticale ed orizzontale;Nuvoloso;Normale;Buona;;1;0;0;0;12.498;41.89;0;1;Micromobilit� elettrica - Hoverboard;In marcia / fermata / arresto;Conducente;M;Rimandato;0;NON DECEDUTO;;
6090738;6;20/08/2022 20:10:00;Strada Urbana;VIA SAMPIERO DI BASTELICA;in corrispondenza;;del civico n.;108;;Veicolo in marcia contro veicolo in sosta;Rettilineo;Una carreggiata a senso unico di marcia;Asciutto;Asfaltata;Verticale ed orizzontale;Sereno;Scarso;Buona;;0;0;0;1;12.5413;41.8908;-1;1;Autovettura privata;In marcia / fermata / arresto;Conducente;F;Illeso;0;;Non accertato;
6090738;6;20/08/2022 20:10:00;Strada Urbana;VIA SAMPIERO DI BASTELICA;in corrispondenza;;del civico n.;108;;Veicolo in marcia contro veicolo in sosta;Rettilineo;Una carreggiata a senso unico di marcia;Asciutto;Asfaltata;Verticale ed orizzontale;Sereno;Scarso;Buona;;0;0;0;1;12.5413;41.8908;-1;2;Autovettura privata;Sosta;;;;;;;
6090743;1;21/08/2022 20:30:00;Strada Urbana;LUNGOTEVERE RIPA;da specificare;;;;altezza palo luce n. 11;Scontro frontale/laterale SX fra veicoli in marcia;Rettilineo;Una carreggiata a senso unico di marcia;Asciutto;Asfaltata;Verticale ed orizzontale;Sereno;Normale;Buona;;1;0;0;3;;;0;1;Autovettura privata;In marcia / fermata / arresto;Conducente;;Illeso;0;;;
6090743;1;21/08/2022 20:30:00;Strada Urbana;LUNGOTEVERE RIPA;da specificare;;;;altezza palo luce n. 11;Scontro frontale/laterale SX fra veicoli in marcia;Rettilineo;Una carreggiata a senso unico di marcia;Asciutto;Asfaltata;Verticale ed orizzontale;Sereno;Normale;Buona;;1;0;0;3;;;0;1;Autovettura privata;In marcia / fermata / arresto;Passeggero;M;Illeso;0;;;
6090743;1;21/08/2022 20:30:00;Strada Urbana;LUNGOTEVERE RIPA;da specificare;;;;altezza palo luce n. 11;Scontro frontale/laterale SX fra veicoli in marcia;Rettilineo;Una carreggiata a senso unico di marcia;Asciutto;Asfaltata;Verticale ed orizzontale;Sereno;Normale;Buona;;1;0;0;3;;;0;1;Autovettura privata;In marcia / fermata / arresto;Passeggero;F;Illeso;0;;;
6090743;1;21/08/2022 20:30:00;Strada Urbana;LUNGOTEVERE RIPA;da specificare;;;;altezza palo luce n. 11;Scontro frontale/laterale SX fra veicoli in marcia;Rettilineo;Una carreggiata a senso unico di marcia;Asciutto;Asfaltata;Verticale ed orizzontale;Sereno;Normale;Buona;;1;0;0;3;;;0;2;Motociclo a solo;In marcia / fermata / arresto;Conducente;M;Rimandato;0;NON DECEDUTO;;
6090748;11;21/08/2022 04:00:00;Strada Urbana;VIALE GUGLIELMO MARCONI;da specificare;;;;prossimit� palo acea 90 dir. via C. Colombo;Tamponamento Multiplo;Rettilineo;Due carreggiate;Asciutto;Asfaltata;Verticale ed orizzontale;Sereno;Scarso;Sufficiente;;1;0;0;4;12.4713;41.8573;-1;1;Autovettura privata;In marcia / fermata / arresto;Conducente;F;Illeso;0;;Non accertato;Inesploso
6090748;11;21/08/2022 04:00:00;Strada Urbana;VIALE GUGLIELMO MARCONI;da specificare;;;;prossimit� palo acea 90 dir. via C. Colombo;Tamponamento Multiplo;Rettilineo;Due carreggiate;Asciutto;Asfaltata;Verticale ed orizzontale;Sereno;Scarso;Sufficiente;;1;0;0;4;12.4713;41.8573;-1;1;Autovettura privata;In marcia / fermata / arresto;Passeggero;M;Illeso;0;;Non accertato;Inesploso
6090748;11;21/08/2022 04:00:00;Strada Urbana;VIALE GUGLIELMO MARCONI;da specificare;;;;prossimit� palo acea 90 dir. via C. Colombo;Tamponamento Multiplo;Rettilineo;Due carreggiate;Asciutto;Asfaltata;Verticale ed orizzontale;Sereno;Scarso;Sufficiente;;1;0;0;4;12.4713;41.8573;-1;2;Autovettura privata;In marcia / fermata / arresto;Conducente;M;Illeso;0;;Non accertato;Inesploso
6090748;11;21/08/2022 04:00:00;Strada Urbana;VIALE GUGLIELMO MARCONI;da specificare;;;;prossimit� palo acea 90 dir. via C. Colombo;Tamponamento Multiplo;Rettilineo;Due carreggiate;Asciutto;Asfaltata;Verticale ed orizzontale;Sereno;Scarso;Sufficiente;;1;0;0;4;12.4713;41.8573;-1;2;Autovettura privata;In marcia / fermata / arresto;Passeggero;M;Illeso;0;;Non accertato;Inesploso
6090748;11;21/08/2022 04:00:00;Strada Urbana;VIALE GUGLIELMO MARCONI;da specificare;;;;prossimit� palo acea 90 dir. via C. Colombo;Tamponamento Multiplo;Rettilineo;Due carreggiate;Asciutto;Asfaltata;Verticale ed orizzontale;Sereno;Scarso;Sufficiente;;1;0;0;4;12.4713;41.8573;-1;3;Autovettura privata;In marcia / fermata / arresto;Conducente;M;Rifiuta cure immediate;0;NON DECEDUTO;Non accertato;Inesploso
6090764;7;20/08/2022 18:30:00;Strada Urbana;VIA DEI CICLAMINI;in prossimit�;;del civico n.;50;;Scontro frontale/laterale DX fra veicoli in marcia;Rettilineo;Una carreggiata a doppio senso;Asciutto;Asfaltata;Verticale ed orizzontale;Sereno;Scarso;Buona;;0;0;0;2;12.5663;41.891;-1;1;Motociclo con passeggero;In marcia / fermata / arresto;Conducente;M;Illeso;0;;Non accertato;
6090764;7;20/08/2022 18:30:00;Strada Urbana;VIA DEI CICLAMINI;in prossimit�;;del civico n.;50;;Scontro frontale/laterale DX fra veicoli in marcia;Rettilineo;Una carreggiata a doppio senso;Asciutto;Asfaltata;Verticale ed orizzontale;Sereno;Scarso;Buona;;0;0;0;2;12.5663;41.891;-1;2;Autovettura privata;In marcia / fermata / arresto;Conducente;M;Illeso;0;;Non accertato;Inesploso
6090765;20;21/08/2022 17:40:00;Strada Urbana;PIAZZALE DI PONTE MILVIO;in corrispondenza;;del civico n.;33;;Veicolo in marcia contro veicolo in sosta;Rotatoria;Una carreggiata a senso unico di marcia;Asciutto;Asfaltata;Verticale;Nuvoloso;Scarso;Buona;;0;0;0;0;12.4664;41.9375;-1;1;Autovettura privata;Allontanatosi;;;;;;;
6090765;20;21/08/2022 17:40:00;Strada Urbana;PIAZZALE DI PONTE MILVIO;in corrispondenza;;del civico n.;33;;Veicolo in marcia contro veicolo in sosta;Rotatoria;Una carreggiata a senso unico di marcia;Asciutto;Asfaltata;Verticale;Nuvoloso;Scarso;Buona;;0;0;0;0;12.4664;41.9375;-1;2;Motociclo a solo;Sosta;;;;;;;
6090772;1;21/08/2022 05:00:00;Strada Urbana;LUNGOTEVERE TESTACCIO;da specificare;;;;FRONTE CIVICO 32;Veicolo in marcia contro veicolo in sosta;Rettilineo;Una carreggiata a doppio senso;Asciutto;Asfaltata;Verticale ed orizzontale;Sereno;Scarso;Sufficiente;;0;0;0;1;12.4707;41.8777;-1;1;Autovettura privata;In marcia / fermata / arresto;Conducente;M;Illeso;0;;;
6090772;1;21/08/2022 05:00:00;Strada Urbana;LUNGOTEVERE TESTACCIO;da specificare;;;;FRONTE CIVICO 32;Veicolo in marcia contro veicolo in sosta;Rettilineo;Una carreggiata a doppio senso;Asciutto;Asfaltata;Verticale ed orizzontale;Sereno;Scarso;Sufficiente;;0;0;0;1;12.4707;41.8777;-1;2;Autovettura privata;Sosta;;;;;;;
6090773;20;21/08/2022 14:00:00;Strada Urbana;VIA CASSIA;in corrispondenza;;del civico n.;1686;;Tamponamento Multiplo;Rettilineo;Una carreggiata a doppio senso;Asciutto;Asfaltata;Verticale ed orizzontale;Sereno;Scarso;Buona;;0;0;0;4;12.3821;42.0036;-1;1;Autovettura privata;In marcia / fermata / arresto;Conducente;M;Illeso;0;;Non accertato;Inesistente
6090773;20;21/08/2022 14:00:00;Strada Urbana;VIA CASSIA;in corrispondenza;;del civico n.;1686;;Tamponamento Multiplo;Rettilineo;Una carreggiata a doppio senso;Asciutto;Asfaltata;Verticale ed orizzontale;Sereno;Scarso;Buona;;0;0;0;4;12.3821;42.0036;-1;2;Autovettura privata;In marcia / fermata / arresto;Conducente;M;Illeso;0;;Non accertato;Inesploso
6090773;20;21/08/2022 14:00:00;Strada Urbana;VIA CASSIA;in corrispondenza;;del civico n.;1686;;Tamponamento Multiplo;Rettilineo;Una carreggiata a doppio senso;Asciutto;Asfaltata;Verticale ed orizzontale;Sereno;Scarso;Buona;;0;0;0;4;12.3821;42.0036;-1;2;Autovettura privata;In marcia / fermata / arresto;Passeggero;F;Illeso;0;;Non accertato;Inesploso
6090773;20;21/08/2022 14:00:00;Strada Urbana;VIA CASSIA;in corrispondenza;;del civico n.;1686;;Tamponamento Multiplo;Rettilineo;Una carreggiata a doppio senso;Asciutto;Asfaltata;Verticale ed orizzontale;Sereno;Scarso;Buona;;0;0;0;4;12.3821;42.0036;-1;3;Autocarro inferiore 35 q.;In marcia / fermata / arresto;Conducente;M;Illeso;0;;Non accertato;Inesploso
6090780;6;19/08/2022 19:50:00;Strada Urbana;VIA GALEAZZO ALESSI;in prossimit�;;del civico n.;55;;Veicolo in marcia contro veicoli in sosta;Rettilineo;Una carreggiata a doppio senso;Asciutto;Asfaltata;Assente;Sereno;Scarso;Buona;;0;0;0;1;12.5353;41.8808;-1;1;Autovettura privata;In marcia / fermata / arresto;Conducente;M;Illeso;0;;Non accertato;Inesploso
6090780;6;19/08/2022 19:50:00;Strada Urbana;VIA GALEAZZO ALESSI;in prossimit�;;del civico n.;55;;Veicolo in marcia contro veicoli in sosta;Rettilineo;Una carreggiata a doppio senso;Asciutto;Asfaltata;Assente;Sereno;Scarso;Buona;;0;0;0;1;12.5353;41.8808;-1;2;Autovettura privata;Sosta;;;;;;;
6090780;6;19/08/2022 19:50:00;Strada Urbana;VIA GALEAZZO ALESSI;in prossimit�;;del civico n.;55;;Veicolo in marcia contro veicoli in sosta;Rettilineo;Una carreggiata a doppio senso;Asciutto;Asfaltata;Assente;Sereno;Scarso;Buona;;0;0;0;1;12.5353;41.8808;-1;3;Autovettura privata;Sosta;;;;;;;
6090780;6;19/08/2022 19:50:00;Strada Urbana;VIA GALEAZZO ALESSI;in prossimit�;;del civico n.;55;;Veicolo in marcia contro veicoli in sosta;Rettilineo;Una carreggiata a doppio senso;Asciutto;Asfaltata;Assente;Sereno;Scarso;Buona;;0;0;0;1;12.5353;41.8808;-1;4;Autovettura privata;Sosta;;;;;;;
6090792;1;20/08/2022 22:20:00;Strada Urbana;LARGO ASCIANGHI;in prossimit�;;del civico n.;1;;Veicolo in marcia contro veicolo in sosta;Pianeggiante;Una carreggiata a senso unico di marcia;Asciutto;In cubetti di porfido;Verticale ed orizzontale;Sereno;Scarso;Buona;;0;0;0;1;12.4728;41.8841;-1;1;Autovettura privata;In marcia / fermata / arresto;Conducente;F;Illeso;0;;;
6090792;1;20/08/2022 22:20:00;Strada Urbana;LARGO ASCIANGHI;in prossimit�;;del civico n.;1;;Veicolo in marcia contro veicolo in sosta;Pianeggiante;Una carreggiata a senso unico di marcia;Asciutto;In cubetti di porfido;Verticale ed orizzontale;Sereno;Scarso;Buona;;0;0;0;1;12.4728;41.8841;-1;2;Autovettura privata;Sosta;;;;;;;
6090817;7;20/08/2022 00:10:00;Strada Urbana;VIA DAVIDE CAMPARI;in prossimit�;;del palo luce n.;25;;Scontro frontale fra veicoli in marcia;Curva a visuale libera;Una carreggiata a doppio senso;Asciutto;Asfaltata;Verticale ed orizzontale;Nuvoloso;Scarso;Buona;;2;0;0;1;12.5858;41.8867;-1;1;Autovettura privata;In marcia / fermata / arresto;Conducente;M;Illeso;0;;;
6090817;7;20/08/2022 00:10:00;Strada Urbana;VIA DAVIDE CAMPARI;in prossimit�;;del palo luce n.;25;;Scontro frontale fra veicoli in marcia;Curva a visuale libera;Una carreggiata a doppio senso;Asciutto;Asfaltata;Verticale ed orizzontale;Nuvoloso;Scarso;Buona;;2;0;0;1;12.5858;41.8867;-1;2;Autovettura privata;In marcia / fermata / arresto;Conducente;M;Rimandato;0;NON DECEDUTO;;
6090817;7;20/08/2022 00:10:00;Strada Urbana;VIA DAVIDE CAMPARI;in prossimit�;;del palo luce n.;25;;Scontro frontale fra veicoli in marcia;Curva a visuale libera;Una carreggiata a doppio senso;Asciutto;Asfaltata;Verticale ed orizzontale;Nuvoloso;Scarso;Buona;;2;0;0;1;12.5858;41.8867;-1;2;Autovettura privata;In marcia / fermata / arresto;Passeggero;F;Rimandato;0;NON DECEDUTO;;
6090832;6;21/08/2022 20:25:00;Strada Urbana;VIALE DELLA VENEZIA GIULIA;all'intersezione con;VIA SAN GIUSTO;VIA SAN GIUSTO;;;Scontro frontale/laterale DX fra veicoli in marcia;Intersezione stradale segnalata;Una carreggiata a doppio senso;Asciutto;Asfaltata;Verticale ed orizzontale;Sereno;Scarso;Buona;;0;0;0;2;12.5616;41.8971;-1;1;Motociclo a solo;In marcia / fermata / arresto;Conducente;M;Illeso;0;;;
6090832;6;21/08/2022 20:25:00;Strada Urbana;VIALE DELLA VENEZIA GIULIA;all'intersezione con;VIA SAN GIUSTO;VIA SAN GIUSTO;;;Scontro frontale/laterale DX fra veicoli in marcia;Intersezione stradale segnalata;Una carreggiata a doppio senso;Asciutto;Asfaltata;Verticale ed orizzontale;Sereno;Scarso;Buona;;0;0;0;2;12.5616;41.8971;-1;2;Autovettura privata;In marcia / fermata / arresto;Conducente;F;Illeso;0;;;
6090877;23;19/08/2022 10:50:00;Strada Urbana;VIA BADOERO;in prossimit�;;del civico n.;82;;Veicolo in marcia contro veicolo in sosta;Rettilineo;Una carreggiata a senso unico di marcia;Asciutto;Asfaltata;Verticale ed orizzontale;Nuvoloso;Scarso;Buona;;0;0;0;1;12.4855;41.8658;-1;1;Autovettura privata;In marcia / fermata / arresto;Conducente;M;Illeso;0;;;