Protocollo;Gruppo;DataOraIncidente;Localizzazione1;STRADA1;Localizzazione2;STRADA2;Strada02;Chilometrica;DaSpecificare;NaturaIncidente;particolaritastrade;TipoStrada;FondoStradale;Pavimentazione;Segnaletica;CondizioneAtmosferica;Traffico;Visibilita;Illuminazione;NUM_FERITI;NUM_RISERVATA;NUM_MORTI;NUM_ILLESI;Longitude;Latitude;Confermato;Progressivo;TipoVeicolo;StatoVeicolo;TipoPersona;Sesso;Tipolesione;Deceduto;DecedutoDopo;CinturaCascoUtilizzato;Airbag;
6091698;20;22/08/2022 21:06:00;Strada Urbana;LARGO BRATISLAVA;all'intersezione con;VIALE ANTONINO DI SAN GIULIANO;VIALE ANTONINO DI SAN GIULIANO;;;Scontro laterale fra veicoli in marcia;Intersezione semaforizzata;Due carreggiate;Asciutto;Asfaltata;Verticale ed orizzontale;Sereno;Intenso;Sufficiente;;0;0;0;4;12.4614;41.9367;-1;1;Autovettura privata;In marcia / fermata / arresto;Conducente;M;Illeso;0;;;
6091698;20;22/08/2022 21:06:00;Strada Urbana;LARGO BRATISLAVA;all'intersezione con;VIALE ANTONINO DI SAN GIULIANO;VIALE ANTONINO DI SAN GIULIANO;;;Scontro laterale fra veicoli in marcia;Intersezione semaforizzata;Due carreggiate;Asciutto;Asfaltata;Verticale ed orizzontale;Sereno;Intenso;Sufficiente;;0;0;0;4;12.4614;41.9367;-1;1;Autovettura privata;In marcia / fermata / arresto;Passeggero;M;Illeso;0;;;
6091698;20;22/08/2022 21:06:00;Strada Urbana;LARGO BRATISLAVA;all'intersezione con;VIALE ANTONINO DI SAN GIULIANO;VIALE ANTONINO DI SAN GIULIANO;;;Scontro laterale fra veicoli in marcia;Intersezione semaforizzata;Due carreggiate;Asciutto;Asfaltata;Verticale ed orizzontale;Sereno;Intenso;Sufficiente;;0;0;0;4;12.4614;41.9367;-1;1;Autovettura privata;In marcia / fermata / arresto;Passeggero;M;Illeso;0;;;
6091698;20;22/08/2022 21:06:00;Strada Urbana;LARGO BRATISLAVA;all'intersezione con;VIALE ANTONINO DI SAN GIULIANO;VIALE ANTONINO DI SAN GIULIANO;;;Scontro laterale fra veicoli in marcia;Intersezione semaforizzata;Due carreggiate;Asciutto;Asfaltata;Verticale ed orizzontale;Sereno;Intenso;Sufficiente;;0;0;0;4;12.4614;41.9367;-1;1;Autovettura privata;In marcia / fermata / arresto;Passeggero;M;Illeso;0;;;
6091698;20;22/08/2022 21:06:00;Strada Urbana;LARGO BRATISLAVA;all'intersezione con;VIALE ANTONINO DI SAN GIULIANO;VIALE ANTONINO DI SAN GIULIANO;;;Scontro laterale fra veicoli in marcia;Intersezione semaforizzata;Due carreggiate;Asciutto;Asfaltata;Verticale ed orizzontale;Sereno;Intenso;Sufficiente;;0;0;0;4;12.4614;41.9367;-1;2;Autovettura privata;Allontanatosi;;;;;;;
6091712;19;22/08/2022 13:35:00;Strada Urbana;VIA DELLA PINETA SACCHETTI;all'intersezione con;VIA DI VILLA MAGGIORANI;VIA DI VILLA MAGGIORANI;;;Tamponamento Multiplo;Intersezione non regolata/non segnalata;Una carreggiata a senso unico di marcia;Asciutto;Asfaltata;Verticale ed orizzontale;Nuvoloso;Normale;Buona;;0;0;0;3;12.4263;41.9313;-1;1;Autovettura privata;In marcia / fermata / arresto;Conducente;F;Illeso;0;;Non accertato;Inesploso
6091712;19;22/08/2022 13:35:00;Strada Urbana;VIA DELLA PINETA SACCHETTI;all'intersezione con;VIA DI VILLA MAGGIORANI;VIA DI VILLA MAGGIORANI;;;Tamponamento Multiplo;Intersezione non regolata/non segnalata;Una carreggiata a senso unico di marcia;Asciutto;Asfaltata;Verticale ed orizzontale;Nuvoloso;Normale;Buona;;0;0;0;3;12.4263;41.9313;-1;2;Autovettura privata;In marcia / fermata / arresto;Conducente;M;Illeso;0;;Non accertato;Inesploso
6091712;19;22/08/2022 13:35:00;Strada Urbana;VIA DELLA PINETA SACCHETTI;all'intersezione con;VIA DI VILLA MAGGIORANI;VIA DI VILLA MAGGIORANI;;;Tamponamento Multiplo;Intersezione non regolata/non segnalata;Una carreggiata a senso unico di marcia;Asciutto;Asfaltata;Verticale ed orizzontale;Nuvoloso;Normale;Buona;;0;0;0;3;12.4263;41.9313;-1;3;Autovettura privata;In marcia / fermata / arresto;Conducente;M;Illeso;0;;Non accertato;Inesploso
6091713;10;22/08/2022 11:05:00;Strada Urbana;VIA QUINTILIO VARO;all'intersezione con;VIA SESTIO CALVINO;VIA SESTIO CALVINO;;;Scontro frontale/laterale DX fra veicoli in marcia;Intersezione stradale segnalata;Una carreggiata a senso unico di marcia;Asciutto;Asfaltata;Verticale ed orizzontale;Sereno;Normale;Buona;;1;0;0;1;12.5651;41.8536;-1;1;Autovettura privata;In marcia / fermata / arresto;Conducente;F;Illeso;0;;Non accertato;
6091713;10;22/08/2022 11:05:00;Strada Urbana;VIA QUINTILIO VARO;all'intersezione con;VIA SESTIO CALVINO;VIA SESTIO CALVINO;;;Scontro frontale/laterale DX fra veicoli in marcia;Intersezione stradale segnalata;Una carreggiata a senso unico di marcia;Asciutto;Asfaltata;Verticale ed orizzontale;Sereno;Normale;Buona;;1;0;0;1;12.5651;41.8536;-1;2;Motociclo a solo;In marcia / fermata / arresto;Conducente;F;Rimandato;0;NON DECEDUTO;Non accertato;
6091718;20;22/08/2022 08:40:00;Statale entro l'abitato;VIA CASSIA;in prossimit�;;del civico n.;1005;;Investimento di pedone;Rettilineo;Una carreggiata a doppio senso;Asciutto;Asfaltata;Orizzontale;Sereno;Normale;Buona;;1;0;0;1;12.429;41.9735;-1;;;;Pedone;M;Rimandato;0;NON DECEDUTO;;
6091718;20;22/08/2022 08:40:00;Statale entro l'abitato;VIA CASSIA;in prossimit�;;del civico n.;1005;;Investimento di pedone;Rettilineo;Una carreggiata a doppio senso;Asciutto;Asfaltata;Orizzontale;Sereno;Normale;Buona;;1;0;0;1;12.429;41.9735;-1;1;Autocarro inferiore 35 q.;In marcia / fermata / arresto;Conducente;M;Illeso;0;;;
6091722;17;19/08/2022 18:20:00;Strada Urbana;VIA TRIONFALE;in corrispondenza;;del civico n.;28;;Veicolo in marcia contro veicolo fermo;Rettilineo;Una carreggiata a senso unico di marcia;Asciutto;Asfaltata;Verticale;Sereno;Scarso;Buona;;0;0;0;3;12.4536;41.9114;-1;1;Autovettura privata;In marcia / fermata / arresto;Conducente;F;Illeso;0;;;
6091722;17;19/08/2022 18:20:00;Strada Urbana;VIA TRIONFALE;in corrispondenza;;del civico n.;28;;Veicolo in marcia contro veicolo fermo;Rettilineo;Una carreggiata a senso unico di marcia;Asciutto;Asfaltata;Verticale;Sereno;Scarso;Buona;;0;0;0;3;12.4536;41.9114;-1;1;Autovettura privata;In marcia / fermata / arresto;Passeggero;M;Illeso;0;;;
6091722;17;19/08/2022 18:20:00;Strada Urbana;VIA TRIONFALE;in corrispondenza;;del civico n.;28;;Veicolo in marcia contro veicolo fermo;Rettilineo;Una carreggiata a senso unico di marcia;Asciutto;Asfaltata;Verticale;Sereno;Scarso;Buona;;0;0;0;3;12.4536;41.9114;-1;2;Autovettura privata;In marcia / fermata / arresto;Conducente;M;Illeso;0;;;
6091724;17;22/08/2022 11:30:00;Strada Urbana;VIALE VATICANO;da specificare;;;;PROSSIMIT� CIVICO 99;Scontro frontale/laterale SX fra veicoli in marcia;Rettilineo;Una carreggiata a doppio senso;Asciutto;Asfaltata;Verticale ed orizzontale;Sereno;Normale;Buona;;1;0;0;4;12.4487;41.9042;-1;1;Autovettura privata;In marcia / fermata / arresto;Conducente;M;Illeso;0;;;
6091724;17;22/08/2022 11:30:00;Strada Urbana;VIALE VATICANO;da specificare;;;;PROSSIMIT� CIVICO 99;Scontro frontale/laterale SX fra veicoli in marcia;Rettilineo;Una carreggiata a doppio senso;Asciutto;Asfaltata;Verticale ed orizzontale;Sereno;Normale;Buona;;1;0;0;4;12.4487;41.9042;-1;1;Autovettura privata;In marcia / fermata / arresto;Passeggero;F;Illeso;0;;;
6091724;17;22/08/2022 11:30:00;Strada Urbana;VIALE VATICANO;da specificare;;;;PROSSIMIT� CIVICO 99;Scontro frontale/laterale SX fra veicoli in marcia;Rettilineo;Una carreggiata a doppio senso;Asciutto;Asfaltata;Verticale ed orizzontale;Sereno;Normale;Buona;;1;0;0;4;12.4487;41.9042;-1;1;Autovettura privata;In marcia / fermata / arresto;Passeggero;F;Illeso;0;;;
6091724;17;22/08/2022 11:30:00;Strada Urbana;VIALE VATICANO;da specificare;;;;PROSSIMIT� CIVICO 99;Scontro frontale/laterale SX fra veicoli in marcia;Rettilineo;Una carreggiata a doppio senso;Asciutto;Asfaltata;Verticale ed orizzontale;Sereno;Normale;Buona;;1;0;0;4;12.4487;41.9042;-1;1;Autovettura privata;In marcia / fermata / arresto;Passeggero;F;Illeso;0;;;
6091724;17;22/08/2022 11:30:00;Strada Urbana;VIALE VATICANO;da specificare;;;;PROSSIMIT� CIVICO 99;Scontro frontale/laterale SX fra veicoli in marcia;Rettilineo;Una carreggiata a doppio senso;Asciutto;Asfaltata;Verticale ed orizzontale;Sereno;Normale;Buona;;1;0;0;4;12.4487;41.9042;-1;2;Motociclo a solo;In marcia / fermata / arresto;Conducente;M;Rimandato;0;NON DECEDUTO;;
6091725;10;22/08/2022 23:30:00;Strada Urbana;VIA TARQUINIO COLLATINO;da specificare;;;;prossimit� intersezione Calpurnio Fiamma;Veicolo in marcia contro veicoli in sosta;Rettilineo;Una carreggiata a senso unico di marcia;Asciutto;Asfaltata;Verticale ed orizzontale;Sereno;Scarso;Buona;;0;0;0;1;12.5619;41.8619;-1;1;Autovettura privata;In marcia / fermata / arresto;Conducente;M;Illeso;0;;Non accertato;Inesploso
6091725;10;22/08/2022 23:30:00;Strada Urbana;VIA TARQUINIO COLLATINO;da specificare;;;;prossimit� intersezione Calpurnio Fiamma;Veicolo in marcia contro veicoli in sosta;Rettilineo;Una carreggiata a senso unico di marcia;Asciutto;Asfaltata;Verticale ed orizzontale;Sereno;Scarso;Buona;;0;0;0;1;12.5619;41.8619;-1;2;Autovettura privata;Sosta;;;;;;;
6091725;10;22/08/2022 23:30:00;Strada Urbana;VIA TARQUINIO COLLATINO;da specificare;;;;prossimit� intersezione Calpurnio Fiamma;Veicolo in marcia contro veicoli in sosta;Rettilineo;Una carreggiata a senso unico di marcia;Asciutto;Asfaltata;Verticale ed orizzontale;Sereno;Scarso;Buona;;0;0;0;1;12.5619;41.8619;-1;3;Autovettura privata;Sosta;;;;;;;
6091734;7;22/08/2022 10:45:00;Strada Urbana;VIA PRENESTINA;all'intersezione con;VIA EMILIO LONGONI;VIA EMILIO LONGONI;;;Scontro frontale/laterale DX fra veicoli in marcia;Rotatoria;Una carreggiata a doppio senso;Asciutto;Asfaltata;Verticale ed orizzontale;Sereno;Normale;Buona;;0;0;0;2;12.6042;41.8935;-1;1;Autovettura privata;In marcia / fermata / arresto;Conducente;M;Illeso;0;;Non accertato;Inesploso
6091734;7;22/08/2022 10:45:00;Strada Urbana;VIA PRENESTINA;all'intersezione con;VIA EMILIO LONGONI;VIA EMILIO LONGONI;;;Scontro frontale/laterale DX fra veicoli in marcia;Rotatoria;Una carreggiata a doppio senso;Asciutto;Asfaltata;Verticale ed orizzontale;Sereno;Normale;Buona;;0;0;0;2;12.6042;41.8935;-1;2;Autocarro inferiore 35 q.;In marcia / fermata / arresto;Conducente;M;Illeso;0;;Non accertato;Inesploso
6091794;5;22/08/2022 12:40:00;Strada Urbana;VIA GIUSEPPE GABRIELLI;da specificare;;;;direzione g. peroni altezza ponte tecnopolo;Veicolo in marcia che urta buche nella carreggiata;Curva a visuale libera;Una carreggiata a senso unico di marcia;Asciutto;Asfaltata;Verticale ed orizzontale;Sereno;Scarso;Sufficiente;;0;0;0;2;12.6356;41.9331;-1;1;Autovettura privata;In marcia / fermata / arresto;Conducente;F;Illeso;0;;Non accertato;Inesploso
6091794;5;22/08/2022 12:40:00;Strada Urbana;VIA GIUSEPPE GABRIELLI;da specificare;;;;direzione g. peroni altezza ponte tecnopolo;Veicolo in marcia che urta buche nella carreggiata;Curva a visuale libera;Una carreggiata a senso unico di marcia;Asciutto;Asfaltata;Verticale ed orizzontale;Sereno;Scarso;Sufficiente;;0;0;0;2;12.6356;41.9331;-1;1;Autovettura privata;In marcia / fermata / arresto;Passeggero;M;Illeso;0;;Non accertato;Inesploso
6091795;17;22/08/2022 17:15:00;Strada Urbana;VIA DI PORTA CASTELLO;in corrispondenza;;del civico n.;10;;Tamponamento;Rettilineo;Una carreggiata a senso unico di marcia;Asciutto;In cubetti di porfido;Verticale ed orizzontale;Sereno;Normale;Buona;;0;0;0;3;12.463;41.9038;0;1;Autovettura privata;In marcia / fermata / arresto;Conducente;;Illeso;0;;;
6091795;17;22/08/2022 17:15:00;Strada Urbana;VIA DI PORTA CASTELLO;in corrispondenza;;del civico n.;10;;Tamponamento;Rettilineo;Una carreggiata a senso unico di marcia;Asciutto;In cubetti di porfido;Verticale ed orizzontale;Sereno;Normale;Buona;;0;0;0;3;12.463;41.9038;0;2;Monopattino elettrico;In marcia / fermata / arresto;Conducente;F;Illeso;0;;;
6091795;17;22/08/2022 17:15:00;Strada Urbana;VIA DI PORTA CASTELLO;in corrispondenza;;del civico n.;10;;Tamponamento;Rettilineo;Una carreggiata a senso unico di marcia;Asciutto;In cubetti di porfido;Verticale ed orizzontale;Sereno;Normale;Buona;;0;0;0;3;12.463;41.9038;0;2;Monopattino elettrico;In marcia / fermata / arresto;Passeggero;F;Illeso;0;;;
6091802;5;22/08/2022 08:10:00;Strada Urbana;VIA DI PIETRALATA;in corrispondenza;;del civico n.;187;;Scontro frontale/laterale DX fra veicoli in marcia;Rettilineo;Una carreggiata a doppio senso;Asciutto;Asfaltata;Verticale;Sereno;Normale;Buona;;1;0;0;1;12.5434;41.9262;-1;1;Autovettura privata;In marcia / fermata / arresto;Conducente;M;Illeso;0;;Non accertato;
6091802;5;22/08/2022 08:10:00;Strada Urbana;VIA DI PIETRALATA;in corrispondenza;;del civico n.;187;;Scontro frontale/laterale DX fra veicoli in marcia;Rettilineo;Una carreggiata a doppio senso;Asciutto;Asfaltata;Verticale;Sereno;Normale;Buona;;1;0;0;1;12.5434;41.9262;-1;2;Velocipede;In marcia / fermata / arresto;Conducente;M;Rimandato;0;NON DECEDUTO;Esente;
6091838;17;22/08/2022 17:00:00;Strada Urbana;CIRCONVALLAZIONE CLODIA;in corrispondenza;;del civico n.;34 A;;Scontro laterale fra veicoli in marcia;Rettilineo;Due carreggiate;Bagnato (umidit� in atto);Asfaltata;Verticale ed orizzontale;Sereno;Intenso;Buona;;0;0;0;3;12.4526;41.9146;-1;1;Autovettura privata;In marcia / fermata / arresto;Conducente;F;Illeso;0;;;
6091838;17;22/08/2022 17:00:00;Strada Urbana;CIRCONVALLAZIONE CLODIA;in corrispondenza;;del civico n.;34 A;;Scontro laterale fra veicoli in marcia;Rettilineo;Due carreggiate;Bagnato (umidit� in atto);Asfaltata;Verticale ed orizzontale;Sereno;Intenso;Buona;;0;0;0;3;12.4526;41.9146;-1;2;Autovettura privata;In marcia / fermata / arresto;Conducente;M;Illeso;0;;;
6091838;17;22/08/2022 17:00:00;Strada Urbana;CIRCONVALLAZIONE CLODIA;in corrispondenza;;del civico n.;34 A;;Scontro laterale fra veicoli in marcia;Rettilineo;Due carreggiate;Bagnato (umidit� in atto);Asfaltata;Verticale ed orizzontale;Sereno;Intenso;Buona;;0;0;0;3;12.4526;41.9146;-1;3;Motociclo a solo;Sosta;;;;;;;
6091838;17;22/08/2022 17:00:00;Strada Urbana;CIRCONVALLAZIONE CLODIA;in corrispondenza;;del civico n.;34 A;;Scontro laterale fra veicoli in marcia;Rettilineo;Due carreggiate;Bagnato (umidit� in atto);Asfaltata;Verticale ed orizzontale;Sereno;Intenso;Buona;;0;0;0;3;12.4526;41.9146;-1;4;Autovettura privata;In marcia / fermata / arresto;Conducente;M;Illeso;0;;;
6091839;1;22/08/2022 21:25:00;Strada Urbana;VIA CAPO D'AFRICA;in corrispondenza;;del civico n.;44;;Veicolo in marcia contro veicolo in sosta;Rettilineo;Una carreggiata a senso unico di marcia;Asciutto;Asfaltata;Verticale ed orizzontale;Sereno;Scarso;Sufficiente;;0;0;0;0;12.4966;41.8885;-1;2;Autovettura privata;Sosta;;;;;;;
6091884;17;19/08/2022 22:35:00;Strada Urbana;VIA PIAVE;in corrispondenza;;del civico n.;15;;Scontro laterale fra veicoli in marcia;Rettilineo;Una carreggiata a doppio senso;Asciutto;Asfaltata;Verticale ed orizzontale;Sereno;Scarso;Sufficiente;;1;0;0;1;12.4986;41.9086;-1;1;Autovettura privata;In marcia / fermata / arresto;Conducente;M;Illeso;0;;;
6091884;17;19/08/2022 22:35:00;Strada Urbana;VIA PIAVE;in corrispondenza;;del civico n.;15;;Scontro laterale fra veicoli in marcia;Rettilineo;Una carreggiata a doppio senso;Asciutto;Asfaltata;Verticale ed orizzontale;Sereno;Scarso;Sufficiente;;1;0;0;1;12.4986;41.9086;-1;2;Motociclo a solo;In marcia / fermata / arresto;Conducente;M;Rifiuta cure immediate;0;NON DECEDUTO;;
6091897;17;22/08/2022 17:05:00;Strada Urbana;VIA LEONE IV;in prossimit�;;del civico n.;34;;Scontro laterale fra veicoli in marcia;Rettilineo;Una carreggiata a doppio senso;Bagnato (pioggia);Asfaltata;Verticale ed orizzontale;Nuvoloso;Normale;Sufficiente;;0;0;0;2;12.455;41.909;-1;1;Autovettura privata;In marcia / fermata / arresto;Conducente;M;Illeso;0;;;
6091897;17;22/08/2022 17:05:00;Strada Urbana;VIA LEONE IV;in prossimit�;;del civico n.;34;;Scontro laterale fra veicoli in marcia;Rettilineo;Una carreggiata a doppio senso;Bagnato (pioggia);Asfaltata;Verticale ed orizzontale;Nuvoloso;Normale;Sufficiente;;0;0;0;2;12.455;41.909;-1;2;Autovettura pubblica;In marcia / fermata / arresto;Conducente;M;Illeso;0;;;
6091906;17;22/08/2022 16:40:00;Strada Urbana;VIA MARCANTONIO COLONNA;all'intersezione con;VIA POMPEO MAGNO;VIA POMPEO MAGNO;;;Scontro frontale/laterale DX fra veicoli in marcia;Incrocio;Due carreggiate;Bagnato (pioggia);Asfaltata;Verticale ed orizzontale;Nuvoloso;Scarso;Sufficiente;;0;0;0;4;12.467;41.91;-1;1;Autovettura privata;In marcia / fermata / arresto;Conducente;F;Illeso;0;;;
6091906;17;22/08/2022 16:40:00;Strada Urbana;VIA MARCANTONIO COLONNA;all'intersezione con;VIA POMPEO MAGNO;VIA POMPEO MAGNO;;;Scontro frontale/laterale DX fra veicoli in marcia;Incrocio;Due carreggiate;Bagnato (pioggia);Asfaltata;Verticale ed orizzontale;Nuvoloso;Scarso;Sufficiente;;0;0;0;4;12.467;41.91;-1;2;Autovettura pubblica;In marcia / fermata / arresto;Conducente;M;Illeso;0;;;
6091906;17;22/08/2022 16:40:00;Strada Urbana;VIA MARCANTONIO COLONNA;all'intersezione con;VIA POMPEO MAGNO;VIA POMPEO MAGNO;;;Scontro frontale/laterale DX fra veicoli in marcia;Incrocio;Due carreggiate;Bagnato (pioggia);Asfaltata;Verticale ed orizzontale;Nuvoloso;Scarso;Sufficiente;;0;0;0;4;12.467;41.91;-1;2;Autovettura pubblica;In marcia / fermata / arresto;Passeggero;M;Illeso;0;;;
6091906;17;22/08/2022 16:40:00;Strada Urbana;VIA MARCANTONIO COLONNA;all'intersezione con;VIA POMPEO MAGNO;VIA POMPEO MAGNO;;;Scontro frontale/laterale DX fra veicoli in marcia;Incrocio;Due carreggiate;Bagnato (pioggia);Asfaltata;Verticale ed orizzontale;Nuvoloso;Scarso;Sufficiente;;0;0;0;4;12.467;41.91;-1;2;Autovettura pubblica;In marcia / fermata / arresto;Passeggero;F;Illeso;0;;;
6091908;12;23/08/2022 08:15:00;Strada Urbana;VIA LUIGI CHIARINI;in prossimit�;;del civico n.;203;;Scontro laterale fra veicoli in marcia;Rettilineo;Una carreggiata a doppio senso;Asciutto;Asfaltata;Verticale ed orizzontale;Sereno;Normale;Buona;;2;0;0;0;12.4704;41.7946;-1;1;Autovettura privata;In marcia / fermata / arresto;Conducente;M;Rimandato;0;NON DECEDUTO;Utilizzato;Inesploso
6091908;12;23/08/2022 08:15:00;Strada Urbana;VIA LUIGI CHIARINI;in prossimit�;;del civico n.;203;;Scontro laterale fra veicoli in marcia;Rettilineo;Una carreggiata a doppio senso;Asciutto;Asfaltata;Verticale ed orizzontale;Sereno;Normale;Buona;;2;0;0;0;12.4704;41.7946;-1;2;Autoarticolato;In marcia / fermata / arresto;Conducente;M;Rifiuta cure immediate;0;NON DECEDUTO;Utilizzato;Inesploso
6092119;1;18/08/2022 17:58:00;Strada Urbana;VIA LUDOVISI;in prossimit�;;del civico n.;49;;Veicolo in marcia contro veicolo in sosta;Rettilineo;Una carreggiata a senso unico di marcia;Asciutto;Asfaltata;Verticale ed orizzontale;Sereno;Normale;Buona;;0;0;0;0;12.4865;41.9065;-1;1;Autobus turistico;Allontanatosi;;;;;;;
6092119;1;18/08/2022 17:58:00;Strada Urbana;VIA LUDOVISI;in prossimit�;;del civico n.;49;;Veicolo in marcia contro veicolo in sosta;Rettilineo;Una carreggiata a senso unico di marcia;Asciutto;Asfaltata;Verticale ed orizzontale;Sereno;Normale;Buona;;0;0;0;0;12.4865;41.9065;-1;2;Autovettura privata;Sosta;;;;;;;
6092124;1;23/08/2022 09:30:00;Strada Urbana;VIA DEL CARAVITA;in prossimit�;;del civico n.;6;;Investimento di pedone;Rettilineo;Una carreggiata a doppio senso;Asciutto;In cubetti di porfido;Verticale ed orizzontale;Sereno;Scarso;Buona;;1;0;0;0;12.4809;41.8994;0;;;;Pedone;M;Rimandato;0;NON DECEDUTO;;
6092124;1;23/08/2022 09:30:00;Strada Urbana;VIA DEL CARAVITA;in prossimit�;;del civico n.;6;;Investimento di pedone;Rettilineo;Una carreggiata a doppio senso;Asciutto;In cubetti di porfido;Verticale ed orizzontale;Sereno;Scarso;Buona;;1;0;0;0;12.4809;41.8994;0;1;Autocarro inferiore 35 q.;In marcia / fermata / arresto;;;;;;;
6092139;12;23/08/2022 11:45:00;Strada Urbana;VIA VITALIANO ROTELLINI;in prossimit�;;del civico n.;105;;Scontro laterale fra veicoli in marcia;Curva a visuale libera;Una carreggiata a doppio senso;Asciutto;Asfaltata;Verticale ed orizzontale;Sereno;Scarso;Buona;;0;0;0;3;12.4398;41.774;-1;1;Autovettura privata;In marcia / fermata / arresto;Conducente;M;Illeso;0;;Utilizzato;Inesploso
6092139;12;23/08/2022 11:45:00;Strada Urbana;VIA VITALIANO ROTELLINI;in prossimit�;;del civico n.;105;;Scontro laterale fra veicoli in marcia;Curva a visuale libera;Una carreggiata a doppio senso;Asciutto;Asfaltata;Verticale ed orizzontale;Sereno;Scarso;Buona;;0;0;0;3;12.4398;41.774;-1;2;Autovettura privata;In marcia / fermata / arresto;Conducente;M;Illeso;0;;Utilizzato;Inesploso
6092139;12;23/08/2022 11:45:00;Strada Urbana;VIA VITALIANO ROTELLINI;in prossimit�;;del civico n.;105;;Scontro laterale fra veicoli in marcia;Curva a visuale libera;Una carreggiata a doppio senso;Asciutto;Asfaltata;Verticale ed orizzontale;Sereno;Scarso;Buona;;0;0;0;3;12.4398;41.774;-1;2;Autovettura privata;In marcia / fermata / arresto;Passeggero;M;Illeso;0;;;
6092158;1;19/08/2022 15:55:00;Strada Urbana;VIA DELLE TERME DI DIOCLEZIANO;in prossimit�;;del civico n.;39;;Fuoriuscita dalla sede stradale;Rettilineo;Una carreggiata a senso unico di marcia;Asciutto;Acciotolata;Verticale ed orizzontale;Nuvoloso;Scarso;Buona;;0;0;0;2;12.4968;41.9021;-1;1;Autovettura privata;In marcia / fermata / arresto;Conducente;F;Illeso;0;;Non accertato;Inesploso
6092158;1;19/08/2022 15:55:00;Strada Urbana;VIA DELLE TERME DI DIOCLEZIANO;in prossimit�;;del civico n.;39;;Fuoriuscita dalla sede stradale;Rettilineo;Una carreggiata a senso unico di marcia;Asciutto;Acciotolata;Verticale ed orizzontale;Nuvoloso;Scarso;Buona;;0;0;0;2;12.4968;41.9021;-1;2;Motociclo a solo;In marcia / fermata / arresto;Conducente;M;Illeso;0;;Non accertato;
6092170;1;19/08/2022 23:15:00;Strada Urbana;VIA DEL FORO OLITORIO;all'intersezione semaforizzata con;VIA DEL TEATRO DI MARCELLO;VIA DEL TEATRO DI MARCELLO;;;Scontro frontale/laterale SX fra veicoli in marcia;Intersezione semaforizzata;Una carreggiata a doppio senso;Asciutto;In cubetti di porfido;Verticale ed orizzontale;Nuvoloso;Scarso;Sufficiente;;0;0;0;2;12.4798;41.8907;-1;1;Autovettura privata;In marcia / fermata / arresto;Conducente;M;Illeso;0;;Non accertato;Inesploso
6092170;1;19/08/2022 23:15:00;Strada Urbana;VIA DEL FORO OLITORIO;all'intersezione semaforizzata con;VIA DEL TEATRO DI MARCELLO;VIA DEL TEATRO DI MARCELLO;;;Scontro frontale/laterale SX fra veicoli in marcia;Intersezione semaforizzata;Una carreggiata a doppio senso;Asciutto;In cubetti di porfido;Verticale ed orizzontale;Nuvoloso;Scarso;Sufficiente;;0;0;0;2;12.4798;41.8907;-1;2;Autovettura pubblica;In marcia / fermata / arresto;Conducente;M;Illeso;0;;Non accertato;Inesploso
6092182;1;20/08/2022 18:40:00;Strada Urbana;VIA GIOVANNI GIOLITTI;in corrispondenza;;del civico n.;77;;Tamponamento;Rettilineo;Una carreggiata a senso unico di marcia;Asciutto;Asfaltata;Verticale ed orizzontale;Sereno;Intenso;Buona;;0;0;0;5;12.5014;41.8999;-1;1;Autovettura privata;In marcia / fermata / arresto;Conducente;M;Illeso;0;;Non accertato;Inesploso
6092182;1;20/08/2022 18:40:00;Strada Urbana;VIA GIOVANNI GIOLITTI;in corrispondenza;;del civico n.;77;;Tamponamento;Rettilineo;Una carreggiata a senso unico di marcia;Asciutto;Asfaltata;Verticale ed orizzontale;Sereno;Intenso;Buona;;0;0;0;5;12.5014;41.8999;-1;1;Autovettura privata;In marcia / fermata / arresto;Passeggero;M;Illeso;0;;Non accertato;Inesploso
6092182;1;20/08/2022 18:40:00;Strada Urbana;VIA GIOVANNI GIOLITTI;in corrispondenza;;del civico n.;77;;Tamponamento;Rettilineo;Una carreggiata a senso unico di marcia;Asciutto;Asfaltata;Verticale ed orizzontale;Sereno;Intenso;Buona;;0;0;0;5;12.5014;41.8999;-1;1;Autovettura privata;In marcia / fermata / arresto;Passeggero;F;Illeso;0;;Non accertato;Inesploso
6092182;1;20/08/2022 18:40:00;Strada Urbana;VIA GIOVANNI GIOLITTI;in corrispondenza;;del civico n.;77;;Tamponamento;Rettilineo;Una carreggiata a senso unico di marcia;Asciutto;Asfaltata;Verticale ed orizzontale;Sereno;Intenso;Buona;;0;0;0;5;12.5014;41.8999;-1;2;Autovettura privata;In marcia / fermata / arresto;Conducente;F;Illeso;0;;Non accertato;Inesploso
6092182;1;20/08/2022 18:40:00;Strada Urbana;VIA GIOVANNI GIOLITTI;in corrispondenza;;del civico n.;77;;Tamponamento;Rettilineo;Una carreggiata a senso unico di marcia;Asciutto;Asfaltata;Verticale ed orizzontale;Sereno;Intenso;Buona;;0;0;0;5;12.5014;41.8999;-1;2;Autovettura privata;In marcia / fermata / arresto;Passeggero;F;Illeso;0;;Non accertato;Inesploso