Protocollo;Gruppo;DataOraIncidente;Localizzazione1;STRADA1;Localizzazione2;STRADA2;Strada02;Chilometrica;DaSpecificare;NaturaIncidente;particolaritastrade;TipoStrada;FondoStradale;Pavimentazione;Segnaletica;CondizioneAtmosferica;Traffico;Visibilita;Illuminazione;NUM_FERITI;NUM_RISERVATA;NUM_MORTI;NUM_ILLESI;Longitude;Latitude;Confermato;Progressivo;TipoVeicolo;StatoVeicolo;TipoPersona;Sesso;Tipolesione;Deceduto;DecedutoDopo;CinturaCascoUtilizzato;Airbag;
6092690;20;23/08/2022 11:15:00;Strada Urbana;VIA DI GROTTAROSSA;in prossimit�;;del civico n.;1148;;Veicolo in marcia contro veicoli in sosta;Rettilineo;Una carreggiata a doppio senso;Asciutto;Asfaltata;Orizzontale;Sereno;Normale;Buona;;0;0;0;1;12.4729;41.9814;-1;4;Autovettura privata;Sosta;;;;;;;
6092702;20;23/08/2022 11:35:00;Regionale;VIA FLAMINIA;da specificare;;;;km 16 dir. riano;Scontro frontale/laterale SX fra veicoli in marcia;Curva senza visuale libera;Una carreggiata a doppio senso;Asciutto;Asfaltata;Verticale ed orizzontale;Sereno;Normale;Sufficiente;;1;0;0;1;12.4718;41.9419;-1;1;Autovettura privata;In marcia / fermata / arresto;Conducente;F;Illeso;0;;Non accertato;Inesploso
6092702;20;23/08/2022 11:35:00;Regionale;VIA FLAMINIA;da specificare;;;;km 16 dir. riano;Scontro frontale/laterale SX fra veicoli in marcia;Curva senza visuale libera;Una carreggiata a doppio senso;Asciutto;Asfaltata;Verticale ed orizzontale;Sereno;Normale;Sufficiente;;1;0;0;1;12.4718;41.9419;-1;2;Motociclo a solo;In marcia / fermata / arresto;Conducente;M;Rimandato;0;NON DECEDUTO;Non accertato;
6092713;10;24/08/2022 01:30:00;Strada Urbana;VIA ANAGNINA;da specificare;;;;50 metri  dopo ponte GRA direzione Grottaferrata;Tamponamento;Rettilineo;Una carreggiata a senso unico di marcia;Asciutto;Asfaltata;Orizzontale;Sereno;Scarso;Insufficiente;;1;0;0;3;12.5909;41.8373;-1;1;Autovettura privata;In marcia / fermata / arresto;Conducente;M;Rimandato;0;NON DECEDUTO;Non accertato;Inesploso
6092713;10;24/08/2022 01:30:00;Strada Urbana;VIA ANAGNINA;da specificare;;;;50 metri  dopo ponte GRA direzione Grottaferrata;Tamponamento;Rettilineo;Una carreggiata a senso unico di marcia;Asciutto;Asfaltata;Orizzontale;Sereno;Scarso;Insufficiente;;1;0;0;3;12.5909;41.8373;-1;1;Autovettura privata;In marcia / fermata / arresto;Passeggero;M;Illeso;0;;Non accertato;Inesploso
6092713;10;24/08/2022 01:30:00;Strada Urbana;VIA ANAGNINA;da specificare;;;;50 metri  dopo ponte GRA direzione Grottaferrata;Tamponamento;Rettilineo;Una carreggiata a senso unico di marcia;Asciutto;Asfaltata;Orizzontale;Sereno;Scarso;Insufficiente;;1;0;0;3;12.5909;41.8373;-1;2;Autovettura privata;In marcia / fermata / arresto;Conducente;M;Illeso;0;;Non accertato;Inesploso
6092713;10;24/08/2022 01:30:00;Strada Urbana;VIA ANAGNINA;da specificare;;;;50 metri  dopo ponte GRA direzione Grottaferrata;Tamponamento;Rettilineo;Una carreggiata a senso unico di marcia;Asciutto;Asfaltata;Orizzontale;Sereno;Scarso;Insufficiente;;1;0;0;3;12.5909;41.8373;-1;2;Autovettura privata;In marcia / fermata / arresto;Passeggero;M;Illeso;0;;Non accertato;Inesploso
6092719;6;24/08/2022 04:07:00;Strada Urbana;VIA PRENESTINA;da specificare;;;;FRONTE 1082 SVINCOLO GRA DIREZIONE NAPOLI;Scontro frontale fra veicoli in marcia;Rettilineo;Una carreggiata a doppio senso;Asciutto;Asfaltata;Verticale ed orizzontale;Sereno;Scarso;Sufficiente;;0;0;1;1;12.6011;41.8646;-1;1;Autovettura privata;In marcia / fermata / arresto;Conducente;M;Illeso;0;;;
6092719;6;24/08/2022 04:07:00;Strada Urbana;VIA PRENESTINA;da specificare;;;;FRONTE 1082 SVINCOLO GRA DIREZIONE NAPOLI;Scontro frontale fra veicoli in marcia;Rettilineo;Una carreggiata a doppio senso;Asciutto;Asfaltata;Verticale ed orizzontale;Sereno;Scarso;Sufficiente;;0;0;1;1;12.6011;41.8646;-1;2;Motociclo a solo;In marcia / fermata / arresto;Conducente;M;Deceduto sul posto;-1;;;
6092724;20;24/08/2022 02:00:00;Strada Urbana;VIA DI TORREVECCHIA;in prossimit�;;del civico n.;308;;Veicolo in marcia contro veicolo in sosta;Rettilineo;Una carreggiata a doppio senso;Asciutto;Asfaltata;Orizzontale;Sereno;Scarso;Sufficiente;;0;0;0;1;12.4155;41.9269;-1;1;Autovettura privata;In marcia / fermata / arresto;Conducente;F;Illeso;0;;;
6092724;20;24/08/2022 02:00:00;Strada Urbana;VIA DI TORREVECCHIA;in prossimit�;;del civico n.;308;;Veicolo in marcia contro veicolo in sosta;Rettilineo;Una carreggiata a doppio senso;Asciutto;Asfaltata;Orizzontale;Sereno;Scarso;Sufficiente;;0;0;0;1;12.4155;41.9269;-1;2;Autovettura privata;Sosta;;;;;;;
6092734;9;23/08/2022 13:45:00;;VIA CARROCETO;in prossimit�;;del civico n.;69;;Veicolo in marcia contro veicolo in sosta;;;;;;;;;;0;0;0;1;;;0;1;Autovettura privata;In marcia / fermata / arresto;Conducente;M;Illeso;0;;;
6092734;9;23/08/2022 13:45:00;;VIA CARROCETO;in prossimit�;;del civico n.;69;;Veicolo in marcia contro veicolo in sosta;;;;;;;;;;0;0;0;1;;;0;2;Autovettura privata;Sosta;;;;;;;
6092741;1;23/08/2022 19:00:00;Strada Urbana;VIALE DI TRASTEVERE;in corrispondenza;;del civico n.;45;;Scontro laterale fra veicoli in marcia;Rettilineo;Pi� di due carreggiate;Asciutto;Asfaltata;Verticale ed orizzontale;Nuvoloso;Normale;Buona;;0;0;0;1;12.4738;41.8884;0;1;Autovettura pubblica;In marcia / fermata / arresto;Conducente;M;Illeso;0;;Non accertato;Inesploso
6092741;1;23/08/2022 19:00:00;Strada Urbana;VIALE DI TRASTEVERE;in corrispondenza;;del civico n.;45;;Scontro laterale fra veicoli in marcia;Rettilineo;Pi� di due carreggiate;Asciutto;Asfaltata;Verticale ed orizzontale;Nuvoloso;Normale;Buona;;0;0;0;1;12.4738;41.8884;0;2;Motociclo a solo;In marcia / fermata / arresto;;;;;;;
6092765;1;23/08/2022 19:00:00;Strada Urbana;PIAZZA DI PORTA METRONIA;in prossimit�;;del palo luce n.;2;;Tamponamento Multiplo;Rettilineo;Pi� di due carreggiate;Asciutto;Asfaltata;Verticale ed orizzontale;Sereno;Normale;Buona;;0;0;0;3;12.4981;41.8822;-1;1;Autovettura privata;In marcia / fermata / arresto;Conducente;M;Illeso;0;;Non accertato;Inesploso
6092765;1;23/08/2022 19:00:00;Strada Urbana;PIAZZA DI PORTA METRONIA;in prossimit�;;del palo luce n.;2;;Tamponamento Multiplo;Rettilineo;Pi� di due carreggiate;Asciutto;Asfaltata;Verticale ed orizzontale;Sereno;Normale;Buona;;0;0;0;3;12.4981;41.8822;-1;2;Motociclo a solo;In marcia / fermata / arresto;Conducente;M;Illeso;0;;Non accertato;
6092765;1;23/08/2022 19:00:00;Strada Urbana;PIAZZA DI PORTA METRONIA;in prossimit�;;del palo luce n.;2;;Tamponamento Multiplo;Rettilineo;Pi� di due carreggiate;Asciutto;Asfaltata;Verticale ed orizzontale;Sereno;Normale;Buona;;0;0;0;3;12.4981;41.8822;-1;3;Autovettura privata;In marcia / fermata / arresto;Conducente;M;Illeso;0;;Non accertato;Inesploso
6092766;19;23/08/2022 15:10:00;Strada Urbana;VIA DI TORREVECCHIA;in corrispondenza;;del civico n.;352;;Veicolo in marcia contro veicolo in sosta;Rettilineo;Una carreggiata a doppio senso;Asciutto;Asfaltata;Orizzontale;Sereno;Scarso;Buona;;0;0;0;2;12.4148;41.9261;-1;1;Autovettura privata;In marcia / fermata / arresto;Conducente;M;Illeso;0;;Non accertato;
6092766;19;23/08/2022 15:10:00;Strada Urbana;VIA DI TORREVECCHIA;in corrispondenza;;del civico n.;352;;Veicolo in marcia contro veicolo in sosta;Rettilineo;Una carreggiata a doppio senso;Asciutto;Asfaltata;Orizzontale;Sereno;Scarso;Buona;;0;0;0;2;12.4148;41.9261;-1;1;Autovettura privata;In marcia / fermata / arresto;Passeggero;M;Illeso;0;;Non accertato;
6092766;19;23/08/2022 15:10:00;Strada Urbana;VIA DI TORREVECCHIA;in corrispondenza;;del civico n.;352;;Veicolo in marcia contro veicolo in sosta;Rettilineo;Una carreggiata a doppio senso;Asciutto;Asfaltata;Orizzontale;Sereno;Scarso;Buona;;0;0;0;2;12.4148;41.9261;-1;2;Autovettura privata;Sosta;;;;;;;
6092831;1;23/08/2022 18:10:00;Strada Urbana;VIA DELLE TERME DI DIOCLEZIANO;all'intersezione con;LARGO DI VILLA PERETTI;LARGO DI VILLA PERETTI;;;Tamponamento;Incrocio;Una carreggiata a senso unico di marcia;Asciutto;Asfaltata;Verticale ed orizzontale;Sereno;Normale;Buona;;1;0;0;1;12.4977;41.9016;-1;1;Autovettura privata;In marcia / fermata / arresto;Conducente;M;Illeso;0;;Non accertato;Inesploso
6092831;1;23/08/2022 18:10:00;Strada Urbana;VIA DELLE TERME DI DIOCLEZIANO;all'intersezione con;LARGO DI VILLA PERETTI;LARGO DI VILLA PERETTI;;;Tamponamento;Incrocio;Una carreggiata a senso unico di marcia;Asciutto;Asfaltata;Verticale ed orizzontale;Sereno;Normale;Buona;;1;0;0;1;12.4977;41.9016;-1;2;Motociclo a solo;In marcia / fermata / arresto;Conducente;M;Rimandato;0;NON DECEDUTO;Non accertato;
6092850;19;24/08/2022 01:00:00;Strada Urbana;VIALE DELLE MEDAGLIE D'ORO;in prossimit�;;del civico n.;219;;Tamponamento Multiplo;Rettilineo;Una carreggiata a doppio senso;Asciutto;Asfaltata;Verticale ed orizzontale;Sereno;Normale;Buona;;1;0;0;2;12.4431;41.9167;0;1;Autovettura pubblica;In marcia / fermata / arresto;Conducente;M;Rifiuta cure immediate;0;NON DECEDUTO;Non accertato;Inesploso
6092850;19;24/08/2022 01:00:00;Strada Urbana;VIALE DELLE MEDAGLIE D'ORO;in prossimit�;;del civico n.;219;;Tamponamento Multiplo;Rettilineo;Una carreggiata a doppio senso;Asciutto;Asfaltata;Verticale ed orizzontale;Sereno;Normale;Buona;;1;0;0;2;12.4431;41.9167;0;2;Autovettura privata;In marcia / fermata / arresto;Conducente;M;Illeso;0;;;
6092850;19;24/08/2022 01:00:00;Strada Urbana;VIALE DELLE MEDAGLIE D'ORO;in prossimit�;;del civico n.;219;;Tamponamento Multiplo;Rettilineo;Una carreggiata a doppio senso;Asciutto;Asfaltata;Verticale ed orizzontale;Sereno;Normale;Buona;;1;0;0;2;12.4431;41.9167;0;3;Autovettura privata;In marcia / fermata / arresto;Conducente;M;Illeso;0;;Non accertato;Inesploso
6092877;19;23/08/2022 16:50:00;Strada Urbana;VIA INZAGO;in prossimit�;;del civico n.;74;;Veicolo in marcia contro veicolo in sosta;Rettilineo;Una carreggiata a doppio senso;Asciutto;Asfaltata;Verticale ed orizzontale;Sereno;Normale;Buona;;1;0;0;0;12.388;41.947;-1;1;Autovettura privata;In marcia / fermata / arresto;Conducente;F;Ricoverato;0;NON DECEDUTO;Non accertato;
6092877;19;23/08/2022 16:50:00;Strada Urbana;VIA INZAGO;in prossimit�;;del civico n.;74;;Veicolo in marcia contro veicolo in sosta;Rettilineo;Una carreggiata a doppio senso;Asciutto;Asfaltata;Verticale ed orizzontale;Sereno;Normale;Buona;;1;0;0;0;12.388;41.947;-1;2;Autovettura privata;Sosta;;;;;;;
6092880;1;24/08/2022 00:05:00;Strada Urbana;VIA OSTIENSE;all'intersezione semaforizzata con;VIA DEL PORTO FLUVIALE;VIA DEL PORTO FLUVIALE;;;Scontro frontale/laterale SX fra veicoli in marcia;Intersezione semaforizzata;Pi� di due carreggiate;Asciutto;Asfaltata;Verticale ed orizzontale;Sereno;Scarso;Buona;;0;0;0;3;12.48;41.8724;-1;1;Autovettura pubblica;In marcia / fermata / arresto;Conducente;M;Illeso;0;;Non accertato;Inesploso
6092880;1;24/08/2022 00:05:00;Strada Urbana;VIA OSTIENSE;all'intersezione semaforizzata con;VIA DEL PORTO FLUVIALE;VIA DEL PORTO FLUVIALE;;;Scontro frontale/laterale SX fra veicoli in marcia;Intersezione semaforizzata;Pi� di due carreggiate;Asciutto;Asfaltata;Verticale ed orizzontale;Sereno;Scarso;Buona;;0;0;0;3;12.48;41.8724;-1;2;Autovettura privata;In marcia / fermata / arresto;Conducente;M;Illeso;0;;Non accertato;Esploso
6092880;1;24/08/2022 00:05:00;Strada Urbana;VIA OSTIENSE;all'intersezione semaforizzata con;VIA DEL PORTO FLUVIALE;VIA DEL PORTO FLUVIALE;;;Scontro frontale/laterale SX fra veicoli in marcia;Intersezione semaforizzata;Pi� di due carreggiate;Asciutto;Asfaltata;Verticale ed orizzontale;Sereno;Scarso;Buona;;0;0;0;3;12.48;41.8724;-1;2;Autovettura privata;In marcia / fermata / arresto;Passeggero;F;Illeso;0;;Non accertato;Inesploso
6092887;19;23/08/2022 15:45:00;Strada Urbana;VIA BASILIO PUOTI;in prossimit�;;del civico n.;14;;Scontro laterale fra veicoli in marcia;Rettilineo;Una carreggiata a senso unico di marcia;Asciutto;Asfaltata;Verticale;Sereno;Scarso;Sufficiente;;1;0;0;1;12.4239;41.9476;-1;1;Autocarro inferiore 35 q.;In marcia / fermata / arresto;Conducente;M;Illeso;0;;Non accertato;Inesploso
6092887;19;23/08/2022 15:45:00;Strada Urbana;VIA BASILIO PUOTI;in prossimit�;;del civico n.;14;;Scontro laterale fra veicoli in marcia;Rettilineo;Una carreggiata a senso unico di marcia;Asciutto;Asfaltata;Verticale;Sereno;Scarso;Sufficiente;;1;0;0;1;12.4239;41.9476;-1;2;Motociclo a solo;In marcia / fermata / arresto;Conducente;M;Rifiuta cure immediate;0;NON DECEDUTO;Non accertato;
6092888;7;24/08/2022 08:00:00;Strada Urbana;VIA AMOS ZANIBELLI;in corrispondenza;;del civico n.;15;;Veicolo in marcia contro veicolo arresto;Curva a visuale libera;Una carreggiata a senso unico di marcia;Asciutto;Asfaltata;Orizzontale;Sereno;Normale;Buona;;0;0;0;2;12.5698;41.9016;-1;1;Autovettura privata;In marcia / fermata / arresto;Conducente;M;Illeso;0;;Non accertato;Inesploso
6092888;7;24/08/2022 08:00:00;Strada Urbana;VIA AMOS ZANIBELLI;in corrispondenza;;del civico n.;15;;Veicolo in marcia contro veicolo arresto;Curva a visuale libera;Una carreggiata a senso unico di marcia;Asciutto;Asfaltata;Orizzontale;Sereno;Normale;Buona;;0;0;0;2;12.5698;41.9016;-1;2;Autovettura privata;In marcia / fermata / arresto;Conducente;F;Illeso;0;;Non accertato;Inesploso
6092891;23;23/08/2022 11:05:00;Strada Urbana;PONTE UMBERTO I;all'intersezione con;LUNGOTEVERE TOR DI NONA;LUNGOTEVERE TOR DI NONA;;;Investimento di pedone;Incrocio;Due carreggiate;Asciutto;Asfaltata;Verticale ed orizzontale;Sereno;Normale;Buona;;1;0;0;1;12.4714;41.9025;-1;;;;Pedone;F;Rimandato;0;NON DECEDUTO;;
6092891;23;23/08/2022 11:05:00;Strada Urbana;PONTE UMBERTO I;all'intersezione con;LUNGOTEVERE TOR DI NONA;LUNGOTEVERE TOR DI NONA;;;Investimento di pedone;Incrocio;Due carreggiate;Asciutto;Asfaltata;Verticale ed orizzontale;Sereno;Normale;Buona;;1;0;0;1;12.4714;41.9025;-1;1;Monopattino elettrico;In marcia / fermata / arresto;Conducente;M;Illeso;0;;Non accertato;Inesistente
6092961;16;23/08/2022 15:40:00;;VIA DI BRAVA;in corrispondenza;;del civico n.;f.c.21;;Veicolo in marcia contro ostacolo accidentale;;;;;;;;;;1;0;0;0;;;0;1;Motociclo a solo;In marcia / fermata / arresto;Conducente;M;Rimandato;0;NON DECEDUTO;;
6092968;16;23/08/2022 17:00:00;Strada Urbana;CIRCONVALLAZIONE GIANICOLENSE;in corrispondenza;;del civico n.;211;;Tamponamento;Rettilineo;Pi� di due carreggiate;Asciutto;Asfaltata;Verticale ed orizzontale;Sereno;Normale;Buona;;0;0;0;3;12.4445;41.8759;-1;1;Autovettura privata;In marcia / fermata / arresto;Conducente;M;Illeso;0;;Non accertato;Inesploso
6092968;16;23/08/2022 17:00:00;Strada Urbana;CIRCONVALLAZIONE GIANICOLENSE;in corrispondenza;;del civico n.;211;;Tamponamento;Rettilineo;Pi� di due carreggiate;Asciutto;Asfaltata;Verticale ed orizzontale;Sereno;Normale;Buona;;0;0;0;3;12.4445;41.8759;-1;2;Autovettura privata;In marcia / fermata / arresto;Conducente;M;Illeso;0;;Non accertato;Inesploso
6092968;16;23/08/2022 17:00:00;Strada Urbana;CIRCONVALLAZIONE GIANICOLENSE;in corrispondenza;;del civico n.;211;;Tamponamento;Rettilineo;Pi� di due carreggiate;Asciutto;Asfaltata;Verticale ed orizzontale;Sereno;Normale;Buona;;0;0;0;3;12.4445;41.8759;-1;2;Autovettura privata;In marcia / fermata / arresto;Passeggero;F;Illeso;0;;Non accertato;Inesploso
6092982;16;23/08/2022 21:45:00;Strada Urbana;VIA OSTIENSE;in prossimit�;;del civico n.;F.C. 71;;Investimento di pedone;Rettilineo;Pi� di due carreggiate;Asciutto;Asfaltata;Verticale ed orizzontale;Sereno;Normale;Sufficiente;;1;0;0;1;12.4229;41.8109;-1;;;;Pedone;M;Rimandato;0;NON DECEDUTO;;
6092982;16;23/08/2022 21:45:00;Strada Urbana;VIA OSTIENSE;in prossimit�;;del civico n.;F.C. 71;;Investimento di pedone;Rettilineo;Pi� di due carreggiate;Asciutto;Asfaltata;Verticale ed orizzontale;Sereno;Normale;Sufficiente;;1;0;0;1;12.4229;41.8109;-1;1;Autovettura privata;In marcia / fermata / arresto;Conducente;F;Illeso;0;;Non accertato;Inesploso
6093078;12;23/08/2022 20:55:00;Strada Urbana;LARGO GIUSEPPE PELLA;all'intersezione con;VIA CRISTOFORO COLOMBO;VIA CRISTOFORO COLOMBO;;;Scontro laterale fra veicoli in marcia;Incrocio;Una carreggiata a senso unico di marcia;Asciutto;Asfaltata;Verticale ed orizzontale;Sereno;Normale;Buona;;0;0;0;2;12.4688;41.8295;-1;1;Autovettura privata;In marcia / fermata / arresto;Conducente;F;Illeso;0;;Non accertato;Inesploso
6093078;12;23/08/2022 20:55:00;Strada Urbana;LARGO GIUSEPPE PELLA;all'intersezione con;VIA CRISTOFORO COLOMBO;VIA CRISTOFORO COLOMBO;;;Scontro laterale fra veicoli in marcia;Incrocio;Una carreggiata a senso unico di marcia;Asciutto;Asfaltata;Verticale ed orizzontale;Sereno;Normale;Buona;;0;0;0;2;12.4688;41.8295;-1;2;Autovettura privata;In marcia / fermata / arresto;Conducente;M;Illeso;0;;;
6093097;9;24/08/2022 11:00:00;;VIALE CASTRENSE;da specificare;;;;altezza fronte civico 9;Veicolo in marcia contro veicolo in sosta;;;;;;;;;;0;0;0;1;12.5169;41.8871;0;1;Autovettura privata;Allontanatosi;;;;;;;
6093097;9;24/08/2022 11:00:00;;VIALE CASTRENSE;da specificare;;;;altezza fronte civico 9;Veicolo in marcia contro veicolo in sosta;;;;;;;;;;0;0;0;1;12.5169;41.8871;0;2;Autovettura privata;In marcia / fermata / arresto;Conducente;F;Illeso;0;;Non accertato;Inesploso
6093116;1;24/08/2022 08:30:00;Strada Urbana;VIA MONTEBELLO;in prossimit�;;del civico n.;116;;Veicolo in marcia contro veicoli in sosta;Rettilineo;Una carreggiata a doppio senso;Asciutto;In cubetti di porfido;Verticale ed orizzontale;Sereno;Scarso;Buona;;0;0;0;0;12.5014;41.9065;-1;1;Autovettura privata;Allontanatosi;;;;;;;
6093116;1;24/08/2022 08:30:00;Strada Urbana;VIA MONTEBELLO;in prossimit�;;del civico n.;116;;Veicolo in marcia contro veicoli in sosta;Rettilineo;Una carreggiata a doppio senso;Asciutto;In cubetti di porfido;Verticale ed orizzontale;Sereno;Scarso;Buona;;0;0;0;0;12.5014;41.9065;-1;2;Autovettura privata;Sosta;;;;;;;
6093116;1;24/08/2022 08:30:00;Strada Urbana;VIA MONTEBELLO;in prossimit�;;del civico n.;116;;Veicolo in marcia contro veicoli in sosta;Rettilineo;Una carreggiata a doppio senso;Asciutto;In cubetti di porfido;Verticale ed orizzontale;Sereno;Scarso;Buona;;0;0;0;0;12.5014;41.9065;-1;3;Autovettura privata;Sosta;;;;;;;
6093116;1;24/08/2022 08:30:00;Strada Urbana;VIA MONTEBELLO;in prossimit�;;del civico n.;116;;Veicolo in marcia contro veicoli in sosta;Rettilineo;Una carreggiata a doppio senso;Asciutto;In cubetti di porfido;Verticale ed orizzontale;Sereno;Scarso;Buona;;0;0;0;0;12.5014;41.9065;-1;4;Autovettura privata;Sosta;;;;;;;
6093116;1;24/08/2022 08:30:00;Strada Urbana;VIA MONTEBELLO;in prossimit�;;del civico n.;116;;Veicolo in marcia contro veicoli in sosta;Rettilineo;Una carreggiata a doppio senso;Asciutto;In cubetti di porfido;Verticale ed orizzontale;Sereno;Scarso;Buona;;0;0;0;0;12.5014;41.9065;-1;5;Autocarro inferiore 35 q.;Sosta;;;;;;;
6093117;12;24/08/2022 10:00:00;Strada Urbana;VIA DELLA CECCHIGNOLA;in prossimit�;;del civico n.;159;;Scontro laterale fra veicoli in marcia;Rettilineo;Pi� di due carreggiate;Bagnato (pioggia);Asfaltata;Temporanea di cantiere;Sereno;Scarso;Buona;;0;0;0;2;12.5121;41.811;-1;1;Autovettura privata;In marcia / fermata / arresto;Conducente;M;Illeso;0;;;
6093117;12;24/08/2022 10:00:00;Strada Urbana;VIA DELLA CECCHIGNOLA;in prossimit�;;del civico n.;159;;Scontro laterale fra veicoli in marcia;Rettilineo;Pi� di due carreggiate;Bagnato (pioggia);Asfaltata;Temporanea di cantiere;Sereno;Scarso;Buona;;0;0;0;2;12.5121;41.811;-1;2;Autovettura privata;In marcia / fermata / arresto;Conducente;M;Illeso;0;;;
6093302;3;23/08/2022 13:25:00;;VIA FORLI';all'intersezione con;VIA IMPERIA;VIA IMPERIA;;;Infortunio per sola frenata improvvisa;;;;;;;;;;0;0;0;2;;;0;1;Autovettura privata;In marcia / fermata / arresto;Conducente;F;Illeso;0;;;
6093302;3;23/08/2022 13:25:00;;VIA FORLI';all'intersezione con;VIA IMPERIA;VIA IMPERIA;;;Infortunio per sola frenata improvvisa;;;;;;;;;;0;0;0;2;;;0;2;Monopattino elettrico;In marcia / fermata / arresto;Conducente;M;Illeso;0;;;
6093407;10;24/08/2022 13:10:00;Strada Urbana;VIALE PALMIRO TOGLIATTI;all'intersezione semaforizzata con;VIA GIUSEPPE CHIOVENDA;VIA GIUSEPPE CHIOVENDA;;;Scontro frontale/laterale SX fra veicoli in marcia;Intersezione semaforizzata;Due carreggiate;Asciutto;Asfaltata;Verticale ed orizzontale;Sereno;Normale;Buona;;2;0;0;0;12.5733;41.8872;-1;1;Autovettura privata;In marcia / fermata / arresto;Conducente;F;Rimandato;0;NON DECEDUTO;;
6093407;10;24/08/2022 13:10:00;Strada Urbana;VIALE PALMIRO TOGLIATTI;all'intersezione semaforizzata con;VIA GIUSEPPE CHIOVENDA;VIA GIUSEPPE CHIOVENDA;;;Scontro frontale/laterale SX fra veicoli in marcia;Intersezione semaforizzata;Due carreggiate;Asciutto;Asfaltata;Verticale ed orizzontale;Sereno;Normale;Buona;;2;0;0;0;12.5733;41.8872;-1;2;Autovettura privata;In marcia / fermata / arresto;Conducente;M;Rimandato;0;NON DECEDUTO;;
6093613;6;24/08/2022 15:40:00;Strada Urbana;VIA MINTURNO;in corrispondenza;;del civico n.;32;;Veicolo in marcia contro veicoli in sosta;Rettilineo;Una carreggiata a senso unico di marcia;Asciutto;Asfaltata;Verticale;Sereno;Scarso;Sufficiente;;1;0;0;0;12.5483;41.8857;-1;1;Autovettura privata;In marcia / fermata / arresto;Conducente;F;Rifiuta cure immediate;0;NON DECEDUTO;;
6093613;6;24/08/2022 15:40:00;Strada Urbana;VIA MINTURNO;in corrispondenza;;del civico n.;32;;Veicolo in marcia contro veicoli in sosta;Rettilineo;Una carreggiata a senso unico di marcia;Asciutto;Asfaltata;Verticale;Sereno;Scarso;Sufficiente;;1;0;0;0;12.5483;41.8857;-1;2;Autovettura privata;Sosta;;;;;;;
6093613;6;24/08/2022 15:40:00;Strada Urbana;VIA MINTURNO;in corrispondenza;;del civico n.;32;;Veicolo in marcia contro veicoli in sosta;Rettilineo;Una carreggiata a senso unico di marcia;Asciutto;Asfaltata;Verticale;Sereno;Scarso;Sufficiente;;1;0;0;0;12.5483;41.8857;-1;3;Autovettura privata;Sosta;;;;;;;
6093622;5;24/08/2022 18:00:00;Strada Urbana;VIA TIBURTINA;in corrispondenza;;del civico n.;1155;;Infortunio per sola frenata improvvisa;Rettilineo;Due carreggiate;Asciutto;Asfaltata;Verticale ed orizzontale;Sereno;Normale;Buona;;1;0;0;2;12.5962;41.9327;-1;1;Autobus di linea;In marcia / fermata / arresto;Conducente;M;Illeso;0;;Non accertato;Inesploso
6093622;5;24/08/2022 18:00:00;Strada Urbana;VIA TIBURTINA;in corrispondenza;;del civico n.;1155;;Infortunio per sola frenata improvvisa;Rettilineo;Due carreggiate;Asciutto;Asfaltata;Verticale ed orizzontale;Sereno;Normale;Buona;;1;0;0;2;12.5962;41.9327;-1;1;Autobus di linea;In marcia / fermata / arresto;Passeggero;M;Illeso;0;;Non accertato;Inesploso
6093622;5;24/08/2022 18:00:00;Strada Urbana;VIA TIBURTINA;in corrispondenza;;del civico n.;1155;;Infortunio per sola frenata improvvisa;Rettilineo;Due carreggiate;Asciutto;Asfaltata;Verticale ed orizzontale;Sereno;Normale;Buona;;1;0;0;2;12.5962;41.9327;-1;1;Autobus di linea;In marcia / fermata / arresto;Passeggero;M;Rimandato;0;NON DECEDUTO;Non accertato;Inesploso
6093638;5;25/08/2022 03:40:00;Strada Urbana;VIA TIBURTINA;in prossimit�;;del civico n.;1172;;Veicolo in marcia contro ostacolo fisso;Rettilineo;Due carreggiate;Asciutto;Asfaltata;Verticale ed orizzontale;Sereno;Scarso;Buona;;0;0;0;1;12.5974;41.9327;-1;1;Autovettura privata;In marcia / fermata / arresto;Conducente;M;Illeso;0;;Non accertato;Inesploso
6093640;12;24/08/2022 17:30:00;Strada Urbana;VIALE DELL'UMANESIMO;da specificare;;;;prossimit� VIA CESARE PAVESE;Veicolo in marcia contro veicolo in sosta;Rettilineo;Una carreggiata a doppio senso;Asciutto;Asfaltata;Verticale ed orizzontale;Sereno;Normale;Buona;;1;0;0;0;12.4699;41.8231;-1;1;Autovettura privata;In marcia / fermata / arresto;Conducente;F;Rimandato;0;NON DECEDUTO;Non accertato;Inesploso
6093640;12;24/08/2022 17:30:00;Strada Urbana;VIALE DELL'UMANESIMO;da specificare;;;;prossimit� VIA CESARE PAVESE;Veicolo in marcia contro veicolo in sosta;Rettilineo;Una carreggiata a doppio senso;Asciutto;Asfaltata;Verticale ed orizzontale;Sereno;Normale;Buona;;1;0;0;0;12.4699;41.8231;-1;2;Autovettura privata;Sosta;;;;;;;
6093644;9;24/08/2022 18:00:00;Strada Urbana;VIA DEMETRIADE;da specificare;;;;prossimit� palo A.C.E.A. n� 28;Veicolo in marcia contro ostacolo accidentale;Curva a visuale libera;Una carreggiata a doppio senso;Asciutto;Asfaltata;Verticale ed orizzontale;Sereno;Normale;Buona;;1;0;0;0;12.5346;41.8612;0;1;Motociclo a solo;In marcia / fermata / arresto;Conducente;M;Rimandato;0;NON DECEDUTO;Non accertato;