Protocollo;Gruppo;DataOraIncidente;Localizzazione1;STRADA1;Localizzazione2;STRADA2;Strada02;Chilometrica;DaSpecificare;NaturaIncidente;particolaritastrade;TipoStrada;FondoStradale;Pavimentazione;Segnaletica;CondizioneAtmosferica;Traffico;Visibilita;Illuminazione;NUM_FERITI;NUM_RISERVATA;NUM_MORTI;NUM_ILLESI;Longitude;Latitude;Confermato;Progressivo;TipoVeicolo;StatoVeicolo;TipoPersona;Sesso;Tipolesione;Deceduto;DecedutoDopo;CinturaCascoUtilizzato;Airbag;
6093647;17;24/08/2022 08:00:00;Strada Urbana;VIALE DELLE MILIZIE;all'intersezione con;VIA SIMONE DE SAINT BON;VIA SIMONE DE SAINT BON;;;Veicolo in marcia contro veicolo in sosta;Incrocio;Pi� di due carreggiate;Asciutto;Asfaltata;Verticale ed orizzontale;Sereno;Scarso;Buona;;0;0;0;1;12.4569;41.9111;-1;1;Autocarro inferiore 35 q.;In marcia / fermata / arresto;Conducente;M;Illeso;0;;;
6093647;17;24/08/2022 08:00:00;Strada Urbana;VIALE DELLE MILIZIE;all'intersezione con;VIA SIMONE DE SAINT BON;VIA SIMONE DE SAINT BON;;;Veicolo in marcia contro veicolo in sosta;Incrocio;Pi� di due carreggiate;Asciutto;Asfaltata;Verticale ed orizzontale;Sereno;Scarso;Buona;;0;0;0;1;12.4569;41.9111;-1;2;Autocarro inferiore 35 q.;Sosta;;;;;;;
6093649;20;24/08/2022 18:00:00;Strada Urbana;VIALE DI TOR DI QUINTO;all'intersezione con;VIA DEL BAIARDO;VIA DEL BAIARDO;;;Scontro laterale fra veicoli in marcia;Incrocio;Una carreggiata a senso unico di marcia;Asciutto;Asfaltata;Verticale ed orizzontale;Sereno;Scarso;Buona;;0;0;0;2;12.4823;41.9414;-1;1;Motociclo a solo;In marcia / fermata / arresto;Conducente;M;Illeso;0;;;
6093649;20;24/08/2022 18:00:00;Strada Urbana;VIALE DI TOR DI QUINTO;all'intersezione con;VIA DEL BAIARDO;VIA DEL BAIARDO;;;Scontro laterale fra veicoli in marcia;Incrocio;Una carreggiata a senso unico di marcia;Asciutto;Asfaltata;Verticale ed orizzontale;Sereno;Scarso;Buona;;0;0;0;2;12.4823;41.9414;-1;2;Autovettura privata;In marcia / fermata / arresto;Conducente;M;Illeso;0;;;
6093650;10;24/08/2022 17:15:00;Strada Urbana;VIA FABRIZIO LUSCINO;all'intersezione con;VIA DEL QUADRARO;VIA DEL QUADRARO;;;Scontro frontale/laterale SX fra veicoli in marcia;Incrocio;Una carreggiata a senso unico di marcia;Asciutto;Asfaltata;Verticale ed orizzontale;Sereno;Scarso;Buona;;0;0;0;2;12.5561;41.8558;-1;1;Autovettura privata;In marcia / fermata / arresto;Conducente;M;Illeso;0;;;
6093650;10;24/08/2022 17:15:00;Strada Urbana;VIA FABRIZIO LUSCINO;all'intersezione con;VIA DEL QUADRARO;VIA DEL QUADRARO;;;Scontro frontale/laterale SX fra veicoli in marcia;Incrocio;Una carreggiata a senso unico di marcia;Asciutto;Asfaltata;Verticale ed orizzontale;Sereno;Scarso;Buona;;0;0;0;2;12.5561;41.8558;-1;2;Autovettura privata;In marcia / fermata / arresto;Conducente;M;Illeso;0;;;
6093655;7;24/08/2022 22:30:00;Strada Urbana;VIALE GIORGIO DE CHIRICO;in corrispondenza;;del civico n.;74;;Veicolo in marcia contro veicolo in sosta;Rettilineo;Due carreggiate;Asciutto;Asfaltata;Verticale ed orizzontale;Sereno;Scarso;Buona;;0;0;0;1;12.5852;41.9008;-1;1;Autovettura privata;Sosta;;;;;;;
6093655;7;24/08/2022 22:30:00;Strada Urbana;VIALE GIORGIO DE CHIRICO;in corrispondenza;;del civico n.;74;;Veicolo in marcia contro veicolo in sosta;Rettilineo;Due carreggiate;Asciutto;Asfaltata;Verticale ed orizzontale;Sereno;Scarso;Buona;;0;0;0;1;12.5852;41.9008;-1;2;Autovettura privata;In marcia / fermata / arresto;Conducente;M;Illeso;0;;;
6093664;6;24/08/2022 19:00:00;Strada Urbana;VIALE GIOVANNI BATTISTA VALENTE;da specificare;;;;FRONTE CIVICO 149;Tamponamento;Rettilineo;Una carreggiata a doppio senso;Asciutto;Asfaltata;Orizzontale;Sereno;Normale;Buona;;1;0;0;2;12.5665;41.8984;-1;1;Autovettura privata;In marcia / fermata / arresto;Conducente;F;Illeso;0;;;
6093664;6;24/08/2022 19:00:00;Strada Urbana;VIALE GIOVANNI BATTISTA VALENTE;da specificare;;;;FRONTE CIVICO 149;Tamponamento;Rettilineo;Una carreggiata a doppio senso;Asciutto;Asfaltata;Orizzontale;Sereno;Normale;Buona;;1;0;0;2;12.5665;41.8984;-1;2;Motociclo con passeggero;In marcia / fermata / arresto;Conducente;M;Illeso;0;;;
6093664;6;24/08/2022 19:00:00;Strada Urbana;VIALE GIOVANNI BATTISTA VALENTE;da specificare;;;;FRONTE CIVICO 149;Tamponamento;Rettilineo;Una carreggiata a doppio senso;Asciutto;Asfaltata;Orizzontale;Sereno;Normale;Buona;;1;0;0;2;12.5665;41.8984;-1;2;Motociclo con passeggero;In marcia / fermata / arresto;Passeggero;M;Rimandato;0;NON DECEDUTO;;
6093670;17;24/08/2022 13:15:00;Strada Urbana;VIA LUIGI SETTEMBRINI;in prossimit�;;del civico n.;9;;Veicolo in marcia contro veicolo in sosta;Rettilineo;Due carreggiate;Asciutto;Asfaltata;Verticale ed orizzontale;Sereno;Scarso;Buona;;0;0;0;1;12.4678;41.9144;-1;1;Autovettura privata;In marcia / fermata / arresto;Conducente;M;Illeso;0;;;
6093670;17;24/08/2022 13:15:00;Strada Urbana;VIA LUIGI SETTEMBRINI;in prossimit�;;del civico n.;9;;Veicolo in marcia contro veicolo in sosta;Rettilineo;Due carreggiate;Asciutto;Asfaltata;Verticale ed orizzontale;Sereno;Scarso;Buona;;0;0;0;1;12.4678;41.9144;-1;2;Autoveicolo trasp.promisc.;Sosta;;;;;;;
6093672;9;24/08/2022 19:40:00;Strada Urbana;VIA LATINA;all'intersezione con;VIA ADOLFO OMODEO;VIA ADOLFO OMODEO;;;Veicolo in marcia contro veicoli in sosta;Incrocio;Una carreggiata a senso unico di marcia;Asciutto;Asfaltata;Verticale ed orizzontale;Sereno;Normale;Buona;;1;0;0;4;12.5214;41.871;-1;1;Autovettura privata;In marcia / fermata / arresto;Conducente;F;Rimandato;0;NON DECEDUTO;Non accertato;Inesploso
6093672;9;24/08/2022 19:40:00;Strada Urbana;VIA LATINA;all'intersezione con;VIA ADOLFO OMODEO;VIA ADOLFO OMODEO;;;Veicolo in marcia contro veicoli in sosta;Incrocio;Una carreggiata a senso unico di marcia;Asciutto;Asfaltata;Verticale ed orizzontale;Sereno;Normale;Buona;;1;0;0;4;12.5214;41.871;-1;2;Autovettura privata;In marcia / fermata / arresto;Conducente;M;Illeso;0;;Non accertato;Inesploso
6093672;9;24/08/2022 19:40:00;Strada Urbana;VIA LATINA;all'intersezione con;VIA ADOLFO OMODEO;VIA ADOLFO OMODEO;;;Veicolo in marcia contro veicoli in sosta;Incrocio;Una carreggiata a senso unico di marcia;Asciutto;Asfaltata;Verticale ed orizzontale;Sereno;Normale;Buona;;1;0;0;4;12.5214;41.871;-1;2;Autovettura privata;In marcia / fermata / arresto;Passeggero;M;Illeso;0;;Non accertato;Inesploso
6093672;9;24/08/2022 19:40:00;Strada Urbana;VIA LATINA;all'intersezione con;VIA ADOLFO OMODEO;VIA ADOLFO OMODEO;;;Veicolo in marcia contro veicoli in sosta;Incrocio;Una carreggiata a senso unico di marcia;Asciutto;Asfaltata;Verticale ed orizzontale;Sereno;Normale;Buona;;1;0;0;4;12.5214;41.871;-1;2;Autovettura privata;In marcia / fermata / arresto;Passeggero;M;Illeso;0;;Non accertato;Inesploso
6093672;9;24/08/2022 19:40:00;Strada Urbana;VIA LATINA;all'intersezione con;VIA ADOLFO OMODEO;VIA ADOLFO OMODEO;;;Veicolo in marcia contro veicoli in sosta;Incrocio;Una carreggiata a senso unico di marcia;Asciutto;Asfaltata;Verticale ed orizzontale;Sereno;Normale;Buona;;1;0;0;4;12.5214;41.871;-1;3;Autovettura privata;Sosta;;;;;;;
6093672;9;24/08/2022 19:40:00;Strada Urbana;VIA LATINA;all'intersezione con;VIA ADOLFO OMODEO;VIA ADOLFO OMODEO;;;Veicolo in marcia contro veicoli in sosta;Incrocio;Una carreggiata a senso unico di marcia;Asciutto;Asfaltata;Verticale ed orizzontale;Sereno;Normale;Buona;;1;0;0;4;12.5214;41.871;-1;4;Autovettura privata;Sosta;;;;;;;
6093672;9;24/08/2022 19:40:00;Strada Urbana;VIA LATINA;all'intersezione con;VIA ADOLFO OMODEO;VIA ADOLFO OMODEO;;;Veicolo in marcia contro veicoli in sosta;Incrocio;Una carreggiata a senso unico di marcia;Asciutto;Asfaltata;Verticale ed orizzontale;Sereno;Normale;Buona;;1;0;0;4;12.5214;41.871;-1;5;Autovettura privata;Sosta;;;;;;;
6093672;9;24/08/2022 19:40:00;Strada Urbana;VIA LATINA;all'intersezione con;VIA ADOLFO OMODEO;VIA ADOLFO OMODEO;;;Veicolo in marcia contro veicoli in sosta;Incrocio;Una carreggiata a senso unico di marcia;Asciutto;Asfaltata;Verticale ed orizzontale;Sereno;Normale;Buona;;1;0;0;4;12.5214;41.871;-1;6;Autovettura privata;Sosta;;;;;;;
6093678;19;24/08/2022 18:15:00;Strada Urbana;VIA DELLA PINETA SACCHETTI;da specificare;;;;prossimit� fronte civ. 197;Fuoriuscita dalla sede stradale;Rettilineo;Una carreggiata a doppio senso;Asciutto;Asfaltata;Verticale ed orizzontale;Sereno;Scarso;Buona;;0;0;0;1;12.425;41.924;-1;1;Autovettura privata;Sosta;;;;;;;
6093678;19;24/08/2022 18:15:00;Strada Urbana;VIA DELLA PINETA SACCHETTI;da specificare;;;;prossimit� fronte civ. 197;Fuoriuscita dalla sede stradale;Rettilineo;Una carreggiata a doppio senso;Asciutto;Asfaltata;Verticale ed orizzontale;Sereno;Scarso;Buona;;0;0;0;1;12.425;41.924;-1;2;Autovettura privata;In marcia / fermata / arresto;Conducente;M;Illeso;0;;Non accertato;Inesploso
6093679;17;24/08/2022 15:00:00;Strada Urbana;VIA CIPRO;all'intersezione con;PIAZZALE DEGLI EROI;PIAZZALE DEGLI EROI;;;Tamponamento Multiplo;Incrocio;Due carreggiate;Asciutto;Asfaltata;Verticale ed orizzontale;Sereno;Normale;Buona;;0;0;0;3;12.4484;41.9087;-1;1;Autovettura privata;In marcia / fermata / arresto;Conducente;M;Illeso;0;;;
6093679;17;24/08/2022 15:00:00;Strada Urbana;VIA CIPRO;all'intersezione con;PIAZZALE DEGLI EROI;PIAZZALE DEGLI EROI;;;Tamponamento Multiplo;Incrocio;Due carreggiate;Asciutto;Asfaltata;Verticale ed orizzontale;Sereno;Normale;Buona;;0;0;0;3;12.4484;41.9087;-1;2;Autovettura privata;In marcia / fermata / arresto;Conducente;F;Illeso;0;;;
6093679;17;24/08/2022 15:00:00;Strada Urbana;VIA CIPRO;all'intersezione con;PIAZZALE DEGLI EROI;PIAZZALE DEGLI EROI;;;Tamponamento Multiplo;Incrocio;Due carreggiate;Asciutto;Asfaltata;Verticale ed orizzontale;Sereno;Normale;Buona;;0;0;0;3;12.4484;41.9087;-1;3;Motociclo con passeggero;In marcia / fermata / arresto;Conducente;M;Illeso;0;;;
6093693;12;24/08/2022 23:50:00;Strada Urbana;VIA CRISTOFORO COLOMBO;da specificare;;;;Altezza Palo Acea 576 direzione Ostia;Scontro frontale fra veicoli in marcia;Rettilineo;Pi� di due carreggiate;Asciutto;Asfaltata;Verticale ed orizzontale;Sereno;Normale;Buona;;0;0;0;5;12.4115;41.7858;-1;1;Autovettura privata;In marcia / fermata / arresto;Conducente;F;Illeso;0;;Utilizzato;Inesploso
6093693;12;24/08/2022 23:50:00;Strada Urbana;VIA CRISTOFORO COLOMBO;da specificare;;;;Altezza Palo Acea 576 direzione Ostia;Scontro frontale fra veicoli in marcia;Rettilineo;Pi� di due carreggiate;Asciutto;Asfaltata;Verticale ed orizzontale;Sereno;Normale;Buona;;0;0;0;5;12.4115;41.7858;-1;1;Autovettura privata;In marcia / fermata / arresto;Passeggero;M;Illeso;0;;Utilizzato;Inesploso
6093693;12;24/08/2022 23:50:00;Strada Urbana;VIA CRISTOFORO COLOMBO;da specificare;;;;Altezza Palo Acea 576 direzione Ostia;Scontro frontale fra veicoli in marcia;Rettilineo;Pi� di due carreggiate;Asciutto;Asfaltata;Verticale ed orizzontale;Sereno;Normale;Buona;;0;0;0;5;12.4115;41.7858;-1;1;Autovettura privata;In marcia / fermata / arresto;Passeggero;F;Illeso;0;;Utilizzato;Inesploso
6093693;12;24/08/2022 23:50:00;Strada Urbana;VIA CRISTOFORO COLOMBO;da specificare;;;;Altezza Palo Acea 576 direzione Ostia;Scontro frontale fra veicoli in marcia;Rettilineo;Pi� di due carreggiate;Asciutto;Asfaltata;Verticale ed orizzontale;Sereno;Normale;Buona;;0;0;0;5;12.4115;41.7858;-1;1;Autovettura privata;In marcia / fermata / arresto;Passeggero;M;Illeso;0;;Utilizzato;Inesploso
6093693;12;24/08/2022 23:50:00;Strada Urbana;VIA CRISTOFORO COLOMBO;da specificare;;;;Altezza Palo Acea 576 direzione Ostia;Scontro frontale fra veicoli in marcia;Rettilineo;Pi� di due carreggiate;Asciutto;Asfaltata;Verticale ed orizzontale;Sereno;Normale;Buona;;0;0;0;5;12.4115;41.7858;-1;2;Autocarro inferiore 35 q.;In marcia / fermata / arresto;Conducente;M;Illeso;0;;Utilizzato;Esploso
6093779;10;25/08/2022 08:30:00;Strada Urbana;VIA DEL QUADRARO;all'intersezione con;VIA SELINUNTE;VIA SELINUNTE;;;Scontro frontale/laterale SX fra veicoli in marcia;Incrocio;Una carreggiata a doppio senso;Asciutto;Asfaltata;Verticale ed orizzontale;Sereno;Scarso;Buona;;3;0;0;0;12.5523;41.8552;-1;1;Autovettura privata;In marcia / fermata / arresto;Conducente;M;Rimandato;0;NON DECEDUTO;;
6093779;10;25/08/2022 08:30:00;Strada Urbana;VIA DEL QUADRARO;all'intersezione con;VIA SELINUNTE;VIA SELINUNTE;;;Scontro frontale/laterale SX fra veicoli in marcia;Incrocio;Una carreggiata a doppio senso;Asciutto;Asfaltata;Verticale ed orizzontale;Sereno;Scarso;Buona;;3;0;0;0;12.5523;41.8552;-1;1;Autovettura privata;In marcia / fermata / arresto;Passeggero;F;Rimandato;0;NON DECEDUTO;;
6093779;10;25/08/2022 08:30:00;Strada Urbana;VIA DEL QUADRARO;all'intersezione con;VIA SELINUNTE;VIA SELINUNTE;;;Scontro frontale/laterale SX fra veicoli in marcia;Incrocio;Una carreggiata a doppio senso;Asciutto;Asfaltata;Verticale ed orizzontale;Sereno;Scarso;Buona;;3;0;0;0;12.5523;41.8552;-1;2;Autovettura privata;In marcia / fermata / arresto;Conducente;M;Rimandato;0;NON DECEDUTO;;
6093824;3;22/08/2022 11:45:00;Strada Urbana;PIAZZALE DEL VERANO;all'intersezione con;VIA DEL VERANO;VIA DEL VERANO;;;Scontro frontale/laterale DX fra veicoli in marcia;Incrocio;Una carreggiata a senso unico di marcia;Asciutto;Asfaltata;Assente;Sereno;Scarso;Buona;;0;0;0;4;12.5188;41.9016;-1;1;Autovettura privata;In marcia / fermata / arresto;Conducente;M;Illeso;0;;;
6093824;3;22/08/2022 11:45:00;Strada Urbana;PIAZZALE DEL VERANO;all'intersezione con;VIA DEL VERANO;VIA DEL VERANO;;;Scontro frontale/laterale DX fra veicoli in marcia;Incrocio;Una carreggiata a senso unico di marcia;Asciutto;Asfaltata;Assente;Sereno;Scarso;Buona;;0;0;0;4;12.5188;41.9016;-1;1;Autovettura privata;In marcia / fermata / arresto;Passeggero;M;Illeso;0;;;
6093824;3;22/08/2022 11:45:00;Strada Urbana;PIAZZALE DEL VERANO;all'intersezione con;VIA DEL VERANO;VIA DEL VERANO;;;Scontro frontale/laterale DX fra veicoli in marcia;Incrocio;Una carreggiata a senso unico di marcia;Asciutto;Asfaltata;Assente;Sereno;Scarso;Buona;;0;0;0;4;12.5188;41.9016;-1;2;Autovettura privata;In marcia / fermata / arresto;Conducente;M;Illeso;0;;;
6093824;3;22/08/2022 11:45:00;Strada Urbana;PIAZZALE DEL VERANO;all'intersezione con;VIA DEL VERANO;VIA DEL VERANO;;;Scontro frontale/laterale DX fra veicoli in marcia;Incrocio;Una carreggiata a senso unico di marcia;Asciutto;Asfaltata;Assente;Sereno;Scarso;Buona;;0;0;0;4;12.5188;41.9016;-1;2;Autovettura privata;In marcia / fermata / arresto;Passeggero;F;Illeso;0;;;
6093837;3;23/08/2022 11:44:00;Strada Urbana;CIRCONVALLAZIONE NOMENTANA;in prossimit�;;del civico n.;218;;Veicolo in marcia contro veicolo in sosta;Rettilineo;Una carreggiata a senso unico di marcia;Asciutto;Asfaltata;Verticale ed orizzontale;Sereno;Scarso;Buona;;1;0;0;0;12.5265;41.9206;-1;1;Autovettura privata;In marcia / fermata / arresto;Conducente;F;Ricoverato;0;NON DECEDUTO;;
6093837;3;23/08/2022 11:44:00;Strada Urbana;CIRCONVALLAZIONE NOMENTANA;in prossimit�;;del civico n.;218;;Veicolo in marcia contro veicolo in sosta;Rettilineo;Una carreggiata a senso unico di marcia;Asciutto;Asfaltata;Verticale ed orizzontale;Sereno;Scarso;Buona;;1;0;0;0;12.5265;41.9206;-1;2;Autovettura privata;Sosta;;;;;;;
6093865;3;24/08/2022 07:10:00;Strada Urbana;VIALE IPPOCRATE;in prossimit�;;del civico n.;112;;Scontro laterale fra veicoli in marcia;Rettilineo;Due carreggiate;Asciutto;Asfaltata;Verticale ed orizzontale;Sereno;Scarso;Buona;;1;0;0;1;12.518;41.9075;-1;1;Autovettura privata;In marcia / fermata / arresto;Conducente;M;Illeso;0;;;
6093865;3;24/08/2022 07:10:00;Strada Urbana;VIALE IPPOCRATE;in prossimit�;;del civico n.;112;;Scontro laterale fra veicoli in marcia;Rettilineo;Due carreggiate;Asciutto;Asfaltata;Verticale ed orizzontale;Sereno;Scarso;Buona;;1;0;0;1;12.518;41.9075;-1;2;Motociclo a solo;In marcia / fermata / arresto;Conducente;M;Ricoverato;0;NON DECEDUTO;;
6093930;16;24/08/2022 09:00:00;Strada Urbana;VIA FELICE CASORATI;in prossimit�;;del civico n.;3;;Veicolo in marcia contro veicolo in sosta;Rettilineo;Una carreggiata a doppio senso;Asciutto;Asfaltata;Verticale;Sereno;Scarso;Buona;;0;0;0;1;12.3498;41.8796;-1;1;Autovettura privata;Sosta;;;;;;;
6093930;16;24/08/2022 09:00:00;Strada Urbana;VIA FELICE CASORATI;in prossimit�;;del civico n.;3;;Veicolo in marcia contro veicolo in sosta;Rettilineo;Una carreggiata a doppio senso;Asciutto;Asfaltata;Verticale;Sereno;Scarso;Buona;;0;0;0;1;12.3498;41.8796;-1;2;Autovettura privata;In marcia / fermata / arresto;Conducente;F;Illeso;0;;Non accertato;
6093934;10;25/08/2022 09:15:00;Strada Urbana;VIA TUSCOLANA;in prossimit�;;del civico n.;1374;;Scontro frontale/laterale SX fra veicoli in marcia;Rettilineo;Due carreggiate;Asciutto;Asfaltata;Verticale ed orizzontale;Sereno;Normale;Buona;;1;0;0;2;12.5649;41.8551;-1;1;Autovettura privata;In marcia / fermata / arresto;Conducente;M;Rimandato;0;NON DECEDUTO;;
6093934;10;25/08/2022 09:15:00;Strada Urbana;VIA TUSCOLANA;in prossimit�;;del civico n.;1374;;Scontro frontale/laterale SX fra veicoli in marcia;Rettilineo;Due carreggiate;Asciutto;Asfaltata;Verticale ed orizzontale;Sereno;Normale;Buona;;1;0;0;2;12.5649;41.8551;-1;2;Autocarro superiore 35 q.;In marcia / fermata / arresto;Conducente;M;Illeso;0;;;
6093934;10;25/08/2022 09:15:00;Strada Urbana;VIA TUSCOLANA;in prossimit�;;del civico n.;1374;;Scontro frontale/laterale SX fra veicoli in marcia;Rettilineo;Due carreggiate;Asciutto;Asfaltata;Verticale ed orizzontale;Sereno;Normale;Buona;;1;0;0;2;12.5649;41.8551;-1;3;Altro;In marcia / fermata / arresto;Conducente;M;Illeso;0;;;
6093941;16;24/08/2022 09:10:00;Strada Urbana;PIAZZA IPPOLITO NIEVO;da specificare;;;;fronte civico 22;Scontro laterale fra veicoli in marcia;Rettilineo;Pi� di due carreggiate;Asciutto;Asfaltata;Verticale ed orizzontale;Sereno;Normale;Buona;;1;0;0;2;12.467;41.8807;-1;1;Autocarro inferiore 35 q.;In marcia / fermata / arresto;Conducente;M;Illeso;0;;Non accertato;
6093941;16;24/08/2022 09:10:00;Strada Urbana;PIAZZA IPPOLITO NIEVO;da specificare;;;;fronte civico 22;Scontro laterale fra veicoli in marcia;Rettilineo;Pi� di due carreggiate;Asciutto;Asfaltata;Verticale ed orizzontale;Sereno;Normale;Buona;;1;0;0;2;12.467;41.8807;-1;1;Autocarro inferiore 35 q.;In marcia / fermata / arresto;Passeggero;M;Illeso;0;;Non accertato;
6093941;16;24/08/2022 09:10:00;Strada Urbana;PIAZZA IPPOLITO NIEVO;da specificare;;;;fronte civico 22;Scontro laterale fra veicoli in marcia;Rettilineo;Pi� di due carreggiate;Asciutto;Asfaltata;Verticale ed orizzontale;Sereno;Normale;Buona;;1;0;0;2;12.467;41.8807;-1;2;Motociclo a solo;In marcia / fermata / arresto;Conducente;M;Rimandato;0;NON DECEDUTO;Non accertato;
6093948;16;24/08/2022 12:10:00;;PIAZZA FRANCESCO CUCCHI;in prossimit�;;del civico n.;13;;Scontro laterale fra veicoli in marcia;;;;;;;;;;0;0;0;2;12.4589;41.8853;0;1;Autovettura privata;In marcia / fermata / arresto;Conducente;M;Illeso;0;;;
6093948;16;24/08/2022 12:10:00;;PIAZZA FRANCESCO CUCCHI;in prossimit�;;del civico n.;13;;Scontro laterale fra veicoli in marcia;;;;;;;;;;0;0;0;2;12.4589;41.8853;0;2;Autovettura privata;In marcia / fermata / arresto;Conducente;M;Illeso;0;;;
6093951;6;25/08/2022 11:40:00;Strada Urbana;VIA DI ACQUA BULLICANTE;in corrispondenza;;del civico n.;63;;Tamponamento Multiplo;Rettilineo;Una carreggiata a doppio senso;Asciutto;Asfaltata;Verticale ed orizzontale;Sereno;Normale;Buona;;1;0;0;2;12.5431;41.8822;-1;1;Autovettura privata;In marcia / fermata / arresto;Conducente;M;Rimandato;0;NON DECEDUTO;Non accertato;Inesploso
6093951;6;25/08/2022 11:40:00;Strada Urbana;VIA DI ACQUA BULLICANTE;in corrispondenza;;del civico n.;63;;Tamponamento Multiplo;Rettilineo;Una carreggiata a doppio senso;Asciutto;Asfaltata;Verticale ed orizzontale;Sereno;Normale;Buona;;1;0;0;2;12.5431;41.8822;-1;2;Autovettura privata;In marcia / fermata / arresto;Conducente;M;Illeso;0;;Non accertato;Inesploso
6093951;6;25/08/2022 11:40:00;Strada Urbana;VIA DI ACQUA BULLICANTE;in corrispondenza;;del civico n.;63;;Tamponamento Multiplo;Rettilineo;Una carreggiata a doppio senso;Asciutto;Asfaltata;Verticale ed orizzontale;Sereno;Normale;Buona;;1;0;0;2;12.5431;41.8822;-1;3;Autocarro inferiore 35 q.;In marcia / fermata / arresto;Conducente;F;Illeso;0;;Non accertato;Inesploso
6093970;12;24/08/2022 18:55:00;Strada Urbana;VIA ELIO CHIANESI;da specificare;;;;fronte civico 49 direzione Pontina;Scontro frontale/laterale SX fra veicoli in marcia;Curva a visuale libera;Una carreggiata a doppio senso;Asciutto;Asfaltata;Verticale ed orizzontale;Sereno;Normale;Buona;;1;0;0;2;12.4477;41.8012;0;1;Autovettura privata;In marcia / fermata / arresto;Conducente;M;Rimandato;0;NON DECEDUTO;Utilizzato;Inesploso
6093970;12;24/08/2022 18:55:00;Strada Urbana;VIA ELIO CHIANESI;da specificare;;;;fronte civico 49 direzione Pontina;Scontro frontale/laterale SX fra veicoli in marcia;Curva a visuale libera;Una carreggiata a doppio senso;Asciutto;Asfaltata;Verticale ed orizzontale;Sereno;Normale;Buona;;1;0;0;2;12.4477;41.8012;0;1;Autovettura privata;In marcia / fermata / arresto;Passeggero;F;Illeso;0;;Utilizzato;Inesploso
6093970;12;24/08/2022 18:55:00;Strada Urbana;VIA ELIO CHIANESI;da specificare;;;;fronte civico 49 direzione Pontina;Scontro frontale/laterale SX fra veicoli in marcia;Curva a visuale libera;Una carreggiata a doppio senso;Asciutto;Asfaltata;Verticale ed orizzontale;Sereno;Normale;Buona;;1;0;0;2;12.4477;41.8012;0;2;Autovettura privata;In marcia / fermata / arresto;Conducente;M;Illeso;0;;Utilizzato;Inesploso
6093973;9;25/08/2022 09:40:00;Strada Urbana;VIA GALLIA;all'intersezione con;PIAZZALE METRONIO;PIAZZALE METRONIO;;;Scontro laterale fra veicoli in marcia;Rotatoria;Una carreggiata a doppio senso;Asciutto;Asfaltata;Verticale ed orizzontale;Sereno;Normale;Buona;;0;0;0;4;12.4996;41.8821;-1;1;Motociclo a solo;In marcia / fermata / arresto;Conducente;M;Illeso;0;;Non accertato;
6093973;9;25/08/2022 09:40:00;Strada Urbana;VIA GALLIA;all'intersezione con;PIAZZALE METRONIO;PIAZZALE METRONIO;;;Scontro laterale fra veicoli in marcia;Rotatoria;Una carreggiata a doppio senso;Asciutto;Asfaltata;Verticale ed orizzontale;Sereno;Normale;Buona;;0;0;0;4;12.4996;41.8821;-1;2;Autovettura privata;In marcia / fermata / arresto;Conducente;M;Illeso;0;;Non accertato;Inesploso
6093973;9;25/08/2022 09:40:00;Strada Urbana;VIA GALLIA;all'intersezione con;PIAZZALE METRONIO;PIAZZALE METRONIO;;;Scontro laterale fra veicoli in marcia;Rotatoria;Una carreggiata a doppio senso;Asciutto;Asfaltata;Verticale ed orizzontale;Sereno;Normale;Buona;;0;0;0;4;12.4996;41.8821;-1;2;Autovettura privata;In marcia / fermata / arresto;Passeggero;M;Illeso;0;;Non accertato;Inesploso
6093973;9;25/08/2022 09:40:00;Strada Urbana;VIA GALLIA;all'intersezione con;PIAZZALE METRONIO;PIAZZALE METRONIO;;;Scontro laterale fra veicoli in marcia;Rotatoria;Una carreggiata a doppio senso;Asciutto;Asfaltata;Verticale ed orizzontale;Sereno;Normale;Buona;;0;0;0;4;12.4996;41.8821;-1;2;Autovettura privata;In marcia / fermata / arresto;Passeggero;F;Illeso;0;;Non accertato;Inesploso
6094054;12;22/08/2022 15:20:00;Strada Urbana;VIA LAURENTINA;in corrispondenza;;del civico n.;569;;Infortunio per caduta del veicolo;Rettilineo;Due carreggiate;Bagnato (pioggia);Asfaltata;Verticale ed orizzontale;Nuvoloso;Normale;Buona;;1;0;0;0;12.4795;41.824;-1;1;Velocipede;In marcia / fermata / arresto;Conducente;F;Rimandato;0;NON DECEDUTO;Esente;
6094170;1;25/08/2022 08:10:00;Strada Urbana;VIA MERULANA;all'intersezione con;VIA ALFIERI;VIA ALFIERI;;;Scontro frontale/laterale SX fra veicoli in marcia;Intersezione non regolata/non segnalata;Una carreggiata a doppio senso;Asciutto;Asfaltata;Verticale ed orizzontale;Sereno;Normale;Buona;;1;0;0;1;12.5024;41.8912;-1;1;Autovettura privata;In marcia / fermata / arresto;Conducente;M;Illeso;0;;Non accertato;Inesploso
6094170;1;25/08/2022 08:10:00;Strada Urbana;VIA MERULANA;all'intersezione con;VIA ALFIERI;VIA ALFIERI;;;Scontro frontale/laterale SX fra veicoli in marcia;Intersezione non regolata/non segnalata;Una carreggiata a doppio senso;Asciutto;Asfaltata;Verticale ed orizzontale;Sereno;Normale;Buona;;1;0;0;1;12.5024;41.8912;-1;2;Motociclo a solo;In marcia / fermata / arresto;Conducente;F;Rimandato;0;NON DECEDUTO;Non accertato;