Protocollo;Gruppo;DataOraIncidente;Localizzazione1;STRADA1;Localizzazione2;STRADA2;Strada02;Chilometrica;DaSpecificare;NaturaIncidente;particolaritastrade;TipoStrada;FondoStradale;Pavimentazione;Segnaletica;CondizioneAtmosferica;Traffico;Visibilita;Illuminazione;NUM_FERITI;NUM_RISERVATA;NUM_MORTI;NUM_ILLESI;Longitude;Latitude;Confermato;Progressivo;TipoVeicolo;StatoVeicolo;TipoPersona;Sesso;Tipolesione;Deceduto;DecedutoDopo;CinturaCascoUtilizzato;Airbag;
6094704;19;26/08/2022 00:15:00;Strada Urbana;VIA DI TORREVECCHIA;da specificare;;;;altezza Via Castelbianco;Tamponamento;Rettilineo;Una carreggiata a doppio senso;Asciutto;Asfaltata;Verticale ed orizzontale;Sereno;Scarso;Buona;;1;0;0;1;12.4123;41.9234;-1;2;Motociclo a solo;In marcia / fermata / arresto;Conducente;M;Rimandato;0;NON DECEDUTO;Non accertato;
6094774;20;25/08/2022 18:30:00;Strada Urbana;VIA DI GROTTAROSSA;all'intersezione con;VIA DI QUARTO ANNUNZIATA;VIA DI QUARTO ANNUNZIATA;;;Investimento di pedone;Incrocio;Una carreggiata a doppio senso;Asciutto;Asfaltata;Verticale ed orizzontale;Sereno;Normale;Buona;;2;0;0;0;12.4629;41.9744;-1;;;;Pedone;M;Rimandato;0;NON DECEDUTO;;
6094774;20;25/08/2022 18:30:00;Strada Urbana;VIA DI GROTTAROSSA;all'intersezione con;VIA DI QUARTO ANNUNZIATA;VIA DI QUARTO ANNUNZIATA;;;Investimento di pedone;Incrocio;Una carreggiata a doppio senso;Asciutto;Asfaltata;Verticale ed orizzontale;Sereno;Normale;Buona;;2;0;0;0;12.4629;41.9744;-1;;;;Pedone;M;Rimandato;0;NON DECEDUTO;;
6094774;20;25/08/2022 18:30:00;Strada Urbana;VIA DI GROTTAROSSA;all'intersezione con;VIA DI QUARTO ANNUNZIATA;VIA DI QUARTO ANNUNZIATA;;;Investimento di pedone;Incrocio;Una carreggiata a doppio senso;Asciutto;Asfaltata;Verticale ed orizzontale;Sereno;Normale;Buona;;2;0;0;0;12.4629;41.9744;-1;1;Autovettura privata;Allontanatosi;;;;;;;
6094782;1;25/08/2022 23:00:00;Strada Urbana;VIA NAZIONALE;in prossimit�;;del civico n.;191;;Tamponamento;Rettilineo;Una carreggiata a doppio senso;Asciutto;Asfaltata;Verticale ed orizzontale;Sereno;Scarso;Sufficiente;;0;0;0;6;12.49;41.8985;-1;1;Autovettura privata;In marcia / fermata / arresto;Conducente;M;Illeso;0;;Non accertato;Inesploso
6094782;1;25/08/2022 23:00:00;Strada Urbana;VIA NAZIONALE;in prossimit�;;del civico n.;191;;Tamponamento;Rettilineo;Una carreggiata a doppio senso;Asciutto;Asfaltata;Verticale ed orizzontale;Sereno;Scarso;Sufficiente;;0;0;0;6;12.49;41.8985;-1;1;Autovettura privata;In marcia / fermata / arresto;Passeggero;F;Illeso;0;;;
6094782;1;25/08/2022 23:00:00;Strada Urbana;VIA NAZIONALE;in prossimit�;;del civico n.;191;;Tamponamento;Rettilineo;Una carreggiata a doppio senso;Asciutto;Asfaltata;Verticale ed orizzontale;Sereno;Scarso;Sufficiente;;0;0;0;6;12.49;41.8985;-1;1;Autovettura privata;In marcia / fermata / arresto;Passeggero;M;Illeso;0;;;
6094782;1;25/08/2022 23:00:00;Strada Urbana;VIA NAZIONALE;in prossimit�;;del civico n.;191;;Tamponamento;Rettilineo;Una carreggiata a doppio senso;Asciutto;Asfaltata;Verticale ed orizzontale;Sereno;Scarso;Sufficiente;;0;0;0;6;12.49;41.8985;-1;1;Autovettura privata;In marcia / fermata / arresto;Passeggero;F;Illeso;0;;;
6094782;1;25/08/2022 23:00:00;Strada Urbana;VIA NAZIONALE;in prossimit�;;del civico n.;191;;Tamponamento;Rettilineo;Una carreggiata a doppio senso;Asciutto;Asfaltata;Verticale ed orizzontale;Sereno;Scarso;Sufficiente;;0;0;0;6;12.49;41.8985;-1;1;Autovettura privata;In marcia / fermata / arresto;Passeggero;F;Illeso;0;;;
6094782;1;25/08/2022 23:00:00;Strada Urbana;VIA NAZIONALE;in prossimit�;;del civico n.;191;;Tamponamento;Rettilineo;Una carreggiata a doppio senso;Asciutto;Asfaltata;Verticale ed orizzontale;Sereno;Scarso;Sufficiente;;0;0;0;6;12.49;41.8985;-1;2;Autovettura privata;In marcia / fermata / arresto;Conducente;M;Illeso;0;;Non accertato;Inesploso
6094857;6;26/08/2022 10:15:00;Strada Urbana;VIA TEANO;da specificare;;;;altezza via Villa Santo Stefano;Scontro frontale fra veicoli in marcia;Curva senza visuale libera;Una carreggiata a doppio senso;Asciutto;Asfaltata;Assente;Sereno;Scarso;Buona;;0;0;0;2;12.5451;41.8901;-1;1;Autovettura privata;In marcia / fermata / arresto;Conducente;M;Illeso;0;;Non accertato;Inesploso
6094857;6;26/08/2022 10:15:00;Strada Urbana;VIA TEANO;da specificare;;;;altezza via Villa Santo Stefano;Scontro frontale fra veicoli in marcia;Curva senza visuale libera;Una carreggiata a doppio senso;Asciutto;Asfaltata;Assente;Sereno;Scarso;Buona;;0;0;0;2;12.5451;41.8901;-1;2;Autocarro inferiore 35 q.;In marcia / fermata / arresto;Conducente;M;Illeso;0;;Non accertato;Inesploso
6094884;12;26/08/2022 09:30:00;Strada Urbana;VIA DELLA CECCHIGNOLA;da specificare;;;;rotatoria nuova altezza Conad ;Infortunio per caduta del veicolo;Rettilineo;Una carreggiata a senso unico di marcia;Asciutto;Asfaltata;Temporanea di cantiere;Sereno;Scarso;Buona;;0;0;0;1;12.5113;41.8098;-1;1;Motociclo a solo;In marcia / fermata / arresto;Conducente;F;Illeso;0;;;
6094898;5;25/08/2022 17:40:00;Strada Urbana;VIA DI SALONE;all'intersezione con;VIA GIUSEPPE GAGLIANI CAPUTO;VIA GIUSEPPE GAGLIANI CAPUTO;;;Scontro frontale/laterale SX fra veicoli in marcia;Incrocio;Una carreggiata a doppio senso;Asciutto;Asfaltata;Verticale ed orizzontale;Sereno;Scarso;Buona;;1;0;0;1;12.6293;41.9274;-1;1;Autobus urbano;In marcia / fermata / arresto;Conducente;M;Rimandato;0;NON DECEDUTO;Non accertato;Inesploso
6094898;5;25/08/2022 17:40:00;Strada Urbana;VIA DI SALONE;all'intersezione con;VIA GIUSEPPE GAGLIANI CAPUTO;VIA GIUSEPPE GAGLIANI CAPUTO;;;Scontro frontale/laterale SX fra veicoli in marcia;Incrocio;Una carreggiata a doppio senso;Asciutto;Asfaltata;Verticale ed orizzontale;Sereno;Scarso;Buona;;1;0;0;1;12.6293;41.9274;-1;2;Autovettura privata;In marcia / fermata / arresto;Conducente;M;Illeso;0;;Non accertato;Inesploso
6094905;5;25/08/2022 17:50:00;Strada Urbana;VIA TIBURTINA;all'intersezione semaforizzata con;VIA DI PORTONACCIO;VIA DI PORTONACCIO;;;Scontro laterale fra veicoli in marcia;Incrocio;Una carreggiata a doppio senso;Asciutto;Asfaltata;Orizzontale;Sereno;Normale;Buona;;0;0;0;2;12.5342;41.9082;-1;1;Motociclo a solo;In marcia / fermata / arresto;Conducente;M;Illeso;0;;Non accertato;
6094905;5;25/08/2022 17:50:00;Strada Urbana;VIA TIBURTINA;all'intersezione semaforizzata con;VIA DI PORTONACCIO;VIA DI PORTONACCIO;;;Scontro laterale fra veicoli in marcia;Incrocio;Una carreggiata a doppio senso;Asciutto;Asfaltata;Orizzontale;Sereno;Normale;Buona;;0;0;0;2;12.5342;41.9082;-1;2;Autovettura privata;In marcia / fermata / arresto;Conducente;M;Illeso;0;;Non accertato;Inesploso
6094914;16;25/08/2022 12:30:00;Strada Urbana;C.NE GIANICOLENSE;in prossimit�;;del civico n.;96B;;Veicolo in marcia contro veicoli in sosta;Rettilineo;Pi� di due carreggiate;Asciutto;Asfaltata;Verticale ed orizzontale;Sereno;Normale;Buona;;0;0;0;1;12.4578;41.8712;-1;1;Motociclo a solo;Sosta;;;;;;;
6094914;16;25/08/2022 12:30:00;Strada Urbana;C.NE GIANICOLENSE;in prossimit�;;del civico n.;96B;;Veicolo in marcia contro veicoli in sosta;Rettilineo;Pi� di due carreggiate;Asciutto;Asfaltata;Verticale ed orizzontale;Sereno;Normale;Buona;;0;0;0;1;12.4578;41.8712;-1;2;Motociclo a solo;Sosta;;;;;;;
6094914;16;25/08/2022 12:30:00;Strada Urbana;C.NE GIANICOLENSE;in prossimit�;;del civico n.;96B;;Veicolo in marcia contro veicoli in sosta;Rettilineo;Pi� di due carreggiate;Asciutto;Asfaltata;Verticale ed orizzontale;Sereno;Normale;Buona;;0;0;0;1;12.4578;41.8712;-1;3;Motociclo a solo;Sosta;;;;;;;
6094914;16;25/08/2022 12:30:00;Strada Urbana;C.NE GIANICOLENSE;in prossimit�;;del civico n.;96B;;Veicolo in marcia contro veicoli in sosta;Rettilineo;Pi� di due carreggiate;Asciutto;Asfaltata;Verticale ed orizzontale;Sereno;Normale;Buona;;0;0;0;1;12.4578;41.8712;-1;4;Motociclo a solo;Sosta;;;;;;;
6094914;16;25/08/2022 12:30:00;Strada Urbana;C.NE GIANICOLENSE;in prossimit�;;del civico n.;96B;;Veicolo in marcia contro veicoli in sosta;Rettilineo;Pi� di due carreggiate;Asciutto;Asfaltata;Verticale ed orizzontale;Sereno;Normale;Buona;;0;0;0;1;12.4578;41.8712;-1;5;Autovettura privata;In marcia / fermata / arresto;Conducente;F;Illeso;0;;Non accertato;Inesploso
6094926;16;25/08/2022 20:50:00;Strada Urbana;C.NE GIANICOLENSE;all'intersezione semaforizzata con;VIA LUIGI ZAMBARELLI;VIA LUIGI ZAMBARELLI;;;Scontro frontale/laterale DX fra veicoli in marcia;Intersezione semaforizzata;Pi� di due carreggiate;Asciutto;Asfaltata;Verticale ed orizzontale;Sereno;Normale;Sufficiente;;1;0;0;4;12.4496;41.8725;-1;1;Autovettura privata;In marcia / fermata / arresto;Conducente;F;Illeso;0;;Non accertato;Inesploso
6094926;16;25/08/2022 20:50:00;Strada Urbana;C.NE GIANICOLENSE;all'intersezione semaforizzata con;VIA LUIGI ZAMBARELLI;VIA LUIGI ZAMBARELLI;;;Scontro frontale/laterale DX fra veicoli in marcia;Intersezione semaforizzata;Pi� di due carreggiate;Asciutto;Asfaltata;Verticale ed orizzontale;Sereno;Normale;Sufficiente;;1;0;0;4;12.4496;41.8725;-1;1;Autovettura privata;In marcia / fermata / arresto;Passeggero;M;Illeso;0;;Non accertato;Inesploso
6094926;16;25/08/2022 20:50:00;Strada Urbana;C.NE GIANICOLENSE;all'intersezione semaforizzata con;VIA LUIGI ZAMBARELLI;VIA LUIGI ZAMBARELLI;;;Scontro frontale/laterale DX fra veicoli in marcia;Intersezione semaforizzata;Pi� di due carreggiate;Asciutto;Asfaltata;Verticale ed orizzontale;Sereno;Normale;Sufficiente;;1;0;0;4;12.4496;41.8725;-1;2;Autovettura privata;In marcia / fermata / arresto;Conducente;F;Illeso;0;;Non accertato;Inesploso
6094926;16;25/08/2022 20:50:00;Strada Urbana;C.NE GIANICOLENSE;all'intersezione semaforizzata con;VIA LUIGI ZAMBARELLI;VIA LUIGI ZAMBARELLI;;;Scontro frontale/laterale DX fra veicoli in marcia;Intersezione semaforizzata;Pi� di due carreggiate;Asciutto;Asfaltata;Verticale ed orizzontale;Sereno;Normale;Sufficiente;;1;0;0;4;12.4496;41.8725;-1;2;Autovettura privata;In marcia / fermata / arresto;Passeggero;F;Illeso;0;;Non accertato;Inesploso
6094926;16;25/08/2022 20:50:00;Strada Urbana;C.NE GIANICOLENSE;all'intersezione semaforizzata con;VIA LUIGI ZAMBARELLI;VIA LUIGI ZAMBARELLI;;;Scontro frontale/laterale DX fra veicoli in marcia;Intersezione semaforizzata;Pi� di due carreggiate;Asciutto;Asfaltata;Verticale ed orizzontale;Sereno;Normale;Sufficiente;;1;0;0;4;12.4496;41.8725;-1;3;Motociclo con passeggero;In marcia / fermata / arresto;Conducente;M;Rimandato;0;NON DECEDUTO;Non accertato;
6095043;20;24/08/2022 17:10:00;Strada Urbana;VIA DEL FORO ITALICO;da specificare;;;;DIR STADIO ALTEZZA VLE TOR DI QUINTO;Veicolo in marcia contro ostacolo accidentale;Rettilineo;Due carreggiate;Asciutto;Asfaltata;Verticale ed orizzontale;Sereno;Normale;Buona;;0;0;0;1;12.4813;41.9402;-1;1;Autovettura privata;In marcia / fermata / arresto;Conducente;M;Illeso;0;;;
6095229;19;26/08/2022 09:00:00;Strada Urbana;VIA TRIONFALE;da specificare;;;;fronte civico 9028;Tamponamento;Rettilineo;Una carreggiata a doppio senso;Asciutto;Asfaltata;Orizzontale;Sereno;Normale;Buona;;0;0;0;2;12.4229;41.9409;-1;1;Autovettura privata;In marcia / fermata / arresto;Conducente;M;Illeso;0;;Non accertato;
6095229;19;26/08/2022 09:00:00;Strada Urbana;VIA TRIONFALE;da specificare;;;;fronte civico 9028;Tamponamento;Rettilineo;Una carreggiata a doppio senso;Asciutto;Asfaltata;Orizzontale;Sereno;Normale;Buona;;0;0;0;2;12.4229;41.9409;-1;2;Autovettura privata;In marcia / fermata / arresto;Conducente;M;Illeso;0;;Non accertato;
6095514;11;26/08/2022 07:35:00;Strada Urbana;VIA OSTIENSE;all'intersezione con;VIA EFESO;VIA EFESO;;;Scontro frontale/laterale DX fra veicoli in marcia;Intersezione non regolata/non segnalata;Una carreggiata a doppio senso;Asciutto;Asfaltata;Verticale ed orizzontale;Sereno;Scarso;Buona;;1;0;0;1;12.4769;41.8542;-1;1;Autovettura privata;In marcia / fermata / arresto;Conducente;F;Illeso;0;;;
6095514;11;26/08/2022 07:35:00;Strada Urbana;VIA OSTIENSE;all'intersezione con;VIA EFESO;VIA EFESO;;;Scontro frontale/laterale DX fra veicoli in marcia;Intersezione non regolata/non segnalata;Una carreggiata a doppio senso;Asciutto;Asfaltata;Verticale ed orizzontale;Sereno;Scarso;Buona;;1;0;0;1;12.4769;41.8542;-1;2;Autovettura privata;In marcia / fermata / arresto;Conducente;F;Rifiuta cure immediate;0;NON DECEDUTO;;
6095521;11;26/08/2022 09:50:00;Strada Urbana;VIA CRISTOFORO COLOMBO;all'intersezione semaforizzata con;VIA GIOVANNI GENOCCHI;VIA GIOVANNI GENOCCHI;;;Scontro frontale/laterale DX fra veicoli in marcia;Intersezione semaforizzata;Pi� di due carreggiate;Asciutto;Asfaltata;Verticale ed orizzontale;Sereno;Normale;Buona;;0;0;0;2;12.4962;41.8588;-1;1;Autovettura privata;In marcia / fermata / arresto;Conducente;M;Illeso;0;;;
6095521;11;26/08/2022 09:50:00;Strada Urbana;VIA CRISTOFORO COLOMBO;all'intersezione semaforizzata con;VIA GIOVANNI GENOCCHI;VIA GIOVANNI GENOCCHI;;;Scontro frontale/laterale DX fra veicoli in marcia;Intersezione semaforizzata;Pi� di due carreggiate;Asciutto;Asfaltata;Verticale ed orizzontale;Sereno;Normale;Buona;;0;0;0;2;12.4962;41.8588;-1;2;Monopattino elettrico;In marcia / fermata / arresto;Conducente;F;Illeso;0;;;
6095526;11;26/08/2022 21:00:00;Strada Urbana;VIALE GUGLIELMO MARCONI;all'intersezione semaforizzata con;LARGO ENEA BORTOLOTTI;LARGO ENEA BORTOLOTTI;;;Investimento di pedone;Intersezione semaforizzata;Due carreggiate;Asciutto;Asfaltata;Verticale ed orizzontale;Sereno;Scarso;Sufficiente;;1;0;0;1;12.4721;41.855;-1;;;;Pedone;M;Rimandato;0;NON DECEDUTO;;
6095526;11;26/08/2022 21:00:00;Strada Urbana;VIALE GUGLIELMO MARCONI;all'intersezione semaforizzata con;LARGO ENEA BORTOLOTTI;LARGO ENEA BORTOLOTTI;;;Investimento di pedone;Intersezione semaforizzata;Due carreggiate;Asciutto;Asfaltata;Verticale ed orizzontale;Sereno;Scarso;Sufficiente;;1;0;0;1;12.4721;41.855;-1;1;Autovettura privata;In marcia / fermata / arresto;Conducente;M;Illeso;0;;Non accertato;Inesploso
6095547;12;26/08/2022 17:00:00;Strada Urbana;VIA DI MEZZOCAMMINO;all'intersezione con;VIA ERNESTO BASILE;VIA ERNESTO BASILE;;;Veicolo in marcia contro ostacolo fisso;Incrocio;Una carreggiata a doppio senso;Asciutto;Asfaltata;Verticale ed orizzontale;Sereno;Normale;Buona;;1;0;0;1;12.4297;41.7856;-1;1;Autovettura privata;In marcia / fermata / arresto;Conducente;M;Rimandato;0;NON DECEDUTO;Non accertato;Esploso
6095547;12;26/08/2022 17:00:00;Strada Urbana;VIA DI MEZZOCAMMINO;all'intersezione con;VIA ERNESTO BASILE;VIA ERNESTO BASILE;;;Veicolo in marcia contro ostacolo fisso;Incrocio;Una carreggiata a doppio senso;Asciutto;Asfaltata;Verticale ed orizzontale;Sereno;Normale;Buona;;1;0;0;1;12.4297;41.7856;-1;2;Autovettura privata;In marcia / fermata / arresto;Conducente;M;Illeso;0;;;
6095557;20;26/08/2022 10:45:00;Regionale entro l'abitato;VIA CASSIA;in corrispondenza;;del civico n.;1856;;Scontro laterale fra veicoli in marcia;Rettilineo;Una carreggiata a doppio senso;Asciutto;Asfaltata;Orizzontale;Sereno;Intenso;Buona;;1;0;0;1;12.3769;42.0204;-1;1;Autovettura privata;In marcia / fermata / arresto;Conducente;M;Illeso;0;;;
6095557;20;26/08/2022 10:45:00;Regionale entro l'abitato;VIA CASSIA;in corrispondenza;;del civico n.;1856;;Scontro laterale fra veicoli in marcia;Rettilineo;Una carreggiata a doppio senso;Asciutto;Asfaltata;Orizzontale;Sereno;Intenso;Buona;;1;0;0;1;12.3769;42.0204;-1;2;Motociclo a solo;In marcia / fermata / arresto;Conducente;M;Rimandato;0;NON DECEDUTO;;
6095558;15;26/08/2022 13:55:00;Strada Urbana;LUNGOTEVERE DEGLI INVENTORI;in corrispondenza;;del civico n.;112/A;;Scontro frontale/laterale DX fra veicoli in marcia;Rettilineo;Una carreggiata a doppio senso;Asciutto;Asfaltata;Verticale ed orizzontale;Sereno;Normale;Buona;;1;0;0;1;12.4655;41.8612;-1;1;Autovettura privata;In marcia / fermata / arresto;Conducente;M;Illeso;0;;Non accertato;Inesploso
6095558;15;26/08/2022 13:55:00;Strada Urbana;LUNGOTEVERE DEGLI INVENTORI;in corrispondenza;;del civico n.;112/A;;Scontro frontale/laterale DX fra veicoli in marcia;Rettilineo;Una carreggiata a doppio senso;Asciutto;Asfaltata;Verticale ed orizzontale;Sereno;Normale;Buona;;1;0;0;1;12.4655;41.8612;-1;2;Motociclo a solo;In marcia / fermata / arresto;Conducente;M;Rimandato;0;NON DECEDUTO;Non accertato;
6095566;15;26/08/2022 18:20:00;Strada Urbana;VIA GEROLAMO CARDANO;in corrispondenza;;del civico n.;81;;Veicolo in marcia contro veicolo in sosta;Rettilineo;Una carreggiata a doppio senso;Asciutto;Asfaltata;Verticale ed orizzontale;Sereno;Scarso;Buona;;0;0;0;1;12.4668;41.8629;-1;1;Autovettura privata;In marcia / fermata / arresto;Conducente;M;Illeso;0;;Non accertato;
6095566;15;26/08/2022 18:20:00;Strada Urbana;VIA GEROLAMO CARDANO;in corrispondenza;;del civico n.;81;;Veicolo in marcia contro veicolo in sosta;Rettilineo;Una carreggiata a doppio senso;Asciutto;Asfaltata;Verticale ed orizzontale;Sereno;Scarso;Buona;;0;0;0;1;12.4668;41.8629;-1;2;Monopattino elettrico;Sosta;;;;;;;
6095571;20;02/08/2022 15:50:00;Strada Urbana;LARGO DEL CIMITERO DI PRIMA PORTA;da specificare;;;;altezza ingresso fiorai;Veicolo in marcia contro ostacolo fisso;Pendenza;Una carreggiata a senso unico di marcia;Asciutto;Asfaltata;Verticale ed orizzontale;Sereno;Scarso;Buona;;0;0;0;2;12.4911;42.0104;-1;1;Autovettura privata;In marcia / fermata / arresto;Conducente;M;Illeso;0;;Non accertato;Inesploso
6095571;20;02/08/2022 15:50:00;Strada Urbana;LARGO DEL CIMITERO DI PRIMA PORTA;da specificare;;;;altezza ingresso fiorai;Veicolo in marcia contro ostacolo fisso;Pendenza;Una carreggiata a senso unico di marcia;Asciutto;Asfaltata;Verticale ed orizzontale;Sereno;Scarso;Buona;;0;0;0;2;12.4911;42.0104;-1;1;Autovettura privata;In marcia / fermata / arresto;Passeggero;F;Illeso;0;;Non accertato;Inesistente
6095572;1;26/08/2022 17:10:00;Strada Urbana;CORSO VITTORIO EMANUELE II;in corrispondenza;;del civico n.;252;;Veicolo in marcia contro ostacolo accidentale;Rettilineo;Una carreggiata a doppio senso;Asciutto;Asfaltata;Verticale ed orizzontale;Sereno;Normale;Buona;;0;0;0;3;12.4687;41.8979;-1;1;Motociclo a solo;In marcia / fermata / arresto;Conducente;M;Illeso;0;;Non accertato;
6095572;1;26/08/2022 17:10:00;Strada Urbana;CORSO VITTORIO EMANUELE II;in corrispondenza;;del civico n.;252;;Veicolo in marcia contro ostacolo accidentale;Rettilineo;Una carreggiata a doppio senso;Asciutto;Asfaltata;Verticale ed orizzontale;Sereno;Normale;Buona;;0;0;0;3;12.4687;41.8979;-1;2;Motociclo con passeggero;In marcia / fermata / arresto;Conducente;M;Illeso;0;;;
6095572;1;26/08/2022 17:10:00;Strada Urbana;CORSO VITTORIO EMANUELE II;in corrispondenza;;del civico n.;252;;Veicolo in marcia contro ostacolo accidentale;Rettilineo;Una carreggiata a doppio senso;Asciutto;Asfaltata;Verticale ed orizzontale;Sereno;Normale;Buona;;0;0;0;3;12.4687;41.8979;-1;2;Motociclo con passeggero;In marcia / fermata / arresto;Passeggero;M;Illeso;0;;;
6095583;20;27/08/2022 00:10:00;Strada Urbana;tangenziale / est dir. salaria;da specificare;;;;PROX USCITA PARIOLI CENTRO;Tamponamento Multiplo;Rettilineo;Due carreggiate;Asciutto;Asfaltata;Orizzontale;Sereno;Intenso;Sufficiente;;3;0;0;4;12.5282;41.9184;-1;1;Autovettura privata;In marcia / fermata / arresto;Conducente;F;Rifiuta cure immediate;0;NON DECEDUTO;Non accertato;Inesploso
6095583;20;27/08/2022 00:10:00;Strada Urbana;tangenziale / est dir. salaria;da specificare;;;;PROX USCITA PARIOLI CENTRO;Tamponamento Multiplo;Rettilineo;Due carreggiate;Asciutto;Asfaltata;Orizzontale;Sereno;Intenso;Sufficiente;;3;0;0;4;12.5282;41.9184;-1;2;Autovettura privata;In marcia / fermata / arresto;Conducente;M;Rifiuta cure immediate;0;NON DECEDUTO;Non accertato;Inesploso
6095583;20;27/08/2022 00:10:00;Strada Urbana;tangenziale / est dir. salaria;da specificare;;;;PROX USCITA PARIOLI CENTRO;Tamponamento Multiplo;Rettilineo;Due carreggiate;Asciutto;Asfaltata;Orizzontale;Sereno;Intenso;Sufficiente;;3;0;0;4;12.5282;41.9184;-1;2;Autovettura privata;In marcia / fermata / arresto;Passeggero;M;Illeso;0;;Non accertato;Inesploso
6095583;20;27/08/2022 00:10:00;Strada Urbana;tangenziale / est dir. salaria;da specificare;;;;PROX USCITA PARIOLI CENTRO;Tamponamento Multiplo;Rettilineo;Due carreggiate;Asciutto;Asfaltata;Orizzontale;Sereno;Intenso;Sufficiente;;3;0;0;4;12.5282;41.9184;-1;3;Autovettura privata;In marcia / fermata / arresto;Conducente;M;Illeso;0;;Non accertato;Esploso
6095583;20;27/08/2022 00:10:00;Strada Urbana;tangenziale / est dir. salaria;da specificare;;;;PROX USCITA PARIOLI CENTRO;Tamponamento Multiplo;Rettilineo;Due carreggiate;Asciutto;Asfaltata;Orizzontale;Sereno;Intenso;Sufficiente;;3;0;0;4;12.5282;41.9184;-1;3;Autovettura privata;In marcia / fermata / arresto;Passeggero;F;Rimandato;0;NON DECEDUTO;Non accertato;
6095583;20;27/08/2022 00:10:00;Strada Urbana;tangenziale / est dir. salaria;da specificare;;;;PROX USCITA PARIOLI CENTRO;Tamponamento Multiplo;Rettilineo;Due carreggiate;Asciutto;Asfaltata;Orizzontale;Sereno;Intenso;Sufficiente;;3;0;0;4;12.5282;41.9184;-1;3;Autovettura privata;In marcia / fermata / arresto;Passeggero;M;Illeso;0;;;Esploso
6095583;20;27/08/2022 00:10:00;Strada Urbana;tangenziale / est dir. salaria;da specificare;;;;PROX USCITA PARIOLI CENTRO;Tamponamento Multiplo;Rettilineo;Due carreggiate;Asciutto;Asfaltata;Orizzontale;Sereno;Intenso;Sufficiente;;3;0;0;4;12.5282;41.9184;-1;3;Autovettura privata;In marcia / fermata / arresto;Passeggero;M;Illeso;0;;Non accertato;Esploso
6095622;9;26/08/2022 18:20:00;Strada Urbana;VIA APPIA NUOVA;in prossimit�;;del civico n.;448;;Scontro laterale fra veicoli in marcia;Rettilineo;Due carreggiate;Asciutto;Asfaltata;Verticale ed orizzontale;Sereno;Normale;Buona;;0;0;0;2;12.5231;41.8744;-1;1;Autovettura privata;In marcia / fermata / arresto;Conducente;F;Illeso;0;;Non accertato;Inesploso
6095622;9;26/08/2022 18:20:00;Strada Urbana;VIA APPIA NUOVA;in prossimit�;;del civico n.;448;;Scontro laterale fra veicoli in marcia;Rettilineo;Due carreggiate;Asciutto;Asfaltata;Verticale ed orizzontale;Sereno;Normale;Buona;;0;0;0;2;12.5231;41.8744;-1;2;Autovettura privata;In marcia / fermata / arresto;Conducente;M;Illeso;0;;Non accertato;Inesploso
6095623;9;27/08/2022 00:15:00;Strada Urbana;VIA APPIA NUOVA;in corrispondenza;;del civico n.;272;;Veicolo in marcia contro veicoli in sosta;Rettilineo;Due carreggiate;Asciutto;Asfaltata;Verticale ed orizzontale;Sereno;Scarso;Buona;;0;0;0;1;12.517;41.8791;-1;1;Autovettura privata;In marcia / fermata / arresto;Conducente;M;Illeso;0;;Non accertato;Inesploso
6095623;9;27/08/2022 00:15:00;Strada Urbana;VIA APPIA NUOVA;in corrispondenza;;del civico n.;272;;Veicolo in marcia contro veicoli in sosta;Rettilineo;Due carreggiate;Asciutto;Asfaltata;Verticale ed orizzontale;Sereno;Scarso;Buona;;0;0;0;1;12.517;41.8791;-1;2;Autovettura privata;Sosta;;;;;;;
6095734;15;27/08/2022 10:40:00;Strada Urbana;VIALE VENTIMIGLIA;da specificare;;;;prossimit� VIA PITIGLIANO;Veicolo in marcia contro veicoli in sosta;Rettilineo;Una carreggiata a senso unico di marcia;Asciutto;Asfaltata;Assente;Sereno;Normale;Buona;;0;0;0;0;12.4384;41.8409;-1;1;Autovettura privata;Sosta;;;;;;;
6095734;15;27/08/2022 10:40:00;Strada Urbana;VIALE VENTIMIGLIA;da specificare;;;;prossimit� VIA PITIGLIANO;Veicolo in marcia contro veicoli in sosta;Rettilineo;Una carreggiata a senso unico di marcia;Asciutto;Asfaltata;Assente;Sereno;Normale;Buona;;0;0;0;0;12.4384;41.8409;-1;2;Autovettura privata;Sosta;;;;;;;
6095803;1;26/08/2022 20:00:00;Strada Urbana;LUNGOTEVERE RAFFAELLO SANZIO;all'intersezione semaforizzata con;PONTE GARIBALDI;PONTE GARIBALDI;;;Tamponamento Multiplo;Intersezione semaforizzata;Una carreggiata a senso unico di marcia;Asciutto;Asfaltata;Verticale ed orizzontale;Sereno;Normale;Buona;;2;0;0;8;12.4744;41.8903;-1;1;Autovettura privata;In marcia / fermata / arresto;Conducente;M;Illeso;0;;;
6095803;1;26/08/2022 20:00:00;Strada Urbana;LUNGOTEVERE RAFFAELLO SANZIO;all'intersezione semaforizzata con;PONTE GARIBALDI;PONTE GARIBALDI;;;Tamponamento Multiplo;Intersezione semaforizzata;Una carreggiata a senso unico di marcia;Asciutto;Asfaltata;Verticale ed orizzontale;Sereno;Normale;Buona;;2;0;0;8;12.4744;41.8903;-1;1;Autovettura privata;In marcia / fermata / arresto;Passeggero;F;Illeso;0;;;