Protocollo;Gruppo;DataOraIncidente;Localizzazione1;STRADA1;Localizzazione2;STRADA2;Strada02;Chilometrica;DaSpecificare;NaturaIncidente;particolaritastrade;TipoStrada;FondoStradale;Pavimentazione;Segnaletica;CondizioneAtmosferica;Traffico;Visibilita;Illuminazione;NUM_FERITI;NUM_RISERVATA;NUM_MORTI;NUM_ILLESI;Longitude;Latitude;Confermato;Progressivo;TipoVeicolo;StatoVeicolo;TipoPersona;Sesso;Tipolesione;Deceduto;DecedutoDopo;CinturaCascoUtilizzato;Airbag;
6096840;15;28/08/2022 13:00:00;Strada Urbana;VIALE GIUSEPPE SIRTORI;da specificare;;;;fronte civico 7;Veicolo in marcia contro veicolo in sosta;Rettilineo;Due carreggiate;Asciutto;Asfaltata;Verticale ed orizzontale;Sereno;Scarso;Buona;;0;0;0;1;12.4484;41.8556;-1;2;Autovettura privata;Sosta;;;;;;;
6096843;15;27/08/2022 20:30:00;Strada Urbana;VIA PORTUENSE;da specificare;;;;fronte civico 343;Veicolo in marcia contro ostacolo fisso;Rettilineo;Una carreggiata a doppio senso;Asciutto;Asfaltata;Verticale ed orizzontale;Sereno;Normale;Sufficiente;;1;0;0;0;12.414;41.8469;-1;1;Motociclo a solo;In marcia / fermata / arresto;Conducente;M;Rimandato;0;NON DECEDUTO;Non accertato;
6096854;12;28/08/2022 18:00:00;Strada Urbana;VIA FELICE CASCIONE;da specificare;;;;rotatoria Terenzio Tocci;Veicolo in marcia contro ostacolo fisso;Rotatoria;Due carreggiate;Asciutto;Asfaltata;Verticale ed orizzontale;Sereno;Scarso;Buona;;0;0;0;2;12.4479;41.7938;-1;1;Autovettura privata;In marcia / fermata / arresto;Conducente;M;Illeso;0;;Non accertato;Esploso
6096854;12;28/08/2022 18:00:00;Strada Urbana;VIA FELICE CASCIONE;da specificare;;;;rotatoria Terenzio Tocci;Veicolo in marcia contro ostacolo fisso;Rotatoria;Due carreggiate;Asciutto;Asfaltata;Verticale ed orizzontale;Sereno;Scarso;Buona;;0;0;0;2;12.4479;41.7938;-1;1;Autovettura privata;In marcia / fermata / arresto;Passeggero;M;Illeso;0;;;
6096855;10;28/08/2022 10:10:00;Strada Urbana;VIA VITTORIO RAGUSA;da specificare;;;;rampa immissione da via di Tor Vergata;Veicolo in marcia contro ostacolo fisso;Rettilineo;Una carreggiata a senso unico di marcia;Asciutto;Asfaltata;Verticale ed orizzontale;Sereno;Scarso;Buona;;0;0;1;0;12.6225;41.8438;-1;1;Motociclo a solo;In marcia / fermata / arresto;Conducente;M;Deceduto durante prime cure;-1;;Utilizzato;
6096868;20;28/08/2022 15:00:00;Strada Urbana;VIA CONCESIO;in prossimit�;;del palo luce n.;22;;Veicolo in marcia contro ostacolo fisso;Curva senza visuale libera;Una carreggiata a doppio senso;Bagnato (pioggia);Asfaltata;Verticale ed orizzontale;Pioggia in atto;Scarso;Buona;;1;0;0;0;12.4835;42.0078;-1;1;Autovettura privata;In marcia / fermata / arresto;Conducente;M;Rimandato;0;NON DECEDUTO;Non accertato;
6096879;20;28/08/2022 17:15:00;Regionale;VIA CASSIA BIS (non utilizzare);da specificare;;;;km. 2 direzione Roma;Tamponamento Multiplo;Rettilineo;Due carreggiate;Asciutto;Asfaltata;Verticale ed orizzontale;Sereno;Normale;Buona;;4;0;0;5;12.4318;42.0271;-1;1;Autovettura privata;In marcia / fermata / arresto;Conducente;M;Illeso;0;;Non accertato;
6096879;20;28/08/2022 17:15:00;Regionale;VIA CASSIA BIS (non utilizzare);da specificare;;;;km. 2 direzione Roma;Tamponamento Multiplo;Rettilineo;Due carreggiate;Asciutto;Asfaltata;Verticale ed orizzontale;Sereno;Normale;Buona;;4;0;0;5;12.4318;42.0271;-1;1;Autovettura privata;In marcia / fermata / arresto;Passeggero;F;Rimandato;0;NON DECEDUTO;Non accertato;Inesploso
6096879;20;28/08/2022 17:15:00;Regionale;VIA CASSIA BIS (non utilizzare);da specificare;;;;km. 2 direzione Roma;Tamponamento Multiplo;Rettilineo;Due carreggiate;Asciutto;Asfaltata;Verticale ed orizzontale;Sereno;Normale;Buona;;4;0;0;5;12.4318;42.0271;-1;1;Autovettura privata;In marcia / fermata / arresto;Passeggero;F;Illeso;0;;Non accertato;Inesploso
6096879;20;28/08/2022 17:15:00;Regionale;VIA CASSIA BIS (non utilizzare);da specificare;;;;km. 2 direzione Roma;Tamponamento Multiplo;Rettilineo;Due carreggiate;Asciutto;Asfaltata;Verticale ed orizzontale;Sereno;Normale;Buona;;4;0;0;5;12.4318;42.0271;-1;2;Autovettura privata;In marcia / fermata / arresto;Conducente;M;Illeso;0;;Non accertato;Inesploso
6096879;20;28/08/2022 17:15:00;Regionale;VIA CASSIA BIS (non utilizzare);da specificare;;;;km. 2 direzione Roma;Tamponamento Multiplo;Rettilineo;Due carreggiate;Asciutto;Asfaltata;Verticale ed orizzontale;Sereno;Normale;Buona;;4;0;0;5;12.4318;42.0271;-1;2;Autovettura privata;In marcia / fermata / arresto;Passeggero;F;Rimandato;0;NON DECEDUTO;Non accertato;Inesploso
6096879;20;28/08/2022 17:15:00;Regionale;VIA CASSIA BIS (non utilizzare);da specificare;;;;km. 2 direzione Roma;Tamponamento Multiplo;Rettilineo;Due carreggiate;Asciutto;Asfaltata;Verticale ed orizzontale;Sereno;Normale;Buona;;4;0;0;5;12.4318;42.0271;-1;3;Autovettura privata;In marcia / fermata / arresto;Conducente;M;Illeso;0;;Non accertato;Inesploso
6096879;20;28/08/2022 17:15:00;Regionale;VIA CASSIA BIS (non utilizzare);da specificare;;;;km. 2 direzione Roma;Tamponamento Multiplo;Rettilineo;Due carreggiate;Asciutto;Asfaltata;Verticale ed orizzontale;Sereno;Normale;Buona;;4;0;0;5;12.4318;42.0271;-1;3;Autovettura privata;In marcia / fermata / arresto;Passeggero;F;Rimandato;0;NON DECEDUTO;Non accertato;Inesploso
6096879;20;28/08/2022 17:15:00;Regionale;VIA CASSIA BIS (non utilizzare);da specificare;;;;km. 2 direzione Roma;Tamponamento Multiplo;Rettilineo;Due carreggiate;Asciutto;Asfaltata;Verticale ed orizzontale;Sereno;Normale;Buona;;4;0;0;5;12.4318;42.0271;-1;3;Autovettura privata;In marcia / fermata / arresto;Passeggero;M;Rimandato;0;NON DECEDUTO;Utilizzato;Inesploso
6096879;20;28/08/2022 17:15:00;Regionale;VIA CASSIA BIS (non utilizzare);da specificare;;;;km. 2 direzione Roma;Tamponamento Multiplo;Rettilineo;Due carreggiate;Asciutto;Asfaltata;Verticale ed orizzontale;Sereno;Normale;Buona;;4;0;0;5;12.4318;42.0271;-1;4;Autovettura privata;In marcia / fermata / arresto;Conducente;M;Illeso;0;;Non accertato;Esploso
6096883;10;28/08/2022 14:25:00;Strada Urbana;CIRCONVALLAZIONE ORIENTALE;da specificare;;;;altezza Barcaccia direzione Appia Nuova;Scontro laterale fra veicoli in marcia;Rettilineo;Una carreggiata a senso unico di marcia;Asciutto;Asfaltata;Verticale ed orizzontale;Sereno;Normale;Buona;;1;0;0;2;12.5828;41.8256;-1;1;Autovettura privata;In marcia / fermata / arresto;Conducente;M;Illeso;0;;Non accertato;Inesploso
6096883;10;28/08/2022 14:25:00;Strada Urbana;CIRCONVALLAZIONE ORIENTALE;da specificare;;;;altezza Barcaccia direzione Appia Nuova;Scontro laterale fra veicoli in marcia;Rettilineo;Una carreggiata a senso unico di marcia;Asciutto;Asfaltata;Verticale ed orizzontale;Sereno;Normale;Buona;;1;0;0;2;12.5828;41.8256;-1;2;Autovettura privata;In marcia / fermata / arresto;Conducente;M;Illeso;0;;Non accertato;Inesploso
6096883;10;28/08/2022 14:25:00;Strada Urbana;CIRCONVALLAZIONE ORIENTALE;da specificare;;;;altezza Barcaccia direzione Appia Nuova;Scontro laterale fra veicoli in marcia;Rettilineo;Una carreggiata a senso unico di marcia;Asciutto;Asfaltata;Verticale ed orizzontale;Sereno;Normale;Buona;;1;0;0;2;12.5828;41.8256;-1;2;Autovettura privata;In marcia / fermata / arresto;Passeggero;F;Rimandato;0;NON DECEDUTO;Non accertato;Inesploso
6096883;10;28/08/2022 14:25:00;Strada Urbana;CIRCONVALLAZIONE ORIENTALE;da specificare;;;;altezza Barcaccia direzione Appia Nuova;Scontro laterale fra veicoli in marcia;Rettilineo;Una carreggiata a senso unico di marcia;Asciutto;Asfaltata;Verticale ed orizzontale;Sereno;Normale;Buona;;1;0;0;2;12.5828;41.8256;-1;3;Autovettura privata;Allontanatosi;;;;;;;
6096886;20;28/08/2022 19:20:00;Strada Urbana;VIA S. GIOVANNA ELISABETTA;in prossimit�;;del civico n.;32d;;Veicolo in marcia contro veicolo in sosta;Rettilineo;Una carreggiata a senso unico di marcia;Asciutto;Asfaltata;Orizzontale;Sereno;Scarso;Buona;;0;0;0;1;12.4561;41.9603;-1;1;Autovettura privata;In marcia / fermata / arresto;Conducente;M;Illeso;0;;Non accertato;
6096886;20;28/08/2022 19:20:00;Strada Urbana;VIA S. GIOVANNA ELISABETTA;in prossimit�;;del civico n.;32d;;Veicolo in marcia contro veicolo in sosta;Rettilineo;Una carreggiata a senso unico di marcia;Asciutto;Asfaltata;Orizzontale;Sereno;Scarso;Buona;;0;0;0;1;12.4561;41.9603;-1;2;Autovettura privata;Sosta;;;;;;;
6096895;10;28/08/2022 17:00:00;Strada Urbana;VIA DI TORRE SPACCATA;da specificare;;;;dir. Tuscolana 50 mt dopo rotato PELIZZI/TUSCOLANA;Scontro frontale/laterale DX fra veicoli in marcia;Rettilineo;Una carreggiata a doppio senso;Asciutto;Asfaltata;Verticale ed orizzontale;Sereno;Normale;Buona;;1;0;0;2;12.581;41.8514;-1;1;Autovettura privata;In marcia / fermata / arresto;Conducente;F;Illeso;0;;Non accertato;Inesploso
6096895;10;28/08/2022 17:00:00;Strada Urbana;VIA DI TORRE SPACCATA;da specificare;;;;dir. Tuscolana 50 mt dopo rotato PELIZZI/TUSCOLANA;Scontro frontale/laterale DX fra veicoli in marcia;Rettilineo;Una carreggiata a doppio senso;Asciutto;Asfaltata;Verticale ed orizzontale;Sereno;Normale;Buona;;1;0;0;2;12.581;41.8514;-1;1;Autovettura privata;In marcia / fermata / arresto;Passeggero;M;Illeso;0;;Non accertato;Inesploso
6096895;10;28/08/2022 17:00:00;Strada Urbana;VIA DI TORRE SPACCATA;da specificare;;;;dir. Tuscolana 50 mt dopo rotato PELIZZI/TUSCOLANA;Scontro frontale/laterale DX fra veicoli in marcia;Rettilineo;Una carreggiata a doppio senso;Asciutto;Asfaltata;Verticale ed orizzontale;Sereno;Normale;Buona;;1;0;0;2;12.581;41.8514;-1;2;Autovettura privata;In marcia / fermata / arresto;Conducente;F;Rimandato;0;NON DECEDUTO;Non accertato;Inesploso
6096947;19;26/08/2022 18:30:00;Strada Urbana;VIA ANDREA BARBATO;all'intersezione con;VIA RUGGERO ORLANDO;VIA RUGGERO ORLANDO;;;Scontro frontale/laterale SX fra veicoli in marcia;Incrocio;Una carreggiata a doppio senso;Asciutto;Asfaltata;Verticale ed orizzontale;Sereno;Scarso;Buona;;2;0;0;1;12.4009;41.9301;-1;1;Autovettura privata;In marcia / fermata / arresto;Conducente;F;Illeso;0;;Non accertato;Inesploso
6096947;19;26/08/2022 18:30:00;Strada Urbana;VIA ANDREA BARBATO;all'intersezione con;VIA RUGGERO ORLANDO;VIA RUGGERO ORLANDO;;;Scontro frontale/laterale SX fra veicoli in marcia;Incrocio;Una carreggiata a doppio senso;Asciutto;Asfaltata;Verticale ed orizzontale;Sereno;Scarso;Buona;;2;0;0;1;12.4009;41.9301;-1;2;Motociclo con passeggero;In marcia / fermata / arresto;Conducente;M;Rifiuta cure immediate;0;NON DECEDUTO;Non accertato;
6096947;19;26/08/2022 18:30:00;Strada Urbana;VIA ANDREA BARBATO;all'intersezione con;VIA RUGGERO ORLANDO;VIA RUGGERO ORLANDO;;;Scontro frontale/laterale SX fra veicoli in marcia;Incrocio;Una carreggiata a doppio senso;Asciutto;Asfaltata;Verticale ed orizzontale;Sereno;Scarso;Buona;;2;0;0;1;12.4009;41.9301;-1;2;Motociclo con passeggero;In marcia / fermata / arresto;Passeggero;F;Rimandato;0;NON DECEDUTO;Non accertato;
6096951;20;28/08/2022 23:10:00;Strada Urbana;VIALE DI TOR DI QUINTO;da specificare;;;;RAMPA FORO ITALICO DIR. SALARIA;Scontro laterale fra veicoli in marcia;Rettilineo;Due carreggiate;Asciutto;Asfaltata;Verticale ed orizzontale;Sereno;Scarso;Buona;;2;0;0;6;12.4785;41.9447;-1;1;Autovettura privata;In marcia / fermata / arresto;Conducente;M;Rimandato;0;NON DECEDUTO;Non accertato;
6096951;20;28/08/2022 23:10:00;Strada Urbana;VIALE DI TOR DI QUINTO;da specificare;;;;RAMPA FORO ITALICO DIR. SALARIA;Scontro laterale fra veicoli in marcia;Rettilineo;Due carreggiate;Asciutto;Asfaltata;Verticale ed orizzontale;Sereno;Scarso;Buona;;2;0;0;6;12.4785;41.9447;-1;2;Autoveicolo trasp.promisc.;In marcia / fermata / arresto;Conducente;M;Illeso;0;;;
6096951;20;28/08/2022 23:10:00;Strada Urbana;VIALE DI TOR DI QUINTO;da specificare;;;;RAMPA FORO ITALICO DIR. SALARIA;Scontro laterale fra veicoli in marcia;Rettilineo;Due carreggiate;Asciutto;Asfaltata;Verticale ed orizzontale;Sereno;Scarso;Buona;;2;0;0;6;12.4785;41.9447;-1;2;Autoveicolo trasp.promisc.;In marcia / fermata / arresto;Passeggero;F;Illeso;0;;Non accertato;
6096951;20;28/08/2022 23:10:00;Strada Urbana;VIALE DI TOR DI QUINTO;da specificare;;;;RAMPA FORO ITALICO DIR. SALARIA;Scontro laterale fra veicoli in marcia;Rettilineo;Due carreggiate;Asciutto;Asfaltata;Verticale ed orizzontale;Sereno;Scarso;Buona;;2;0;0;6;12.4785;41.9447;-1;2;Autoveicolo trasp.promisc.;In marcia / fermata / arresto;Passeggero;M;Illeso;0;;Non accertato;
6096951;20;28/08/2022 23:10:00;Strada Urbana;VIALE DI TOR DI QUINTO;da specificare;;;;RAMPA FORO ITALICO DIR. SALARIA;Scontro laterale fra veicoli in marcia;Rettilineo;Due carreggiate;Asciutto;Asfaltata;Verticale ed orizzontale;Sereno;Scarso;Buona;;2;0;0;6;12.4785;41.9447;-1;2;Autoveicolo trasp.promisc.;In marcia / fermata / arresto;Passeggero;F;Illeso;0;;;
6096951;20;28/08/2022 23:10:00;Strada Urbana;VIALE DI TOR DI QUINTO;da specificare;;;;RAMPA FORO ITALICO DIR. SALARIA;Scontro laterale fra veicoli in marcia;Rettilineo;Due carreggiate;Asciutto;Asfaltata;Verticale ed orizzontale;Sereno;Scarso;Buona;;2;0;0;6;12.4785;41.9447;-1;2;Autoveicolo trasp.promisc.;In marcia / fermata / arresto;Passeggero;F;Illeso;0;;;
6096951;20;28/08/2022 23:10:00;Strada Urbana;VIALE DI TOR DI QUINTO;da specificare;;;;RAMPA FORO ITALICO DIR. SALARIA;Scontro laterale fra veicoli in marcia;Rettilineo;Due carreggiate;Asciutto;Asfaltata;Verticale ed orizzontale;Sereno;Scarso;Buona;;2;0;0;6;12.4785;41.9447;-1;2;Autoveicolo trasp.promisc.;In marcia / fermata / arresto;Passeggero;F;Rimandato;0;NON DECEDUTO;;
6096951;20;28/08/2022 23:10:00;Strada Urbana;VIALE DI TOR DI QUINTO;da specificare;;;;RAMPA FORO ITALICO DIR. SALARIA;Scontro laterale fra veicoli in marcia;Rettilineo;Due carreggiate;Asciutto;Asfaltata;Verticale ed orizzontale;Sereno;Scarso;Buona;;2;0;0;6;12.4785;41.9447;-1;2;Autoveicolo trasp.promisc.;In marcia / fermata / arresto;Passeggero;M;Illeso;0;;;
6096977;5;26/08/2022 10:00:00;Strada Urbana;PIAZZA BRAHMS;in prossimit�;;del civico n.;15;;Tamponamento;Rettilineo;Due carreggiate;Asciutto;Asfaltata;Assente;Sereno;Scarso;Buona;;0;0;0;2;12.5632;41.9149;-1;1;Autovettura privata;In marcia / fermata / arresto;Conducente;F;Illeso;0;;Non accertato;Inesploso
6096977;5;26/08/2022 10:00:00;Strada Urbana;PIAZZA BRAHMS;in prossimit�;;del civico n.;15;;Tamponamento;Rettilineo;Due carreggiate;Asciutto;Asfaltata;Assente;Sereno;Scarso;Buona;;0;0;0;2;12.5632;41.9149;-1;2;Autovettura privata;In marcia / fermata / arresto;Conducente;M;Illeso;0;;Non accertato;Inesploso
6096993;5;26/08/2022 11:30:00;Strada Urbana;VIA ASINARI DI S. MARZANO;in prossimit�;;del civico n.;41;;Veicolo in marcia contro veicoli in sosta;Rettilineo;Una carreggiata a senso unico di marcia;Asciutto;Asfaltata;Assente;Sereno;Scarso;Buona;;0;0;0;0;12.5374;41.8977;-1;1;Autovettura privata;Sosta;;;;;;;
6096993;5;26/08/2022 11:30:00;Strada Urbana;VIA ASINARI DI S. MARZANO;in prossimit�;;del civico n.;41;;Veicolo in marcia contro veicoli in sosta;Rettilineo;Una carreggiata a senso unico di marcia;Asciutto;Asfaltata;Assente;Sereno;Scarso;Buona;;0;0;0;0;12.5374;41.8977;-1;2;Autovettura privata;In marcia / fermata / arresto;;;;;;;
6096994;12;28/08/2022 14:50:00;Statale;VIA PONTINA;da specificare;;;;direzione Roma Km 16.900;Tamponamento Multiplo;Rettilineo;Due carreggiate;Asciutto;Asfaltata;Verticale ed orizzontale;Sereno;Normale;Buona;;1;0;0;4;12.4444;41.777;-1;1;Autovettura privata;In marcia / fermata / arresto;Conducente;M;Illeso;0;;;
6096994;12;28/08/2022 14:50:00;Statale;VIA PONTINA;da specificare;;;;direzione Roma Km 16.900;Tamponamento Multiplo;Rettilineo;Due carreggiate;Asciutto;Asfaltata;Verticale ed orizzontale;Sereno;Normale;Buona;;1;0;0;4;12.4444;41.777;-1;1;Autovettura privata;In marcia / fermata / arresto;Passeggero;F;Illeso;0;;;
6096994;12;28/08/2022 14:50:00;Statale;VIA PONTINA;da specificare;;;;direzione Roma Km 16.900;Tamponamento Multiplo;Rettilineo;Due carreggiate;Asciutto;Asfaltata;Verticale ed orizzontale;Sereno;Normale;Buona;;1;0;0;4;12.4444;41.777;-1;1;Autovettura privata;In marcia / fermata / arresto;Passeggero;F;Illeso;0;;;
6096994;12;28/08/2022 14:50:00;Statale;VIA PONTINA;da specificare;;;;direzione Roma Km 16.900;Tamponamento Multiplo;Rettilineo;Due carreggiate;Asciutto;Asfaltata;Verticale ed orizzontale;Sereno;Normale;Buona;;1;0;0;4;12.4444;41.777;-1;2;Autovettura privata;In marcia / fermata / arresto;Conducente;M;Illeso;0;;;
6096994;12;28/08/2022 14:50:00;Statale;VIA PONTINA;da specificare;;;;direzione Roma Km 16.900;Tamponamento Multiplo;Rettilineo;Due carreggiate;Asciutto;Asfaltata;Verticale ed orizzontale;Sereno;Normale;Buona;;1;0;0;4;12.4444;41.777;-1;3;Autovettura privata;In marcia / fermata / arresto;Conducente;M;Rifiuta cure immediate;0;NON DECEDUTO;;
6097005;5;27/08/2022 01:30:00;Strada Urbana;VIA TIBURTINA;all'intersezione semaforizzata con;VIA SAMBUCI;VIA SAMBUCI;;;Scontro frontale/laterale DX fra veicoli in marcia;Intersezione semaforizzata;Due carreggiate;Asciutto;Asfaltata;Verticale ed orizzontale;Sereno;Scarso;Buona;;3;1;0;0;12.6124;41.9359;-1;1;Autovettura privata;In marcia / fermata / arresto;Conducente;M;Rimandato;0;NON DECEDUTO;Non accertato;Esploso
6097005;5;27/08/2022 01:30:00;Strada Urbana;VIA TIBURTINA;all'intersezione semaforizzata con;VIA SAMBUCI;VIA SAMBUCI;;;Scontro frontale/laterale DX fra veicoli in marcia;Intersezione semaforizzata;Due carreggiate;Asciutto;Asfaltata;Verticale ed orizzontale;Sereno;Scarso;Buona;;3;1;0;0;12.6124;41.9359;-1;1;Autovettura privata;In marcia / fermata / arresto;Passeggero;M;Prognosi riservata;0;NON DECEDUTO;Non accertato;Esploso
6097005;5;27/08/2022 01:30:00;Strada Urbana;VIA TIBURTINA;all'intersezione semaforizzata con;VIA SAMBUCI;VIA SAMBUCI;;;Scontro frontale/laterale DX fra veicoli in marcia;Intersezione semaforizzata;Due carreggiate;Asciutto;Asfaltata;Verticale ed orizzontale;Sereno;Scarso;Buona;;3;1;0;0;12.6124;41.9359;-1;2;Autovettura privata;In marcia / fermata / arresto;Conducente;M;Rimandato;0;NON DECEDUTO;Non accertato;Inesploso
6097005;5;27/08/2022 01:30:00;Strada Urbana;VIA TIBURTINA;all'intersezione semaforizzata con;VIA SAMBUCI;VIA SAMBUCI;;;Scontro frontale/laterale DX fra veicoli in marcia;Intersezione semaforizzata;Due carreggiate;Asciutto;Asfaltata;Verticale ed orizzontale;Sereno;Scarso;Buona;;3;1;0;0;12.6124;41.9359;-1;2;Autovettura privata;In marcia / fermata / arresto;Passeggero;M;Ricoverato;0;NON DECEDUTO;Non accertato;Inesploso
6097029;6;28/08/2022 16:45:00;Strada Urbana;VIA ROBERTO MALATESTA;in prossimit�;;del civico n.;300;;Investimento di pedone;Rettilineo;Due carreggiate;Asciutto;Asfaltata;Verticale ed orizzontale;Sereno;Normale;Buona;;2;0;0;2;12.5415;41.8871;-1;;;;Pedone;M;Rifiuta cure immediate;0;NON DECEDUTO;;
6097029;6;28/08/2022 16:45:00;Strada Urbana;VIA ROBERTO MALATESTA;in prossimit�;;del civico n.;300;;Investimento di pedone;Rettilineo;Due carreggiate;Asciutto;Asfaltata;Verticale ed orizzontale;Sereno;Normale;Buona;;2;0;0;2;12.5415;41.8871;-1;;;;Pedone;F;Rimandato;0;NON DECEDUTO;;
6097029;6;28/08/2022 16:45:00;Strada Urbana;VIA ROBERTO MALATESTA;in prossimit�;;del civico n.;300;;Investimento di pedone;Rettilineo;Due carreggiate;Asciutto;Asfaltata;Verticale ed orizzontale;Sereno;Normale;Buona;;2;0;0;2;12.5415;41.8871;-1;1;Autovettura privata;In marcia / fermata / arresto;Conducente;M;Illeso;0;;Non accertato;Inesploso
6097029;6;28/08/2022 16:45:00;Strada Urbana;VIA ROBERTO MALATESTA;in prossimit�;;del civico n.;300;;Investimento di pedone;Rettilineo;Due carreggiate;Asciutto;Asfaltata;Verticale ed orizzontale;Sereno;Normale;Buona;;2;0;0;2;12.5415;41.8871;-1;1;Autovettura privata;In marcia / fermata / arresto;Passeggero;M;Illeso;0;;Non accertato;Inesploso
6097039;16;26/08/2022 14:15:00;Strada Urbana;VIALE DI TRASTEVERE;in prossimit�;;del civico n.;265;;Tamponamento Multiplo;Rettilineo;Pi� di due carreggiate;Asciutto;Asfaltata;Verticale ed orizzontale;Sereno;Normale;Buona;;0;0;0;3;12.4661;41.8753;-1;1;Autovettura privata;In marcia / fermata / arresto;Conducente;M;Illeso;0;;Non accertato;
6097039;16;26/08/2022 14:15:00;Strada Urbana;VIALE DI TRASTEVERE;in prossimit�;;del civico n.;265;;Tamponamento Multiplo;Rettilineo;Pi� di due carreggiate;Asciutto;Asfaltata;Verticale ed orizzontale;Sereno;Normale;Buona;;0;0;0;3;12.4661;41.8753;-1;2;Autovettura privata;In marcia / fermata / arresto;Conducente;F;Illeso;0;;Non accertato;
6097039;16;26/08/2022 14:15:00;Strada Urbana;VIALE DI TRASTEVERE;in prossimit�;;del civico n.;265;;Tamponamento Multiplo;Rettilineo;Pi� di due carreggiate;Asciutto;Asfaltata;Verticale ed orizzontale;Sereno;Normale;Buona;;0;0;0;3;12.4661;41.8753;-1;3;Autovettura privata;In marcia / fermata / arresto;Conducente;F;Illeso;0;;Non accertato;
6097051;16;26/08/2022 21:00:00;;VIALE ISACCO NEWTON;in corrispondenza;;del civico n.;101;;Veicolo in marcia che urta buche nella carreggiata;;;;;;;;;;0;0;0;1;;;0;1;Motociclo a solo;In marcia / fermata / arresto;Conducente;M;Illeso;0;;;
6097052;17;28/08/2022 01:10:00;Strada Urbana;VIA CORNELIA;da specificare;;;;altezza via Gattinara;Veicolo in marcia contro veicoli in sosta;Rettilineo;Una carreggiata a doppio senso;Asciutto;Asfaltata;Verticale ed orizzontale;Sereno;Scarso;Buona;;1;0;0;1;12.3899;41.9007;-1;1;Autovettura privata;In marcia / fermata / arresto;Conducente;M;Illeso;0;;;
6097052;17;28/08/2022 01:10:00;Strada Urbana;VIA CORNELIA;da specificare;;;;altezza via Gattinara;Veicolo in marcia contro veicoli in sosta;Rettilineo;Una carreggiata a doppio senso;Asciutto;Asfaltata;Verticale ed orizzontale;Sereno;Scarso;Buona;;1;0;0;1;12.3899;41.9007;-1;1;Autovettura privata;In marcia / fermata / arresto;Passeggero;M;Rimandato;0;NON DECEDUTO;;
6097052;17;28/08/2022 01:10:00;Strada Urbana;VIA CORNELIA;da specificare;;;;altezza via Gattinara;Veicolo in marcia contro veicoli in sosta;Rettilineo;Una carreggiata a doppio senso;Asciutto;Asfaltata;Verticale ed orizzontale;Sereno;Scarso;Buona;;1;0;0;1;12.3899;41.9007;-1;2;Autovettura privata;Sosta;;;;;;;
6097052;17;28/08/2022 01:10:00;Strada Urbana;VIA CORNELIA;da specificare;;;;altezza via Gattinara;Veicolo in marcia contro veicoli in sosta;Rettilineo;Una carreggiata a doppio senso;Asciutto;Asfaltata;Verticale ed orizzontale;Sereno;Scarso;Buona;;1;0;0;1;12.3899;41.9007;-1;3;Autovettura privata;Sosta;;;;;;;
6097061;6;28/08/2022 12:20:00;Strada Urbana;VIA PRENESTINA;all'intersezione semaforizzata con;VIALE DELLA SERENISSIMA;VIALE DELLA SERENISSIMA;;;Scontro frontale/laterale DX fra veicoli in marcia;Intersezione semaforizzata;Pi� di due carreggiate;Asciutto;Asfaltata;Verticale ed orizzontale;Sereno;Scarso;Buona;;0;0;0;3;12.5591;41.8949;-1;1;Autovettura privata;In marcia / fermata / arresto;Conducente;F;Illeso;0;;Non accertato;Inesploso
6097061;6;28/08/2022 12:20:00;Strada Urbana;VIA PRENESTINA;all'intersezione semaforizzata con;VIALE DELLA SERENISSIMA;VIALE DELLA SERENISSIMA;;;Scontro frontale/laterale DX fra veicoli in marcia;Intersezione semaforizzata;Pi� di due carreggiate;Asciutto;Asfaltata;Verticale ed orizzontale;Sereno;Scarso;Buona;;0;0;0;3;12.5591;41.8949;-1;2;Autovettura privata;In marcia / fermata / arresto;Conducente;M;Illeso;0;;Non accertato;Inesploso
6097061;6;28/08/2022 12:20:00;Strada Urbana;VIA PRENESTINA;all'intersezione semaforizzata con;VIALE DELLA SERENISSIMA;VIALE DELLA SERENISSIMA;;;Scontro frontale/laterale DX fra veicoli in marcia;Intersezione semaforizzata;Pi� di due carreggiate;Asciutto;Asfaltata;Verticale ed orizzontale;Sereno;Scarso;Buona;;0;0;0;3;12.5591;41.8949;-1;2;Autovettura privata;In marcia / fermata / arresto;Passeggero;F;Illeso;0;;Non accertato;Inesploso
6097066;16;26/08/2022 12:40:00;Strada Urbana;VIA DELLA CONSOLATA;da specificare;;;;fronte palo ACEA 17;Veicolo in marcia contro ostacolo accidentale;Curva senza visuale libera;Una carreggiata a doppio senso;Viscido da liquidi oleosi;Asfaltata;Orizzontale;Sereno;Normale;Buona;;1;0;0;1;12.4217;41.8767;-1;1;Motociclo a solo;In marcia / fermata / arresto;Conducente;M;Rimandato;0;NON DECEDUTO;Non accertato;