Protocollo;Gruppo;DataOraIncidente;Localizzazione1;STRADA1;Localizzazione2;STRADA2;Strada02;Chilometrica;DaSpecificare;NaturaIncidente;particolaritastrade;TipoStrada;FondoStradale;Pavimentazione;Segnaletica;CondizioneAtmosferica;Traffico;Visibilita;Illuminazione;NUM_FERITI;NUM_RISERVATA;NUM_MORTI;NUM_ILLESI;Longitude;Latitude;Confermato;Progressivo;TipoVeicolo;StatoVeicolo;TipoPersona;Sesso;Tipolesione;Deceduto;DecedutoDopo;CinturaCascoUtilizzato;Airbag;
6097533;12;29/08/2022 06:15:00;Strada Urbana;VIA PIERANDREA MATTIOLI;in prossimit�;;del civico n.;15;;Veicolo in marcia contro ostacolo fisso;Rettilineo;Una carreggiata a doppio senso;Asciutto;Asfaltata;Verticale;Sereno;Scarso;Buona;;0;0;0;1;12.5267;41.7915;-1;1;Autoarticolato;In marcia / fermata / arresto;Conducente;M;Illeso;0;;Non accertato;Inesploso
6097621;6;29/08/2022 15:50:00;Strada Urbana;VIA DEI GORDIANI;da specificare;;;;Belmonte Castello;Infortunio per caduta del veicolo;Curva a visuale libera;Una carreggiata a senso unico di marcia;Bagnato (pioggia);Asfaltata;Orizzontale;Pioggia in atto;Normale;Buona;;1;0;0;0;12.5542;41.8839;-1;1;Motociclo a solo;In marcia / fermata / arresto;Conducente;M;Rimandato;0;NON DECEDUTO;Utilizzato;
6097632;15;29/08/2022 09:50:00;Strada Urbana;LUNGOTEVERE DI PIETRA PAPA;all'intersezione con;VIA SILVESTRO GHERARDI;VIA SILVESTRO GHERARDI;;;Scontro frontale/laterale DX fra veicoli in marcia;Incrocio;Due carreggiate;Asciutto;Asfaltata;Verticale ed orizzontale;Sereno;Normale;Buona;;2;0;0;1;12.4743;41.8629;-1;1;Autovettura privata;In marcia / fermata / arresto;Conducente;M;Illeso;0;;Non accertato;Inesploso
6097632;15;29/08/2022 09:50:00;Strada Urbana;LUNGOTEVERE DI PIETRA PAPA;all'intersezione con;VIA SILVESTRO GHERARDI;VIA SILVESTRO GHERARDI;;;Scontro frontale/laterale DX fra veicoli in marcia;Incrocio;Due carreggiate;Asciutto;Asfaltata;Verticale ed orizzontale;Sereno;Normale;Buona;;2;0;0;1;12.4743;41.8629;-1;2;Quadriciclo leggero;In marcia / fermata / arresto;Conducente;M;Rimandato;0;NON DECEDUTO;;
6097632;15;29/08/2022 09:50:00;Strada Urbana;LUNGOTEVERE DI PIETRA PAPA;all'intersezione con;VIA SILVESTRO GHERARDI;VIA SILVESTRO GHERARDI;;;Scontro frontale/laterale DX fra veicoli in marcia;Incrocio;Due carreggiate;Asciutto;Asfaltata;Verticale ed orizzontale;Sereno;Normale;Buona;;2;0;0;1;12.4743;41.8629;-1;2;Quadriciclo leggero;In marcia / fermata / arresto;Passeggero;M;Rimandato;0;NON DECEDUTO;;
6097645;1;28/08/2022 17:50:00;Strada Urbana;PIAZZA DI PORTA S. GIOVANNI;all'intersezione semaforizzata con;VIA EMANUELE FILIBERTO;VIA EMANUELE FILIBERTO;;;Scontro frontale/laterale DX fra veicoli in marcia;Intersezione semaforizzata;Una carreggiata a doppio senso;Asciutto;Asfaltata;Verticale ed orizzontale;Sereno;Scarso;Buona;;0;0;0;3;12.5083;41.8866;-1;1;Autovettura privata;In marcia / fermata / arresto;Conducente;F;Illeso;0;;Non accertato;Inesploso
6097645;1;28/08/2022 17:50:00;Strada Urbana;PIAZZA DI PORTA S. GIOVANNI;all'intersezione semaforizzata con;VIA EMANUELE FILIBERTO;VIA EMANUELE FILIBERTO;;;Scontro frontale/laterale DX fra veicoli in marcia;Intersezione semaforizzata;Una carreggiata a doppio senso;Asciutto;Asfaltata;Verticale ed orizzontale;Sereno;Scarso;Buona;;0;0;0;3;12.5083;41.8866;-1;1;Autovettura privata;In marcia / fermata / arresto;Passeggero;F;Illeso;0;;;
6097645;1;28/08/2022 17:50:00;Strada Urbana;PIAZZA DI PORTA S. GIOVANNI;all'intersezione semaforizzata con;VIA EMANUELE FILIBERTO;VIA EMANUELE FILIBERTO;;;Scontro frontale/laterale DX fra veicoli in marcia;Intersezione semaforizzata;Una carreggiata a doppio senso;Asciutto;Asfaltata;Verticale ed orizzontale;Sereno;Scarso;Buona;;0;0;0;3;12.5083;41.8866;-1;2;Autovettura privata;In marcia / fermata / arresto;Conducente;M;Illeso;0;;Non accertato;
6097652;1;29/08/2022 09:30:00;Strada Urbana;VIA VITTORIO BACHELET;all'intersezione con;VIA VICENZA;VIA VICENZA;;;Scontro frontale/laterale DX fra veicoli in marcia;Incrocio;Una carreggiata a senso unico di marcia;Asciutto;Asfaltata;Verticale ed orizzontale;Sereno;Scarso;Buona;;1;0;0;1;12.5041;41.9039;-1;1;Autovettura privata;In marcia / fermata / arresto;Conducente;M;Illeso;0;;Non accertato;Inesploso
6097652;1;29/08/2022 09:30:00;Strada Urbana;VIA VITTORIO BACHELET;all'intersezione con;VIA VICENZA;VIA VICENZA;;;Scontro frontale/laterale DX fra veicoli in marcia;Incrocio;Una carreggiata a senso unico di marcia;Asciutto;Asfaltata;Verticale ed orizzontale;Sereno;Scarso;Buona;;1;0;0;1;12.5041;41.9039;-1;2;Motociclo a solo;In marcia / fermata / arresto;Conducente;F;Rimandato;0;NON DECEDUTO;Non accertato;
6097652;1;29/08/2022 09:30:00;Strada Urbana;VIA VITTORIO BACHELET;all'intersezione con;VIA VICENZA;VIA VICENZA;;;Scontro frontale/laterale DX fra veicoli in marcia;Incrocio;Una carreggiata a senso unico di marcia;Asciutto;Asfaltata;Verticale ed orizzontale;Sereno;Scarso;Buona;;1;0;0;1;12.5041;41.9039;-1;3;Autovettura privata;Sosta;;;;;;;
6097707;9;25/08/2022 17:00:00;;PIAZZA PAOLO DIACONO;in corrispondenza;;del civico n.;6;;Veicolo in marcia contro veicolo in sosta;;;;;;;;;;0;0;0;0;;;0;1;Velocipede;In marcia / fermata / arresto;;;;;;;
6097707;9;25/08/2022 17:00:00;;PIAZZA PAOLO DIACONO;in corrispondenza;;del civico n.;6;;Veicolo in marcia contro veicolo in sosta;;;;;;;;;;0;0;0;0;;;0;2;Autovettura privata;Sosta;;;;;;;
6097718;15;29/08/2022 12:15:00;Strada Urbana;VIA DELLA MAGLIANA;in corrispondenza;;del civico n.;63/E;;Tamponamento;Rettilineo;Una carreggiata a doppio senso;Asciutto;Asfaltata;Verticale ed orizzontale;Sereno;Normale;Buona;;0;0;0;4;12.46;41.8582;-1;1;Autovettura privata;In marcia / fermata / arresto;Conducente;M;Illeso;0;;Non accertato;Inesploso
6097718;15;29/08/2022 12:15:00;Strada Urbana;VIA DELLA MAGLIANA;in corrispondenza;;del civico n.;63/E;;Tamponamento;Rettilineo;Una carreggiata a doppio senso;Asciutto;Asfaltata;Verticale ed orizzontale;Sereno;Normale;Buona;;0;0;0;4;12.46;41.8582;-1;1;Autovettura privata;In marcia / fermata / arresto;Passeggero;F;Illeso;0;;Non accertato;Inesploso
6097718;15;29/08/2022 12:15:00;Strada Urbana;VIA DELLA MAGLIANA;in corrispondenza;;del civico n.;63/E;;Tamponamento;Rettilineo;Una carreggiata a doppio senso;Asciutto;Asfaltata;Verticale ed orizzontale;Sereno;Normale;Buona;;0;0;0;4;12.46;41.8582;-1;1;Autovettura privata;In marcia / fermata / arresto;Passeggero;F;Illeso;0;;Non accertato;Inesploso
6097718;15;29/08/2022 12:15:00;Strada Urbana;VIA DELLA MAGLIANA;in corrispondenza;;del civico n.;63/E;;Tamponamento;Rettilineo;Una carreggiata a doppio senso;Asciutto;Asfaltata;Verticale ed orizzontale;Sereno;Normale;Buona;;0;0;0;4;12.46;41.8582;-1;2;Autovettura privata;In marcia / fermata / arresto;Conducente;M;Illeso;0;;Non accertato;Inesploso
6097762;10;29/08/2022 17:50:00;Strada Urbana;VIA SESTIO CALVINO;all'intersezione con;VIALE ANICIO GALLO;VIALE ANICIO GALLO;;;Scontro frontale/laterale DX fra veicoli in marcia;Intersezione stradale segnalata;Due carreggiate;Asciutto;Asfaltata;Verticale ed orizzontale;Sereno;Normale;Buona;;0;0;0;3;12.5639;41.8526;-1;1;Autovettura privata;In marcia / fermata / arresto;Conducente;M;Illeso;0;;Non accertato;Inesploso
6097762;10;29/08/2022 17:50:00;Strada Urbana;VIA SESTIO CALVINO;all'intersezione con;VIALE ANICIO GALLO;VIALE ANICIO GALLO;;;Scontro frontale/laterale DX fra veicoli in marcia;Intersezione stradale segnalata;Due carreggiate;Asciutto;Asfaltata;Verticale ed orizzontale;Sereno;Normale;Buona;;0;0;0;3;12.5639;41.8526;-1;2;Autovettura privata;In marcia / fermata / arresto;Conducente;M;Illeso;0;;Non accertato;Esploso
6097762;10;29/08/2022 17:50:00;Strada Urbana;VIA SESTIO CALVINO;all'intersezione con;VIALE ANICIO GALLO;VIALE ANICIO GALLO;;;Scontro frontale/laterale DX fra veicoli in marcia;Intersezione stradale segnalata;Due carreggiate;Asciutto;Asfaltata;Verticale ed orizzontale;Sereno;Normale;Buona;;0;0;0;3;12.5639;41.8526;-1;2;Autovettura privata;In marcia / fermata / arresto;Passeggero;F;Illeso;0;;Non accertato;Esploso
6097797;6;29/08/2022 18:30:00;Strada Urbana;PIAZZALE PRENESTINO;all'intersezione con;VIA RAIMONDO MONTECUCCOLI;VIA RAIMONDO MONTECUCCOLI;;;Scontro laterale fra veicoli in marcia;Incrocio;Una carreggiata a doppio senso;Asciutto;Asfaltata;Verticale ed orizzontale;Sereno;Normale;Buona;;0;0;0;3;12.5272;41.8914;-1;1;Autovettura privata;In marcia / fermata / arresto;Conducente;M;Illeso;0;;Non accertato;Inesploso
6097797;6;29/08/2022 18:30:00;Strada Urbana;PIAZZALE PRENESTINO;all'intersezione con;VIA RAIMONDO MONTECUCCOLI;VIA RAIMONDO MONTECUCCOLI;;;Scontro laterale fra veicoli in marcia;Incrocio;Una carreggiata a doppio senso;Asciutto;Asfaltata;Verticale ed orizzontale;Sereno;Normale;Buona;;0;0;0;3;12.5272;41.8914;-1;1;Autovettura privata;In marcia / fermata / arresto;Passeggero;M;Illeso;0;;;
6097797;6;29/08/2022 18:30:00;Strada Urbana;PIAZZALE PRENESTINO;all'intersezione con;VIA RAIMONDO MONTECUCCOLI;VIA RAIMONDO MONTECUCCOLI;;;Scontro laterale fra veicoli in marcia;Incrocio;Una carreggiata a doppio senso;Asciutto;Asfaltata;Verticale ed orizzontale;Sereno;Normale;Buona;;0;0;0;3;12.5272;41.8914;-1;2;Motociclo a solo;In marcia / fermata / arresto;Conducente;M;Illeso;0;;Non accertato;
6098033;11;30/08/2022 01:00:00;Strada Urbana;VIA CRISTOFORO COLOMBO;all'intersezione semaforizzata con;VIA PADRE SEMERIA;VIA PADRE SEMERIA;;;Tamponamento;Incrocio;Pi� di due carreggiate;Asciutto;Asfaltata;Verticale ed orizzontale;Sereno;Scarso;Buona;;0;0;0;5;12.4967;41.8657;-1;1;Autovettura privata;In marcia / fermata / arresto;Conducente;M;Illeso;0;;;
6098033;11;30/08/2022 01:00:00;Strada Urbana;VIA CRISTOFORO COLOMBO;all'intersezione semaforizzata con;VIA PADRE SEMERIA;VIA PADRE SEMERIA;;;Tamponamento;Incrocio;Pi� di due carreggiate;Asciutto;Asfaltata;Verticale ed orizzontale;Sereno;Scarso;Buona;;0;0;0;5;12.4967;41.8657;-1;1;Autovettura privata;In marcia / fermata / arresto;Passeggero;F;Illeso;0;;;
6098033;11;30/08/2022 01:00:00;Strada Urbana;VIA CRISTOFORO COLOMBO;all'intersezione semaforizzata con;VIA PADRE SEMERIA;VIA PADRE SEMERIA;;;Tamponamento;Incrocio;Pi� di due carreggiate;Asciutto;Asfaltata;Verticale ed orizzontale;Sereno;Scarso;Buona;;0;0;0;5;12.4967;41.8657;-1;1;Autovettura privata;In marcia / fermata / arresto;Passeggero;F;Illeso;0;;;
6098033;11;30/08/2022 01:00:00;Strada Urbana;VIA CRISTOFORO COLOMBO;all'intersezione semaforizzata con;VIA PADRE SEMERIA;VIA PADRE SEMERIA;;;Tamponamento;Incrocio;Pi� di due carreggiate;Asciutto;Asfaltata;Verticale ed orizzontale;Sereno;Scarso;Buona;;0;0;0;5;12.4967;41.8657;-1;1;Autovettura privata;In marcia / fermata / arresto;Passeggero;M;Illeso;0;;;
6098033;11;30/08/2022 01:00:00;Strada Urbana;VIA CRISTOFORO COLOMBO;all'intersezione semaforizzata con;VIA PADRE SEMERIA;VIA PADRE SEMERIA;;;Tamponamento;Incrocio;Pi� di due carreggiate;Asciutto;Asfaltata;Verticale ed orizzontale;Sereno;Scarso;Buona;;0;0;0;5;12.4967;41.8657;-1;2;Autovettura privata;In marcia / fermata / arresto;Conducente;M;Illeso;0;;;
6098075;12;29/08/2022 16:40:00;;VIA DI ACQUA ACETOSA OSTIENSE;in prossimit�;;del palo luce n.;44;;Scontro laterale fra veicoli in marcia;;;;;;;;;;0;0;0;0;;;0;;;;;;;;;;
6098076;12;29/08/2022 16:40:00;Strada Urbana;VIA DI ACQUA ACETOSA OSTIENSE;in prossimit�;;del palo luce n.;44;;Scontro laterale fra veicoli in marcia;Rettilineo;Una carreggiata a doppio senso;Asciutto;Asfaltata;Verticale ed orizzontale;Sereno;Normale;Buona;;0;0;0;2;12.4674;41.8048;-1;1;Velocipede;In marcia / fermata / arresto;Conducente;M;Illeso;0;;Esente;
6098076;12;29/08/2022 16:40:00;Strada Urbana;VIA DI ACQUA ACETOSA OSTIENSE;in prossimit�;;del palo luce n.;44;;Scontro laterale fra veicoli in marcia;Rettilineo;Una carreggiata a doppio senso;Asciutto;Asfaltata;Verticale ed orizzontale;Sereno;Normale;Buona;;0;0;0;2;12.4674;41.8048;-1;2;Autovettura privata;In marcia / fermata / arresto;Conducente;F;Illeso;0;;Utilizzato;Inesploso
6098077;12;29/08/2022 19:50:00;Strada Urbana;VIALE AFRICA;da specificare;;;;via Cristoforo Colombo;Veicolo in marcia contro veicolo in sosta;Rettilineo;Una carreggiata a doppio senso;Asciutto;Asfaltata;Verticale ed orizzontale;Sereno;Scarso;Buona;;0;0;0;2;12.4737;41.825;-1;1;Autovettura privata;In marcia / fermata / arresto;Conducente;M;Illeso;0;;Non accertato;Inesploso
6098077;12;29/08/2022 19:50:00;Strada Urbana;VIALE AFRICA;da specificare;;;;via Cristoforo Colombo;Veicolo in marcia contro veicolo in sosta;Rettilineo;Una carreggiata a doppio senso;Asciutto;Asfaltata;Verticale ed orizzontale;Sereno;Scarso;Buona;;0;0;0;2;12.4737;41.825;-1;1;Autovettura privata;In marcia / fermata / arresto;Passeggero;M;Illeso;0;;Non accertato;Inesploso
6098077;12;29/08/2022 19:50:00;Strada Urbana;VIALE AFRICA;da specificare;;;;via Cristoforo Colombo;Veicolo in marcia contro veicolo in sosta;Rettilineo;Una carreggiata a doppio senso;Asciutto;Asfaltata;Verticale ed orizzontale;Sereno;Scarso;Buona;;0;0;0;2;12.4737;41.825;-1;2;Autovettura privata;Sosta;;;;;;;
6098130;12;29/08/2022 16:30:00;Strada Urbana;VIA CASTEL GUELFO;in corrispondenza;;del civico n.;61;;Scontro frontale/laterale SX fra veicoli in marcia;Pendenza;Una carreggiata a doppio senso;Asciutto;Asfaltata;Verticale ed orizzontale;Sereno;Scarso;Buona;;0;0;0;2;12.4087;41.7925;-1;1;Autocarro inferiore 35 q.;In marcia / fermata / arresto;Conducente;M;Illeso;0;;;
6098130;12;29/08/2022 16:30:00;Strada Urbana;VIA CASTEL GUELFO;in corrispondenza;;del civico n.;61;;Scontro frontale/laterale SX fra veicoli in marcia;Pendenza;Una carreggiata a doppio senso;Asciutto;Asfaltata;Verticale ed orizzontale;Sereno;Scarso;Buona;;0;0;0;2;12.4087;41.7925;-1;2;Autovettura privata;In marcia / fermata / arresto;Conducente;F;Illeso;0;;;
6098130;12;29/08/2022 16:30:00;Strada Urbana;VIA CASTEL GUELFO;in corrispondenza;;del civico n.;61;;Scontro frontale/laterale SX fra veicoli in marcia;Pendenza;Una carreggiata a doppio senso;Asciutto;Asfaltata;Verticale ed orizzontale;Sereno;Scarso;Buona;;0;0;0;2;12.4087;41.7925;-1;3;Autovettura privata;Sosta;;;;;;;
6098149;20;29/08/2022 04:00:00;Provinciale;VIA TIBERINA;da specificare;;;;PROX pIAN DELL'oLMO;Veicolo in marcia contro animale;Rettilineo;Una carreggiata a doppio senso;Asciutto;Asfaltata;Verticale ed orizzontale;Sereno;Scarso;Insufficiente;;0;0;0;1;12.5051;42.0265;-1;1;Autovettura privata;In marcia / fermata / arresto;Conducente;M;Illeso;0;;;
6098152;19;29/08/2022 11:15:00;Strada Urbana;VIA TRIONFALE;all'intersezione con;VIALE MONFORTANI;VIALE MONFORTANI;;;Scontro laterale fra veicoli in marcia;Incrocio;Una carreggiata a senso unico di marcia;Asciutto;Asfaltata;Orizzontale;Sereno;Normale;Buona;;0;0;0;2;12.4248;41.9375;-1;1;Autovettura privata;In marcia / fermata / arresto;Conducente;F;Illeso;0;;;
6098152;19;29/08/2022 11:15:00;Strada Urbana;VIA TRIONFALE;all'intersezione con;VIALE MONFORTANI;VIALE MONFORTANI;;;Scontro laterale fra veicoli in marcia;Incrocio;Una carreggiata a senso unico di marcia;Asciutto;Asfaltata;Orizzontale;Sereno;Normale;Buona;;0;0;0;2;12.4248;41.9375;-1;2;Autovettura privata;In marcia / fermata / arresto;Conducente;M;Illeso;0;;;
6098161;5;29/08/2022 15:45:00;Strada Urbana;NUOVA CIRCONVALLAZIONE INTERNA;da specificare;;;;all'uscita Monti Tiburtini direzione S. Giovanni;Tamponamento;Curva a visuale libera;Una carreggiata a senso unico di marcia;Asciutto;Asfaltata;Orizzontale;Nuvoloso;Normale;Buona;;1;0;0;1;12.5275;41.9228;-1;1;Autovettura privata;In marcia / fermata / arresto;Conducente;M;Illeso;0;;Non accertato;Inesploso
6098161;5;29/08/2022 15:45:00;Strada Urbana;NUOVA CIRCONVALLAZIONE INTERNA;da specificare;;;;all'uscita Monti Tiburtini direzione S. Giovanni;Tamponamento;Curva a visuale libera;Una carreggiata a senso unico di marcia;Asciutto;Asfaltata;Orizzontale;Nuvoloso;Normale;Buona;;1;0;0;1;12.5275;41.9228;-1;2;Autovettura privata;In marcia / fermata / arresto;Conducente;M;Rimandato;0;NON DECEDUTO;Non accertato;Inesploso
6098164;1;29/08/2022 19:05:00;Strada Urbana;VIALE MARCO POLO;all'intersezione con;VIA CRISTOFORO COLOMBO;VIA CRISTOFORO COLOMBO;;;Investimento di pedone;Intersezione stradale segnalata;Una carreggiata a senso unico di marcia;Asciutto;Asfaltata;Verticale ed orizzontale;Sereno;Normale;Buona;;1;0;0;1;12.4825;41.8753;-1;;;;Pedone;F;Rimandato;0;NON DECEDUTO;;
6098164;1;29/08/2022 19:05:00;Strada Urbana;VIALE MARCO POLO;all'intersezione con;VIA CRISTOFORO COLOMBO;VIA CRISTOFORO COLOMBO;;;Investimento di pedone;Intersezione stradale segnalata;Una carreggiata a senso unico di marcia;Asciutto;Asfaltata;Verticale ed orizzontale;Sereno;Normale;Buona;;1;0;0;1;12.4825;41.8753;-1;1;Autovettura privata;In marcia / fermata / arresto;Conducente;F;Illeso;0;;Non accertato;Inesploso
6098166;20;29/08/2022 13:20:00;Strada Urbana;VIA GUARDISTALLO;all'intersezione con;VIA ROCCASTRADA;VIA ROCCASTRADA;;;Veicolo in marcia contro veicolo in sosta;Incrocio;Una carreggiata a senso unico di marcia;Asciutto;Asfaltata;Verticale ed orizzontale;Nuvoloso;Scarso;Buona;;0;0;0;0;12.4389;41.9769;-1;1;Autocarro inferiore 35 q.;Allontanatosi;;;;;;;
6098166;20;29/08/2022 13:20:00;Strada Urbana;VIA GUARDISTALLO;all'intersezione con;VIA ROCCASTRADA;VIA ROCCASTRADA;;;Veicolo in marcia contro veicolo in sosta;Incrocio;Una carreggiata a senso unico di marcia;Asciutto;Asfaltata;Verticale ed orizzontale;Nuvoloso;Scarso;Buona;;0;0;0;0;12.4389;41.9769;-1;2;Autovettura privata;Sosta;;;;;;;
6098169;19;29/08/2022 18:00:00;Strada Urbana;VIA DELLA PALMAROLA;in corrispondenza;;del civico n.;22;;Scontro frontale fra veicoli in marcia;Curva a visuale libera;Una carreggiata a doppio senso;Asciutto;Asfaltata;Verticale ed orizzontale;Sereno;Normale;Buona;;1;0;0;1;12.3859;41.9415;-1;1;Autovettura privata;In marcia / fermata / arresto;Conducente;M;Illeso;0;;Non accertato;Inesploso
6098169;19;29/08/2022 18:00:00;Strada Urbana;VIA DELLA PALMAROLA;in corrispondenza;;del civico n.;22;;Scontro frontale fra veicoli in marcia;Curva a visuale libera;Una carreggiata a doppio senso;Asciutto;Asfaltata;Verticale ed orizzontale;Sereno;Normale;Buona;;1;0;0;1;12.3859;41.9415;-1;2;Motociclo a solo;In marcia / fermata / arresto;Conducente;F;Rimandato;0;NON DECEDUTO;Non accertato;
6098172;5;29/08/2022 16:00:00;Strada Urbana;NUOVA CIRCONVALLAZIONE INTERNA;da specificare;;;;dir. S.Giovanni dopo Batteria Nomentana;Tamponamento Multiplo;Rettilineo;Una carreggiata a senso unico di marcia;Asciutto;Asfaltata;Orizzontale;Sereno;Intenso;Buona;;0;0;0;6;12.5276;41.9257;-1;1;Autovettura privata;In marcia / fermata / arresto;Conducente;M;Illeso;0;;Non accertato;Inesploso
6098172;5;29/08/2022 16:00:00;Strada Urbana;NUOVA CIRCONVALLAZIONE INTERNA;da specificare;;;;dir. S.Giovanni dopo Batteria Nomentana;Tamponamento Multiplo;Rettilineo;Una carreggiata a senso unico di marcia;Asciutto;Asfaltata;Orizzontale;Sereno;Intenso;Buona;;0;0;0;6;12.5276;41.9257;-1;2;Autovettura privata;In marcia / fermata / arresto;Conducente;M;Illeso;0;;Non accertato;Inesploso
6098172;5;29/08/2022 16:00:00;Strada Urbana;NUOVA CIRCONVALLAZIONE INTERNA;da specificare;;;;dir. S.Giovanni dopo Batteria Nomentana;Tamponamento Multiplo;Rettilineo;Una carreggiata a senso unico di marcia;Asciutto;Asfaltata;Orizzontale;Sereno;Intenso;Buona;;0;0;0;6;12.5276;41.9257;-1;2;Autovettura privata;In marcia / fermata / arresto;Passeggero;F;Illeso;0;;Non accertato;Inesploso
6098172;5;29/08/2022 16:00:00;Strada Urbana;NUOVA CIRCONVALLAZIONE INTERNA;da specificare;;;;dir. S.Giovanni dopo Batteria Nomentana;Tamponamento Multiplo;Rettilineo;Una carreggiata a senso unico di marcia;Asciutto;Asfaltata;Orizzontale;Sereno;Intenso;Buona;;0;0;0;6;12.5276;41.9257;-1;3;Autocarro inferiore 35 q.;In marcia / fermata / arresto;Conducente;M;Illeso;0;;Non accertato;Inesploso
6098172;5;29/08/2022 16:00:00;Strada Urbana;NUOVA CIRCONVALLAZIONE INTERNA;da specificare;;;;dir. S.Giovanni dopo Batteria Nomentana;Tamponamento Multiplo;Rettilineo;Una carreggiata a senso unico di marcia;Asciutto;Asfaltata;Orizzontale;Sereno;Intenso;Buona;;0;0;0;6;12.5276;41.9257;-1;3;Autocarro inferiore 35 q.;In marcia / fermata / arresto;Passeggero;M;Illeso;0;;Non accertato;Inesploso
6098172;5;29/08/2022 16:00:00;Strada Urbana;NUOVA CIRCONVALLAZIONE INTERNA;da specificare;;;;dir. S.Giovanni dopo Batteria Nomentana;Tamponamento Multiplo;Rettilineo;Una carreggiata a senso unico di marcia;Asciutto;Asfaltata;Orizzontale;Sereno;Intenso;Buona;;0;0;0;6;12.5276;41.9257;-1;3;Autocarro inferiore 35 q.;In marcia / fermata / arresto;Passeggero;M;Illeso;0;;Non accertato;Inesploso
6098178;1;29/08/2022 14:50:00;Strada Urbana;VIA CAVOUR;in corrispondenza;;del civico n.;51;;Scontro laterale fra veicoli in marcia;Rettilineo;Una carreggiata a doppio senso;Asciutto;Asfaltata;Verticale ed orizzontale;Sereno;Normale;Buona;;4;0;0;2;12.4994;41.9005;-1;1;Autovettura privata;In marcia / fermata / arresto;Conducente;M;Rifiuta cure immediate;0;NON DECEDUTO;Non accertato;Inesploso
6098178;1;29/08/2022 14:50:00;Strada Urbana;VIA CAVOUR;in corrispondenza;;del civico n.;51;;Scontro laterale fra veicoli in marcia;Rettilineo;Una carreggiata a doppio senso;Asciutto;Asfaltata;Verticale ed orizzontale;Sereno;Normale;Buona;;4;0;0;2;12.4994;41.9005;-1;1;Autovettura privata;In marcia / fermata / arresto;Passeggero;M;Rimandato;0;NON DECEDUTO;Non accertato;Inesploso
6098178;1;29/08/2022 14:50:00;Strada Urbana;VIA CAVOUR;in corrispondenza;;del civico n.;51;;Scontro laterale fra veicoli in marcia;Rettilineo;Una carreggiata a doppio senso;Asciutto;Asfaltata;Verticale ed orizzontale;Sereno;Normale;Buona;;4;0;0;2;12.4994;41.9005;-1;2;Autovettura privata;In marcia / fermata / arresto;Conducente;F;Illeso;0;;Non accertato;Inesploso
6098178;1;29/08/2022 14:50:00;Strada Urbana;VIA CAVOUR;in corrispondenza;;del civico n.;51;;Scontro laterale fra veicoli in marcia;Rettilineo;Una carreggiata a doppio senso;Asciutto;Asfaltata;Verticale ed orizzontale;Sereno;Normale;Buona;;4;0;0;2;12.4994;41.9005;-1;2;Autovettura privata;In marcia / fermata / arresto;Passeggero;F;Illeso;0;;Non accertato;Inesploso
6098178;1;29/08/2022 14:50:00;Strada Urbana;VIA CAVOUR;in corrispondenza;;del civico n.;51;;Scontro laterale fra veicoli in marcia;Rettilineo;Una carreggiata a doppio senso;Asciutto;Asfaltata;Verticale ed orizzontale;Sereno;Normale;Buona;;4;0;0;2;12.4994;41.9005;-1;2;Autovettura privata;In marcia / fermata / arresto;Passeggero;M;Rifiuta cure immediate;0;NON DECEDUTO;Non accertato;Inesistente
6098178;1;29/08/2022 14:50:00;Strada Urbana;VIA CAVOUR;in corrispondenza;;del civico n.;51;;Scontro laterale fra veicoli in marcia;Rettilineo;Una carreggiata a doppio senso;Asciutto;Asfaltata;Verticale ed orizzontale;Sereno;Normale;Buona;;4;0;0;2;12.4994;41.9005;-1;3;Autocarro inferiore 35 q.;In marcia / fermata / arresto;Conducente;M;Ricoverato;0;NON DECEDUTO;Non accertato;Inesploso
6098184;20;29/08/2022 09:15:00;Strada Urbana;VIA ANGUILLARESE;in corrispondenza;;del civico n.;60;;Veicolo in marcia contro veicolo in sosta;Rettilineo;Una carreggiata a doppio senso;Asciutto;Asfaltata;Verticale ed orizzontale;Sereno;Normale;Sufficiente;;0;0;0;1;12.311;42.0378;-1;1;Autovettura privata;In marcia / fermata / arresto;Conducente;M;Illeso;0;;Non accertato;Inesploso
6098184;20;29/08/2022 09:15:00;Strada Urbana;VIA ANGUILLARESE;in corrispondenza;;del civico n.;60;;Veicolo in marcia contro veicolo in sosta;Rettilineo;Una carreggiata a doppio senso;Asciutto;Asfaltata;Verticale ed orizzontale;Sereno;Normale;Sufficiente;;0;0;0;1;12.311;42.0378;-1;2;Autocarro superiore 35 q.;Sosta;;;;;;;
6098188;10;29/08/2022 17:40:00;Strada Urbana;CIRCONVALLAZIONE TUSCOLANA;all'intersezione semaforizzata con;VIA TUSCOLANA;VIA TUSCOLANA;;;Scontro laterale fra veicoli in marcia;Intersezione semaforizzata;Due carreggiate;Asciutto;Asfaltata;Verticale ed orizzontale;Sereno;Normale;Buona;;0;0;0;3;12.5699;41.8523;-1;1;Autocarro inferiore 35 q.;In marcia / fermata / arresto;Conducente;M;Illeso;0;;Non accertato;Inesploso
6098188;10;29/08/2022 17:40:00;Strada Urbana;CIRCONVALLAZIONE TUSCOLANA;all'intersezione semaforizzata con;VIA TUSCOLANA;VIA TUSCOLANA;;;Scontro laterale fra veicoli in marcia;Intersezione semaforizzata;Due carreggiate;Asciutto;Asfaltata;Verticale ed orizzontale;Sereno;Normale;Buona;;0;0;0;3;12.5699;41.8523;-1;1;Autocarro inferiore 35 q.;In marcia / fermata / arresto;Passeggero;M;Illeso;0;;Non accertato;Inesploso