Protocollo;Gruppo;DataOraIncidente;Localizzazione1;STRADA1;Localizzazione2;STRADA2;Strada02;Chilometrica;DaSpecificare;NaturaIncidente;particolaritastrade;TipoStrada;FondoStradale;Pavimentazione;Segnaletica;CondizioneAtmosferica;Traffico;Visibilita;Illuminazione;NUM_FERITI;NUM_RISERVATA;NUM_MORTI;NUM_ILLESI;Longitude;Latitude;Confermato;Progressivo;TipoVeicolo;StatoVeicolo;TipoPersona;Sesso;Tipolesione;Deceduto;DecedutoDopo;CinturaCascoUtilizzato;Airbag;
6099986;16;30/08/2022 18:15:00;Strada Urbana;VIA SILVESTRI;in corrispondenza;;del palo luce n.; fc 86 ;;Veicolo in marcia contro veicolo in sosta;Curva a visuale libera;Una carreggiata a doppio senso;Asciutto;Asfaltata;Verticale ed orizzontale;Sereno;Normale;Buona;;0;0;0;3;12.4324;41.8778;-1;2;Autovettura privata;In marcia / fermata / arresto;Passeggero;F;Illeso;0;;Non accertato;Inesploso
6099986;16;30/08/2022 18:15:00;Strada Urbana;VIA SILVESTRI;in corrispondenza;;del palo luce n.; fc 86 ;;Veicolo in marcia contro veicolo in sosta;Curva a visuale libera;Una carreggiata a doppio senso;Asciutto;Asfaltata;Verticale ed orizzontale;Sereno;Normale;Buona;;0;0;0;3;12.4324;41.8778;-1;2;Autovettura privata;In marcia / fermata / arresto;Passeggero;M;Illeso;0;;Non accertato;Inesploso
6099998;16;30/08/2022 10:30:00;Strada Urbana;VIA DI DONNA OLIMPIA;in corrispondenza;;del civico n.;45;;Veicolo in marcia contro veicolo in sosta;Rettilineo;Una carreggiata a doppio senso;Asciutto;Asfaltata;Verticale ed orizzontale;Sereno;Normale;Buona;;0;0;0;1;12.4533;41.8772;-1;1;Autovettura privata;In marcia / fermata / arresto;Conducente;M;Illeso;0;;Non accertato;Inesploso
6099998;16;30/08/2022 10:30:00;Strada Urbana;VIA DI DONNA OLIMPIA;in corrispondenza;;del civico n.;45;;Veicolo in marcia contro veicolo in sosta;Rettilineo;Una carreggiata a doppio senso;Asciutto;Asfaltata;Verticale ed orizzontale;Sereno;Normale;Buona;;0;0;0;1;12.4533;41.8772;-1;2;Autovettura privata;Sosta;;;;;;;
6100011;16;31/08/2022 00:45:00;Strada Urbana;VIA GIAMBATTISTA PAGANO;in corrispondenza;;del civico n.;4;;Veicolo in marcia contro veicoli in sosta;Rettilineo;Una carreggiata a senso unico di marcia;Asciutto;Asfaltata;Verticale ed orizzontale;Sereno;Scarso;Sufficiente;;0;0;0;1;12.4255;41.9015;-1;1;Autovettura privata;In marcia / fermata / arresto;Conducente;M;Illeso;0;;;
6100011;16;31/08/2022 00:45:00;Strada Urbana;VIA GIAMBATTISTA PAGANO;in corrispondenza;;del civico n.;4;;Veicolo in marcia contro veicoli in sosta;Rettilineo;Una carreggiata a senso unico di marcia;Asciutto;Asfaltata;Verticale ed orizzontale;Sereno;Scarso;Sufficiente;;0;0;0;1;12.4255;41.9015;-1;2;Autovettura privata;Sosta;;;;;;;
6100011;16;31/08/2022 00:45:00;Strada Urbana;VIA GIAMBATTISTA PAGANO;in corrispondenza;;del civico n.;4;;Veicolo in marcia contro veicoli in sosta;Rettilineo;Una carreggiata a senso unico di marcia;Asciutto;Asfaltata;Verticale ed orizzontale;Sereno;Scarso;Sufficiente;;0;0;0;1;12.4255;41.9015;-1;3;Autovettura privata;Sosta;;;;;;;
6100038;12;31/08/2022 10:15:00;Strada Urbana;VIA CINA;in prossimit�;;del civico n.;450;;Scontro frontale/laterale DX fra veicoli in marcia;Rettilineo;Una carreggiata a doppio senso;Asciutto;Asfaltata;Verticale ed orizzontale;Sereno;Normale;Buona;;0;0;0;2;12.4321;41.8087;-1;1;Autovettura privata;In marcia / fermata / arresto;Conducente;F;Illeso;0;;;
6100038;12;31/08/2022 10:15:00;Strada Urbana;VIA CINA;in prossimit�;;del civico n.;450;;Scontro frontale/laterale DX fra veicoli in marcia;Rettilineo;Una carreggiata a doppio senso;Asciutto;Asfaltata;Verticale ed orizzontale;Sereno;Normale;Buona;;0;0;0;2;12.4321;41.8087;-1;2;Autovettura privata;In marcia / fermata / arresto;Conducente;F;Illeso;0;;;
6100048;6;31/08/2022 10:50:00;Strada Urbana;VIALE DELLA STAZIONE PRENESTINA;in corrispondenza;;del civico n.;7;;Veicolo in marcia contro veicolo fermo;Rettilineo;Due carreggiate;Asciutto;Asfaltata;Verticale ed orizzontale;Sereno;Scarso;Buona;;0;0;0;1;12.5466;41.8936;-1;1;Velocipede;Allontanatosi;;;;;;;
6100048;6;31/08/2022 10:50:00;Strada Urbana;VIALE DELLA STAZIONE PRENESTINA;in corrispondenza;;del civico n.;7;;Veicolo in marcia contro veicolo fermo;Rettilineo;Due carreggiate;Asciutto;Asfaltata;Verticale ed orizzontale;Sereno;Scarso;Buona;;0;0;0;1;12.5466;41.8936;-1;2;Autovettura privata;In marcia / fermata / arresto;Conducente;F;Illeso;0;;Non accertato;Inesploso
6100055;15;31/08/2022 11:35:00;Strada Urbana;VIA DI AFFOGALASINO;da specificare;;;;prossimit� civico 123;Tamponamento;Rettilineo;Una carreggiata a doppio senso;Asciutto;Asfaltata;Verticale ed orizzontale;Sereno;Scarso;Buona;;0;0;0;3;12.4352;41.8585;-1;1;Autocarro inferiore 35 q.;In marcia / fermata / arresto;Conducente;M;Illeso;0;;Non accertato;Inesploso
6100055;15;31/08/2022 11:35:00;Strada Urbana;VIA DI AFFOGALASINO;da specificare;;;;prossimit� civico 123;Tamponamento;Rettilineo;Una carreggiata a doppio senso;Asciutto;Asfaltata;Verticale ed orizzontale;Sereno;Scarso;Buona;;0;0;0;3;12.4352;41.8585;-1;2;Autovettura privata;In marcia / fermata / arresto;Conducente;F;Illeso;0;;Non accertato;Inesploso
6100055;15;31/08/2022 11:35:00;Strada Urbana;VIA DI AFFOGALASINO;da specificare;;;;prossimit� civico 123;Tamponamento;Rettilineo;Una carreggiata a doppio senso;Asciutto;Asfaltata;Verticale ed orizzontale;Sereno;Scarso;Buona;;0;0;0;3;12.4352;41.8585;-1;2;Autovettura privata;In marcia / fermata / arresto;Passeggero;F;Illeso;0;;Non accertato;Inesploso
6100068;16;30/08/2022 16:40:00;Strada Urbana;CIRCONVALLAZIONE GIANICOLENSE;in prossimit�;;del civico n.;F.C. 154;;Tamponamento Multiplo;Rettilineo;Una carreggiata a senso unico di marcia;Asciutto;Asfaltata;Orizzontale;Sereno;Scarso;Buona;;1;0;0;4;12.4496;41.8725;-1;1;Autovettura privata;In marcia / fermata / arresto;Conducente;F;Illeso;0;;Non accertato;
6100068;16;30/08/2022 16:40:00;Strada Urbana;CIRCONVALLAZIONE GIANICOLENSE;in prossimit�;;del civico n.;F.C. 154;;Tamponamento Multiplo;Rettilineo;Una carreggiata a senso unico di marcia;Asciutto;Asfaltata;Orizzontale;Sereno;Scarso;Buona;;1;0;0;4;12.4496;41.8725;-1;1;Autovettura privata;In marcia / fermata / arresto;Passeggero;F;Illeso;0;;Non accertato;
6100068;16;30/08/2022 16:40:00;Strada Urbana;CIRCONVALLAZIONE GIANICOLENSE;in prossimit�;;del civico n.;F.C. 154;;Tamponamento Multiplo;Rettilineo;Una carreggiata a senso unico di marcia;Asciutto;Asfaltata;Orizzontale;Sereno;Scarso;Buona;;1;0;0;4;12.4496;41.8725;-1;2;Autovettura privata;In marcia / fermata / arresto;Conducente;M;Illeso;0;;Non accertato;
6100068;16;30/08/2022 16:40:00;Strada Urbana;CIRCONVALLAZIONE GIANICOLENSE;in prossimit�;;del civico n.;F.C. 154;;Tamponamento Multiplo;Rettilineo;Una carreggiata a senso unico di marcia;Asciutto;Asfaltata;Orizzontale;Sereno;Scarso;Buona;;1;0;0;4;12.4496;41.8725;-1;2;Autovettura privata;In marcia / fermata / arresto;Passeggero;F;Rimandato;0;NON DECEDUTO;Non accertato;
6100068;16;30/08/2022 16:40:00;Strada Urbana;CIRCONVALLAZIONE GIANICOLENSE;in prossimit�;;del civico n.;F.C. 154;;Tamponamento Multiplo;Rettilineo;Una carreggiata a senso unico di marcia;Asciutto;Asfaltata;Orizzontale;Sereno;Scarso;Buona;;1;0;0;4;12.4496;41.8725;-1;3;Autovettura privata;In marcia / fermata / arresto;Conducente;M;Illeso;0;;Non utilizzato;
6100077;9;31/08/2022 12:25:00;Strada Urbana;VIA MONDRAGONE;all'intersezione con;VIA SERMONETA;VIA SERMONETA;;;Scontro frontale/laterale SX fra veicoli in marcia;Intersezione stradale segnalata;Una carreggiata a doppio senso;Asciutto;Asfaltata;Verticale ed orizzontale;Sereno;Normale;Buona;;1;0;0;2;12.5318;41.8667;-1;1;Autovettura privata;In marcia / fermata / arresto;Conducente;M;Illeso;0;;Non accertato;Inesploso
6100077;9;31/08/2022 12:25:00;Strada Urbana;VIA MONDRAGONE;all'intersezione con;VIA SERMONETA;VIA SERMONETA;;;Scontro frontale/laterale SX fra veicoli in marcia;Intersezione stradale segnalata;Una carreggiata a doppio senso;Asciutto;Asfaltata;Verticale ed orizzontale;Sereno;Normale;Buona;;1;0;0;2;12.5318;41.8667;-1;1;Autovettura privata;In marcia / fermata / arresto;Passeggero;F;Illeso;0;;Non accertato;Inesploso
6100077;9;31/08/2022 12:25:00;Strada Urbana;VIA MONDRAGONE;all'intersezione con;VIA SERMONETA;VIA SERMONETA;;;Scontro frontale/laterale SX fra veicoli in marcia;Intersezione stradale segnalata;Una carreggiata a doppio senso;Asciutto;Asfaltata;Verticale ed orizzontale;Sereno;Normale;Buona;;1;0;0;2;12.5318;41.8667;-1;2;Motociclo a solo;In marcia / fermata / arresto;Conducente;M;Rimandato;0;NON DECEDUTO;Non accertato;
6100103;16;30/08/2022 11:20:00;Strada Urbana;CIRCONVALLAZIONE GIANICOLENSE;in corrispondenza;;del civico n.;323;;Scontro laterale fra veicoli in marcia;Rettilineo;Pi� di due carreggiate;Asciutto;Asfaltata;Verticale ed orizzontale;Sereno;Normale;Buona;;1;0;0;1;12.4408;41.8772;-1;1;Motociclo a solo;In marcia / fermata / arresto;Conducente;M;Rimandato;0;NON DECEDUTO;Non accertato;
6100103;16;30/08/2022 11:20:00;Strada Urbana;CIRCONVALLAZIONE GIANICOLENSE;in corrispondenza;;del civico n.;323;;Scontro laterale fra veicoli in marcia;Rettilineo;Pi� di due carreggiate;Asciutto;Asfaltata;Verticale ed orizzontale;Sereno;Normale;Buona;;1;0;0;1;12.4408;41.8772;-1;2;Autobus urbano;In marcia / fermata / arresto;Conducente;M;Illeso;0;;Non accertato;
6100110;5;31/08/2022 10:55:00;Strada Urbana;VIA DI PORTONACCIO;da specificare;;;;pross. Ponte Ferrovia, dir. Prenestina;Scontro laterale fra veicoli in marcia;Rettilineo;Due carreggiate;Asciutto;Asfaltata;Assente;Sereno;Normale;Buona;;1;0;0;2;12.5406;41.8969;0;1;Ciclomotore;In marcia / fermata / arresto;Conducente;F;Rimandato;0;NON DECEDUTO;Non accertato;
6100110;5;31/08/2022 10:55:00;Strada Urbana;VIA DI PORTONACCIO;da specificare;;;;pross. Ponte Ferrovia, dir. Prenestina;Scontro laterale fra veicoli in marcia;Rettilineo;Due carreggiate;Asciutto;Asfaltata;Assente;Sereno;Normale;Buona;;1;0;0;2;12.5406;41.8969;0;2;Autovettura privata;In marcia / fermata / arresto;Conducente;M;Illeso;0;;Non accertato;Inesploso
6100110;5;31/08/2022 10:55:00;Strada Urbana;VIA DI PORTONACCIO;da specificare;;;;pross. Ponte Ferrovia, dir. Prenestina;Scontro laterale fra veicoli in marcia;Rettilineo;Due carreggiate;Asciutto;Asfaltata;Assente;Sereno;Normale;Buona;;1;0;0;2;12.5406;41.8969;0;2;Autovettura privata;In marcia / fermata / arresto;Passeggero;M;Illeso;0;;;
6100129;1;31/08/2022 08:40:00;Strada Urbana;CORSO D'ITALIA;all'intersezione semaforizzata con;VIA CAMPANIA;VIA CAMPANIA;;;Tamponamento;Intersezione semaforizzata;Una carreggiata a doppio senso;Asciutto;Asfaltata;Verticale ed orizzontale;Sereno;Normale;Buona;;1;0;0;1;12.4909;41.9098;-1;1;Motociclo a solo;In marcia / fermata / arresto;Conducente;M;Illeso;0;;;
6100129;1;31/08/2022 08:40:00;Strada Urbana;CORSO D'ITALIA;all'intersezione semaforizzata con;VIA CAMPANIA;VIA CAMPANIA;;;Tamponamento;Intersezione semaforizzata;Una carreggiata a doppio senso;Asciutto;Asfaltata;Verticale ed orizzontale;Sereno;Normale;Buona;;1;0;0;1;12.4909;41.9098;-1;2;Bicicletta elettrica;In marcia / fermata / arresto;Conducente;M;Rimandato;0;NON DECEDUTO;;
6100142;7;31/08/2022 12:00:00;Strada Urbana;LARGO FEDERICO DELPINO;in corrispondenza;;del civico n.;6;;Veicolo in marcia contro veicoli in sosta;Rettilineo;Una carreggiata a doppio senso;Asciutto;Asfaltata;Verticale ed orizzontale;Sereno;Normale;Buona;;0;0;0;1;12.5623;41.8912;-1;1;Autovettura privata;In marcia / fermata / arresto;Conducente;M;Illeso;0;;;
6100142;7;31/08/2022 12:00:00;Strada Urbana;LARGO FEDERICO DELPINO;in corrispondenza;;del civico n.;6;;Veicolo in marcia contro veicoli in sosta;Rettilineo;Una carreggiata a doppio senso;Asciutto;Asfaltata;Verticale ed orizzontale;Sereno;Normale;Buona;;0;0;0;1;12.5623;41.8912;-1;2;Autovettura privata;Sosta;;;;;;;
6100142;7;31/08/2022 12:00:00;Strada Urbana;LARGO FEDERICO DELPINO;in corrispondenza;;del civico n.;6;;Veicolo in marcia contro veicoli in sosta;Rettilineo;Una carreggiata a doppio senso;Asciutto;Asfaltata;Verticale ed orizzontale;Sereno;Normale;Buona;;0;0;0;1;12.5623;41.8912;-1;3;Autovettura privata;Sosta;;;;;;;
6100142;7;31/08/2022 12:00:00;Strada Urbana;LARGO FEDERICO DELPINO;in corrispondenza;;del civico n.;6;;Veicolo in marcia contro veicoli in sosta;Rettilineo;Una carreggiata a doppio senso;Asciutto;Asfaltata;Verticale ed orizzontale;Sereno;Normale;Buona;;0;0;0;1;12.5623;41.8912;-1;4;Autovettura privata;Sosta;;;;;;;
6100142;7;31/08/2022 12:00:00;Strada Urbana;LARGO FEDERICO DELPINO;in corrispondenza;;del civico n.;6;;Veicolo in marcia contro veicoli in sosta;Rettilineo;Una carreggiata a doppio senso;Asciutto;Asfaltata;Verticale ed orizzontale;Sereno;Normale;Buona;;0;0;0;1;12.5623;41.8912;-1;5;Autocarro inferiore 35 q.;Sosta;;;;;;;
6100142;7;31/08/2022 12:00:00;Strada Urbana;LARGO FEDERICO DELPINO;in corrispondenza;;del civico n.;6;;Veicolo in marcia contro veicoli in sosta;Rettilineo;Una carreggiata a doppio senso;Asciutto;Asfaltata;Verticale ed orizzontale;Sereno;Normale;Buona;;0;0;0;1;12.5623;41.8912;-1;6;Autovettura privata;Sosta;;;;;;;
6100142;7;31/08/2022 12:00:00;Strada Urbana;LARGO FEDERICO DELPINO;in corrispondenza;;del civico n.;6;;Veicolo in marcia contro veicoli in sosta;Rettilineo;Una carreggiata a doppio senso;Asciutto;Asfaltata;Verticale ed orizzontale;Sereno;Normale;Buona;;0;0;0;1;12.5623;41.8912;-1;7;Autovettura pubblica;Sosta;;;;;;;
6100156;1;31/08/2022 09:20:00;Strada Urbana;VIA DELLA GRECA;in corrispondenza;;del civico n.;12;;Tamponamento;Rettilineo;Una carreggiata a doppio senso;Asciutto;Asfaltata;Verticale ed orizzontale;Sereno;Intenso;Buona;;0;0;0;3;12.4813;41.8877;-1;1;Autovettura privata;In marcia / fermata / arresto;Conducente;M;Illeso;0;;;
6100156;1;31/08/2022 09:20:00;Strada Urbana;VIA DELLA GRECA;in corrispondenza;;del civico n.;12;;Tamponamento;Rettilineo;Una carreggiata a doppio senso;Asciutto;Asfaltata;Verticale ed orizzontale;Sereno;Intenso;Buona;;0;0;0;3;12.4813;41.8877;-1;1;Autovettura privata;In marcia / fermata / arresto;Passeggero;F;Illeso;0;;;
6100156;1;31/08/2022 09:20:00;Strada Urbana;VIA DELLA GRECA;in corrispondenza;;del civico n.;12;;Tamponamento;Rettilineo;Una carreggiata a doppio senso;Asciutto;Asfaltata;Verticale ed orizzontale;Sereno;Intenso;Buona;;0;0;0;3;12.4813;41.8877;-1;2;Autovettura privata;In marcia / fermata / arresto;Conducente;M;Illeso;0;;;
6100210;1;30/08/2022 17:30:00;Strada Urbana;PIAZZALE OSTIENSE;all'intersezione con;VIALE GIOTTO;VIALE GIOTTO;;;Scontro frontale/laterale DX fra veicoli in marcia;Incrocio;Una carreggiata a senso unico di marcia;Asciutto;Asfaltata;Verticale ed orizzontale;Sereno;Normale;Buona;;1;0;0;1;12.482;41.8767;-1;1;Autovettura privata;In marcia / fermata / arresto;Conducente;M;Illeso;0;;Non accertato;Inesploso
6100210;1;30/08/2022 17:30:00;Strada Urbana;PIAZZALE OSTIENSE;all'intersezione con;VIALE GIOTTO;VIALE GIOTTO;;;Scontro frontale/laterale DX fra veicoli in marcia;Incrocio;Una carreggiata a senso unico di marcia;Asciutto;Asfaltata;Verticale ed orizzontale;Sereno;Normale;Buona;;1;0;0;1;12.482;41.8767;-1;2;Monopattino elettrico;In marcia / fermata / arresto;Conducente;M;Rimandato;0;NON DECEDUTO;;
6100231;1;30/08/2022 12:30:00;Strada Urbana;VIA DEL GIANICOLO;in corrispondenza;;del palo luce n.;1;;Scontro laterale fra veicoli in marcia;Rettilineo;Una carreggiata a doppio senso;Asciutto;Asfaltata;Verticale ed orizzontale;Sereno;Normale;Buona;;0;0;0;3;12.461;41.8978;-1;1;Autovettura privata;In marcia / fermata / arresto;Conducente;M;Illeso;0;;Non accertato;Inesploso
6100231;1;30/08/2022 12:30:00;Strada Urbana;VIA DEL GIANICOLO;in corrispondenza;;del palo luce n.;1;;Scontro laterale fra veicoli in marcia;Rettilineo;Una carreggiata a doppio senso;Asciutto;Asfaltata;Verticale ed orizzontale;Sereno;Normale;Buona;;0;0;0;3;12.461;41.8978;-1;1;Autovettura privata;In marcia / fermata / arresto;Passeggero;M;Illeso;0;;;
6100231;1;30/08/2022 12:30:00;Strada Urbana;VIA DEL GIANICOLO;in corrispondenza;;del palo luce n.;1;;Scontro laterale fra veicoli in marcia;Rettilineo;Una carreggiata a doppio senso;Asciutto;Asfaltata;Verticale ed orizzontale;Sereno;Normale;Buona;;0;0;0;3;12.461;41.8978;-1;2;Autovettura privata;In marcia / fermata / arresto;Conducente;F;Illeso;0;;Non accertato;Inesploso
6100386;10;31/08/2022 17:40:00;Strada Urbana;VIA TUSCOLANA;all'intersezione semaforizzata con;VIA VITTORIO OCCORSIO;VIA VITTORIO OCCORSIO;;;Tamponamento Multiplo;Intersezione semaforizzata;Pi� di due carreggiate;Asciutto;Asfaltata;Verticale ed orizzontale;Sereno;Normale;Buona;;0;0;0;4;12.5789;41.8464;-1;1;Autovettura privata;Allontanatosi;;;;;;;
6100386;10;31/08/2022 17:40:00;Strada Urbana;VIA TUSCOLANA;all'intersezione semaforizzata con;VIA VITTORIO OCCORSIO;VIA VITTORIO OCCORSIO;;;Tamponamento Multiplo;Intersezione semaforizzata;Pi� di due carreggiate;Asciutto;Asfaltata;Verticale ed orizzontale;Sereno;Normale;Buona;;0;0;0;4;12.5789;41.8464;-1;2;Autovettura privata;In marcia / fermata / arresto;Conducente;M;Illeso;0;;Non accertato;Inesploso
6100386;10;31/08/2022 17:40:00;Strada Urbana;VIA TUSCOLANA;all'intersezione semaforizzata con;VIA VITTORIO OCCORSIO;VIA VITTORIO OCCORSIO;;;Tamponamento Multiplo;Intersezione semaforizzata;Pi� di due carreggiate;Asciutto;Asfaltata;Verticale ed orizzontale;Sereno;Normale;Buona;;0;0;0;4;12.5789;41.8464;-1;2;Autovettura privata;In marcia / fermata / arresto;Passeggero;M;Illeso;0;;Non accertato;Inesploso
6100386;10;31/08/2022 17:40:00;Strada Urbana;VIA TUSCOLANA;all'intersezione semaforizzata con;VIA VITTORIO OCCORSIO;VIA VITTORIO OCCORSIO;;;Tamponamento Multiplo;Intersezione semaforizzata;Pi� di due carreggiate;Asciutto;Asfaltata;Verticale ed orizzontale;Sereno;Normale;Buona;;0;0;0;4;12.5789;41.8464;-1;3;Autovettura privata;In marcia / fermata / arresto;Conducente;F;Illeso;0;;Non accertato;Inesploso
6100386;10;31/08/2022 17:40:00;Strada Urbana;VIA TUSCOLANA;all'intersezione semaforizzata con;VIA VITTORIO OCCORSIO;VIA VITTORIO OCCORSIO;;;Tamponamento Multiplo;Intersezione semaforizzata;Pi� di due carreggiate;Asciutto;Asfaltata;Verticale ed orizzontale;Sereno;Normale;Buona;;0;0;0;4;12.5789;41.8464;-1;3;Autovettura privata;In marcia / fermata / arresto;Passeggero;M;Illeso;0;;Non accertato;Inesploso
6100408;7;31/08/2022 15:50:00;Strada Urbana;VIA MOLFETTA;all'intersezione con;VIALE PALMIRO TOGLIATTI;VIALE PALMIRO TOGLIATTI;;;Tamponamento;Intersezione semaforizzata;Una carreggiata a doppio senso;Asciutto;Asfaltata;Verticale ed orizzontale;Nuvoloso;Normale;Buona;;1;0;0;3;12.5775;41.89;-1;1;Autovettura privata;In marcia / fermata / arresto;Conducente;M;Rimandato;0;NON DECEDUTO;;
6100408;7;31/08/2022 15:50:00;Strada Urbana;VIA MOLFETTA;all'intersezione con;VIALE PALMIRO TOGLIATTI;VIALE PALMIRO TOGLIATTI;;;Tamponamento;Intersezione semaforizzata;Una carreggiata a doppio senso;Asciutto;Asfaltata;Verticale ed orizzontale;Nuvoloso;Normale;Buona;;1;0;0;3;12.5775;41.89;-1;1;Autovettura privata;In marcia / fermata / arresto;Passeggero;M;Illeso;0;;;
6100408;7;31/08/2022 15:50:00;Strada Urbana;VIA MOLFETTA;all'intersezione con;VIALE PALMIRO TOGLIATTI;VIALE PALMIRO TOGLIATTI;;;Tamponamento;Intersezione semaforizzata;Una carreggiata a doppio senso;Asciutto;Asfaltata;Verticale ed orizzontale;Nuvoloso;Normale;Buona;;1;0;0;3;12.5775;41.89;-1;2;Autocarro inferiore 35 q.;In marcia / fermata / arresto;Conducente;M;Illeso;0;;;
6100408;7;31/08/2022 15:50:00;Strada Urbana;VIA MOLFETTA;all'intersezione con;VIALE PALMIRO TOGLIATTI;VIALE PALMIRO TOGLIATTI;;;Tamponamento;Intersezione semaforizzata;Una carreggiata a doppio senso;Asciutto;Asfaltata;Verticale ed orizzontale;Nuvoloso;Normale;Buona;;1;0;0;3;12.5775;41.89;-1;2;Autocarro inferiore 35 q.;In marcia / fermata / arresto;Passeggero;M;Illeso;0;;;
6100505;1;31/08/2022 15:30:00;Strada Urbana;VIA DELLA GATTA;all'intersezione con;PIAZZA GRAZIOLI;PIAZZA GRAZIOLI;;;Scontro laterale fra veicoli in marcia;Intersezione stradale segnalata;Una carreggiata a senso unico di marcia;Asciutto;In cubetti di porfido;Verticale ed orizzontale;Nuvoloso;Scarso;Buona;;0;0;0;2;12.4805;41.8971;-1;1;Autovettura privata;In marcia / fermata / arresto;Conducente;M;Illeso;0;;;
6100505;1;31/08/2022 15:30:00;Strada Urbana;VIA DELLA GATTA;all'intersezione con;PIAZZA GRAZIOLI;PIAZZA GRAZIOLI;;;Scontro laterale fra veicoli in marcia;Intersezione stradale segnalata;Una carreggiata a senso unico di marcia;Asciutto;In cubetti di porfido;Verticale ed orizzontale;Nuvoloso;Scarso;Buona;;0;0;0;2;12.4805;41.8971;-1;2;Autovettura privata;In marcia / fermata / arresto;Conducente;M;Illeso;0;;;
6100506;7;31/08/2022 19:30:00;Strada Urbana;VIA MARISA BELLISARIO;da specificare;;;;rotatoria uscita GRA;Veicolo in marcia contro ostacolo accidentale;Rotatoria;Una carreggiata a senso unico di marcia;Asciutto;Asfaltata;Orizzontale;Sereno;Scarso;Buona;;1;0;0;0;12.61;41.8828;-1;1;Motociclo a solo;In marcia / fermata / arresto;Conducente;M;Rimandato;0;NON DECEDUTO;Non accertato;
6100514;1;31/08/2022 19:15:00;Strada Urbana;VIA MERULANA;all'intersezione con;VIA MACHIAVELLI;VIA MACHIAVELLI;;;Scontro laterale fra veicoli in marcia;Intersezione stradale segnalata;Una carreggiata a doppio senso;Asciutto;Asfaltata;Verticale ed orizzontale;Sereno;Normale;Sufficiente;;1;0;0;1;12.502;41.8918;-1;1;Motociclo a solo;In marcia / fermata / arresto;Conducente;F;Rimandato;0;NON DECEDUTO;Non accertato;
6100514;1;31/08/2022 19:15:00;Strada Urbana;VIA MERULANA;all'intersezione con;VIA MACHIAVELLI;VIA MACHIAVELLI;;;Scontro laterale fra veicoli in marcia;Intersezione stradale segnalata;Una carreggiata a doppio senso;Asciutto;Asfaltata;Verticale ed orizzontale;Sereno;Normale;Sufficiente;;1;0;0;1;12.502;41.8918;-1;2;Motociclo a solo;In marcia / fermata / arresto;Conducente;M;Illeso;0;;Non accertato;
6100719;9;31/08/2022 18:20:00;Strada Urbana;VIA CAMILLA;all'intersezione con;VIA MUZIO SCEVOLA;VIA MUZIO SCEVOLA;;;Tamponamento;Incrocio;Una carreggiata a senso unico di marcia;Asciutto;Asfaltata;Verticale ed orizzontale;Nuvoloso;Normale;Buona;;1;0;0;1;12.5251;41.8751;-1;1;Autovettura privata;In marcia / fermata / arresto;Conducente;F;Illeso;0;;Non accertato;Inesploso
6100719;9;31/08/2022 18:20:00;Strada Urbana;VIA CAMILLA;all'intersezione con;VIA MUZIO SCEVOLA;VIA MUZIO SCEVOLA;;;Tamponamento;Incrocio;Una carreggiata a senso unico di marcia;Asciutto;Asfaltata;Verticale ed orizzontale;Nuvoloso;Normale;Buona;;1;0;0;1;12.5251;41.8751;-1;2;Autovettura privata;In marcia / fermata / arresto;Conducente;M;Rimandato;0;NON DECEDUTO;Non accertato;Inesploso
6100746;12;31/08/2022 23:55:00;Strada Urbana;VIALE CAMILLO SABATINI;in prossimit�;;del palo luce n.;4;;Veicolo in marcia contro ostacolo accidentale;Rettilineo;Una carreggiata a doppio senso;Asciutto;Asfaltata;Verticale ed orizzontale;Sereno;Scarso;Sufficiente;;0;0;0;1;12.4406;41.8186;-1;1;Autobus di linea;In marcia / fermata / arresto;Conducente;M;Illeso;0;;Utilizzato;Inesploso
6100751;1;31/08/2022 23:00:00;Strada Urbana;VIA MARSALA;da specificare;;;;...;Investimento di pedone;Rettilineo;Una carreggiata a senso unico di marcia;Asciutto;Asfaltata;Verticale ed orizzontale;Nuvoloso;Scarso;Sufficiente;;1;0;0;0;12.5046;41.901;0;;;;Pedone;M;Rimandato;0;NON DECEDUTO;;
6100751;1;31/08/2022 23:00:00;Strada Urbana;VIA MARSALA;da specificare;;;;...;Investimento di pedone;Rettilineo;Una carreggiata a senso unico di marcia;Asciutto;Asfaltata;Verticale ed orizzontale;Nuvoloso;Scarso;Sufficiente;;1;0;0;0;12.5046;41.901;0;1;Altro;Allontanatosi;;;;;;;
6100777;5;31/08/2022 08:40:00;Strada Urbana;VIA DEI DURANTINI;all'intersezione semaforizzata con;VIA DEI MONTI TIBURTINI;VIA DEI MONTI TIBURTINI;;;Scontro frontale/laterale SX fra veicoli in marcia;Incrocio;Una carreggiata a doppio senso;Asciutto;Asfaltata;Verticale ed orizzontale;Sereno;Normale;Buona;;1;0;0;1;12.543;41.9171;0;1;Motociclo a solo;In marcia / fermata / arresto;Conducente;F;Rimandato;0;NON DECEDUTO;Non accertato;