Protocollo;Gruppo;DataOraIncidente;Localizzazione1;STRADA1;Localizzazione2;STRADA2;Strada02;Chilometrica;DaSpecificare;NaturaIncidente;particolaritastrade;TipoStrada;FondoStradale;Pavimentazione;Segnaletica;CondizioneAtmosferica;Traffico;Visibilita;Illuminazione;NUM_FERITI;NUM_RISERVATA;NUM_MORTI;NUM_ILLESI;Longitude;Latitude;Confermato;Progressivo;TipoVeicolo;StatoVeicolo;TipoPersona;Sesso;Tipolesione;Deceduto;DecedutoDopo;CinturaCascoUtilizzato;Airbag;
6100777;5;31/08/2022 08:40:00;Strada Urbana;VIA DEI DURANTINI;all'intersezione semaforizzata con;VIA DEI MONTI TIBURTINI;VIA DEI MONTI TIBURTINI;;;Scontro frontale/laterale SX fra veicoli in marcia;Incrocio;Una carreggiata a doppio senso;Asciutto;Asfaltata;Verticale ed orizzontale;Sereno;Normale;Buona;;1;0;0;1;12.543;41.9171;0;2;Motociclo a solo;In marcia / fermata / arresto;Conducente;M;Illeso;0;;Non accertato;
6100787;5;31/08/2022 18:30:00;Strada Urbana;VIA DI GROTTA DI GREGNA;all'intersezione con;VIA AUGUSTO MAMMUCARI;VIA AUGUSTO MAMMUCARI;;;Scontro frontale/laterale DX fra veicoli in marcia;Incrocio;Una carreggiata a doppio senso;Asciutto;Asfaltata;Verticale ed orizzontale;Sereno;Scarso;Buona;;0;0;0;2;12.564;41.9161;-1;1;Autovettura privata;In marcia / fermata / arresto;Conducente;M;Illeso;0;;Non accertato;Inesploso
6100787;5;31/08/2022 18:30:00;Strada Urbana;VIA DI GROTTA DI GREGNA;all'intersezione con;VIA AUGUSTO MAMMUCARI;VIA AUGUSTO MAMMUCARI;;;Scontro frontale/laterale DX fra veicoli in marcia;Incrocio;Una carreggiata a doppio senso;Asciutto;Asfaltata;Verticale ed orizzontale;Sereno;Scarso;Buona;;0;0;0;2;12.564;41.9161;-1;2;Autovettura privata;In marcia / fermata / arresto;Conducente;M;Illeso;0;;Non accertato;Inesploso
6100803;20;31/08/2022 16:35:00;Strada Urbana;VIA CASSIA;in corrispondenza;;del civico n.;1144;;Veicolo in marcia contro veicolo in sosta;Rettilineo;Una carreggiata a doppio senso;Asciutto;Asfaltata;Verticale ed orizzontale;Sereno;Intenso;Buona;;0;0;0;1;12.4199;41.9793;-1;1;Autocarro superiore 35 q.;In marcia / fermata / arresto;Conducente;M;Illeso;0;;;
6100803;20;31/08/2022 16:35:00;Strada Urbana;VIA CASSIA;in corrispondenza;;del civico n.;1144;;Veicolo in marcia contro veicolo in sosta;Rettilineo;Una carreggiata a doppio senso;Asciutto;Asfaltata;Verticale ed orizzontale;Sereno;Intenso;Buona;;0;0;0;1;12.4199;41.9793;-1;2;Autovettura privata;Sosta;;;;;;;
6100810;10;31/08/2022 17:35:00;Strada Urbana;CIRCONVALLAZIONE ORIENTALE;da specificare;;;;prossimit� via R. B. BANDINELLI;Tamponamento;Cavalcavia;Una carreggiata a senso unico di marcia;Asciutto;Asfaltata;Verticale ed orizzontale;Sereno;Normale;Buona;;0;0;0;2;12.581;41.8222;-1;1;Autovettura privata;In marcia / fermata / arresto;Conducente;M;Illeso;0;;Non accertato;Inesploso
6100810;10;31/08/2022 17:35:00;Strada Urbana;CIRCONVALLAZIONE ORIENTALE;da specificare;;;;prossimit� via R. B. BANDINELLI;Tamponamento;Cavalcavia;Una carreggiata a senso unico di marcia;Asciutto;Asfaltata;Verticale ed orizzontale;Sereno;Normale;Buona;;0;0;0;2;12.581;41.8222;-1;2;Autovettura privata;In marcia / fermata / arresto;Conducente;M;Illeso;0;;Non accertato;Inesploso
6100822;12;31/08/2022 18:00:00;Strada Urbana;VIA CRISTOFORO COLOMBO;da specificare;;;;in prox P.le Nazioni Unite car. centrale dir.Roma;Tamponamento Multiplo;Rettilineo;Pi� di due carreggiate;Asciutto;Asfaltata;Verticale ed orizzontale;Sereno;Normale;Buona;;0;0;0;5;12.4721;41.8358;-1;1;Autovettura privata;In marcia / fermata / arresto;Conducente;M;Illeso;0;;Utilizzato;Inesploso
6100822;12;31/08/2022 18:00:00;Strada Urbana;VIA CRISTOFORO COLOMBO;da specificare;;;;in prox P.le Nazioni Unite car. centrale dir.Roma;Tamponamento Multiplo;Rettilineo;Pi� di due carreggiate;Asciutto;Asfaltata;Verticale ed orizzontale;Sereno;Normale;Buona;;0;0;0;5;12.4721;41.8358;-1;2;Autovettura privata;In marcia / fermata / arresto;Conducente;F;Illeso;0;;Utilizzato;Inesploso
6100822;12;31/08/2022 18:00:00;Strada Urbana;VIA CRISTOFORO COLOMBO;da specificare;;;;in prox P.le Nazioni Unite car. centrale dir.Roma;Tamponamento Multiplo;Rettilineo;Pi� di due carreggiate;Asciutto;Asfaltata;Verticale ed orizzontale;Sereno;Normale;Buona;;0;0;0;5;12.4721;41.8358;-1;3;Autovettura privata;In marcia / fermata / arresto;Conducente;F;Illeso;0;;Utilizzato;Inesploso
6100822;12;31/08/2022 18:00:00;Strada Urbana;VIA CRISTOFORO COLOMBO;da specificare;;;;in prox P.le Nazioni Unite car. centrale dir.Roma;Tamponamento Multiplo;Rettilineo;Pi� di due carreggiate;Asciutto;Asfaltata;Verticale ed orizzontale;Sereno;Normale;Buona;;0;0;0;5;12.4721;41.8358;-1;3;Autovettura privata;In marcia / fermata / arresto;Passeggero;M;Illeso;0;;Utilizzato;Inesploso
6100822;12;31/08/2022 18:00:00;Strada Urbana;VIA CRISTOFORO COLOMBO;da specificare;;;;in prox P.le Nazioni Unite car. centrale dir.Roma;Tamponamento Multiplo;Rettilineo;Pi� di due carreggiate;Asciutto;Asfaltata;Verticale ed orizzontale;Sereno;Normale;Buona;;0;0;0;5;12.4721;41.8358;-1;3;Autovettura privata;In marcia / fermata / arresto;Passeggero;M;Illeso;0;;Utilizzato;Inesploso
6100837;12;31/08/2022 17:20:00;Strada Urbana;VIA OSTIENSE;da specificare;;;;altezza centro squadre Roma autostrade;Scontro frontale/laterale SX fra veicoli in marcia;Rettilineo;Una carreggiata a doppio senso;Asciutto;Asfaltata;Verticale ed orizzontale;Sereno;Normale;Buona;;1;0;0;1;12.4229;41.8109;-1;1;Motociclo a solo;In marcia / fermata / arresto;Conducente;M;Rimandato;0;NON DECEDUTO;Utilizzato;
6100837;12;31/08/2022 17:20:00;Strada Urbana;VIA OSTIENSE;da specificare;;;;altezza centro squadre Roma autostrade;Scontro frontale/laterale SX fra veicoli in marcia;Rettilineo;Una carreggiata a doppio senso;Asciutto;Asfaltata;Verticale ed orizzontale;Sereno;Normale;Buona;;1;0;0;1;12.4229;41.8109;-1;2;Autovettura privata;In marcia / fermata / arresto;Conducente;F;Illeso;0;;Utilizzato;Inesploso
6100840;20;31/08/2022 23:20:00;Provinciale;VIA TIBERINA;in corrispondenza;;del civico n.;259;;Veicolo in marcia contro animale;Rettilineo;Una carreggiata a doppio senso;Asciutto;Asfaltata;Orizzontale;Sereno;Normale;Sufficiente;;0;0;0;1;12.5022;42.0114;-1;2;Autovettura privata;In marcia / fermata / arresto;Conducente;M;Illeso;0;;Non accertato;Inesploso
6100862;19;31/08/2022 07:30:00;Strada Urbana;PIAZZA DELLA BALDUINA;da specificare;;;;f.te civ. 67;Veicolo in marcia contro veicolo in sosta;Rotatoria;Una carreggiata a senso unico di marcia;Asciutto;Asfaltata;Verticale ed orizzontale;Sereno;Scarso;Buona;;0;0;0;2;12.4416;41.9193;-1;1;Autocarro inferiore 35 q.;Sosta;Passeggero;M;Illeso;0;;Non accertato;Inesploso
6100862;19;31/08/2022 07:30:00;Strada Urbana;PIAZZA DELLA BALDUINA;da specificare;;;;f.te civ. 67;Veicolo in marcia contro veicolo in sosta;Rotatoria;Una carreggiata a senso unico di marcia;Asciutto;Asfaltata;Verticale ed orizzontale;Sereno;Scarso;Buona;;0;0;0;2;12.4416;41.9193;-1;2;Autocarro superiore 35 q.;In marcia / fermata / arresto;Conducente;M;Illeso;0;;Non accertato;Inesploso
6100927;17;28/08/2022 11:00:00;Strada Urbana;PIAZZA DEL PARLAMENTO;da specificare;;;;FRONTE CIVICO 3;Scontro laterale fra veicoli in marcia;Rettilineo;Una carreggiata a doppio senso;Asciutto;In cubetti di porfido;Verticale ed orizzontale;Sereno;Scarso;Buona;;0;0;0;3;12.4784;41.9024;0;1;Autovettura privata;In marcia / fermata / arresto;Conducente;M;Illeso;0;;;
6100927;17;28/08/2022 11:00:00;Strada Urbana;PIAZZA DEL PARLAMENTO;da specificare;;;;FRONTE CIVICO 3;Scontro laterale fra veicoli in marcia;Rettilineo;Una carreggiata a doppio senso;Asciutto;In cubetti di porfido;Verticale ed orizzontale;Sereno;Scarso;Buona;;0;0;0;3;12.4784;41.9024;0;1;Autovettura privata;In marcia / fermata / arresto;Passeggero;M;Illeso;0;;;
6100927;17;28/08/2022 11:00:00;Strada Urbana;PIAZZA DEL PARLAMENTO;da specificare;;;;FRONTE CIVICO 3;Scontro laterale fra veicoli in marcia;Rettilineo;Una carreggiata a doppio senso;Asciutto;In cubetti di porfido;Verticale ed orizzontale;Sereno;Scarso;Buona;;0;0;0;3;12.4784;41.9024;0;2;Autovettura di polizia;In marcia / fermata / arresto;Conducente;F;Illeso;0;;;
6100972;17;29/08/2022 19:00:00;Strada Urbana;VIA MONTE SANTO;all'intersezione con;VIA SABOTINO;VIA SABOTINO;;;Scontro frontale/laterale SX fra veicoli in marcia;Incrocio;Una carreggiata a senso unico di marcia;Asciutto;Asfaltata;Verticale ed orizzontale;Sereno;Normale;Buona;;0;0;0;2;12.4601;41.9171;-1;1;Autovettura privata;In marcia / fermata / arresto;Conducente;F;Illeso;0;;;
6100972;17;29/08/2022 19:00:00;Strada Urbana;VIA MONTE SANTO;all'intersezione con;VIA SABOTINO;VIA SABOTINO;;;Scontro frontale/laterale SX fra veicoli in marcia;Incrocio;Una carreggiata a senso unico di marcia;Asciutto;Asfaltata;Verticale ed orizzontale;Sereno;Normale;Buona;;0;0;0;2;12.4601;41.9171;-1;2;Autovettura privata;In marcia / fermata / arresto;Conducente;M;Illeso;0;;;
6101024;17;30/08/2022 16:00:00;Strada Urbana;VIALE GIUSEPPE MAZZINI;all'intersezione con;VIA FULCIERI PAULUCCI DE CALBOLI;VIA FULCIERI PAULUCCI DE CALBOLI;;;Scontro frontale/laterale SX fra veicoli in marcia;Incrocio;Una carreggiata a senso unico di marcia;Asciutto;Asfaltata;Verticale ed orizzontale;Sereno;Normale;Buona;;2;0;0;0;12.4626;41.9158;-1;1;Motociclo a solo;In marcia / fermata / arresto;Conducente;M;Rimandato;0;NON DECEDUTO;;
6101024;17;30/08/2022 16:00:00;Strada Urbana;VIALE GIUSEPPE MAZZINI;all'intersezione con;VIA FULCIERI PAULUCCI DE CALBOLI;VIA FULCIERI PAULUCCI DE CALBOLI;;;Scontro frontale/laterale SX fra veicoli in marcia;Incrocio;Una carreggiata a senso unico di marcia;Asciutto;Asfaltata;Verticale ed orizzontale;Sereno;Normale;Buona;;2;0;0;0;12.4626;41.9158;-1;2;Motociclo a solo;In marcia / fermata / arresto;Conducente;M;Rimandato;0;NON DECEDUTO;Non accertato;
6101129;17;30/08/2022 09:20:00;Strada Urbana;VIALE DEI BASTIONI DI MICHELANGELO;all'intersezione con;VIALE VATICANO;VIALE VATICANO;;;Infortunio per sola frenata improvvisa;Incrocio;Una carreggiata a doppio senso;Asciutto;Asfaltata;Assente;Sereno;Normale;Buona;;1;0;0;1;12.4558;41.9065;0;1;Motociclo a solo;In marcia / fermata / arresto;Conducente;M;Rimandato;0;NON DECEDUTO;;
6101129;17;30/08/2022 09:20:00;Strada Urbana;VIALE DEI BASTIONI DI MICHELANGELO;all'intersezione con;VIALE VATICANO;VIALE VATICANO;;;Infortunio per sola frenata improvvisa;Incrocio;Una carreggiata a doppio senso;Asciutto;Asfaltata;Assente;Sereno;Normale;Buona;;1;0;0;1;12.4558;41.9065;0;1;Motociclo a solo;In marcia / fermata / arresto;Passeggero;F;Illeso;0;;;
6101237;23;31/08/2022 08:40:00;Strada Urbana;PIAZZALE OSTIENSE;in corrispondenza;;del civico n.;6;;Tamponamento Multiplo;Rettilineo;Una carreggiata a senso unico di marcia;Asciutto;Asfaltata;Orizzontale;Sereno;Normale;Buona;;1;0;0;2;12.4825;41.8759;-1;1;Autovettura privata;In marcia / fermata / arresto;Conducente;M;Rimandato;0;NON DECEDUTO;Non accertato;Inesploso
6101237;23;31/08/2022 08:40:00;Strada Urbana;PIAZZALE OSTIENSE;in corrispondenza;;del civico n.;6;;Tamponamento Multiplo;Rettilineo;Una carreggiata a senso unico di marcia;Asciutto;Asfaltata;Orizzontale;Sereno;Normale;Buona;;1;0;0;2;12.4825;41.8759;-1;2;Autovettura privata;In marcia / fermata / arresto;Conducente;M;Illeso;0;;Non accertato;Inesploso
6101237;23;31/08/2022 08:40:00;Strada Urbana;PIAZZALE OSTIENSE;in corrispondenza;;del civico n.;6;;Tamponamento Multiplo;Rettilineo;Una carreggiata a senso unico di marcia;Asciutto;Asfaltata;Orizzontale;Sereno;Normale;Buona;;1;0;0;2;12.4825;41.8759;-1;3;Autocarro inferiore 35 q.;In marcia / fermata / arresto;Conducente;F;Illeso;0;;Non accertato;Inesploso
6101326;16;31/08/2022 08:40:00;;VIA CESARE PASCARELLA;in prossimit�;;del civico n.;25;;Scontro frontale fra veicoli in marcia;;;;;;;;;;0;0;0;2;12.4666;41.877;0;1;Motociclo a solo;In marcia / fermata / arresto;Conducente;;Illeso;0;;;
6101326;16;31/08/2022 08:40:00;;VIA CESARE PASCARELLA;in prossimit�;;del civico n.;25;;Scontro frontale fra veicoli in marcia;;;;;;;;;;0;0;0;2;12.4666;41.877;0;2;Autovettura privata;In marcia / fermata / arresto;Conducente;F;Illeso;0;;;
6101349;16;31/08/2022 14:50:00;;VIA DI VAL TELLINA;in corrispondenza;;del civico n.;83;;Scontro frontale/laterale DX fra veicoli in marcia;;;;;;;;;;1;0;0;1;12.4475;41.8679;0;1;Autovettura privata;In marcia / fermata / arresto;Conducente;M;Illeso;0;;;
6101349;16;31/08/2022 14:50:00;;VIA DI VAL TELLINA;in corrispondenza;;del civico n.;83;;Scontro frontale/laterale DX fra veicoli in marcia;;;;;;;;;;1;0;0;1;12.4475;41.8679;0;2;Motociclo a solo;In marcia / fermata / arresto;Conducente;M;Rifiuta cure immediate;0;NON DECEDUTO;;
6102274;17;31/08/2022 13:55:00;Strada Urbana;VIA FULCIERI PAULUCCI DE CALBOLI;all'intersezione con;VIA SABOTINO;VIA SABOTINO;;;Scontro frontale/laterale SX fra veicoli in marcia;Incrocio;Una carreggiata a doppio senso;Asciutto;Asfaltata;Verticale ed orizzontale;Sereno;Scarso;Buona;;0;0;0;3;12.4614;41.9163;-1;1;Autocarro inferiore 35 q.;In marcia / fermata / arresto;Conducente;M;Illeso;0;;;
6102274;17;31/08/2022 13:55:00;Strada Urbana;VIA FULCIERI PAULUCCI DE CALBOLI;all'intersezione con;VIA SABOTINO;VIA SABOTINO;;;Scontro frontale/laterale SX fra veicoli in marcia;Incrocio;Una carreggiata a doppio senso;Asciutto;Asfaltata;Verticale ed orizzontale;Sereno;Scarso;Buona;;0;0;0;3;12.4614;41.9163;-1;1;Autocarro inferiore 35 q.;In marcia / fermata / arresto;Passeggero;M;Illeso;0;;;
6102274;17;31/08/2022 13:55:00;Strada Urbana;VIA FULCIERI PAULUCCI DE CALBOLI;all'intersezione con;VIA SABOTINO;VIA SABOTINO;;;Scontro frontale/laterale SX fra veicoli in marcia;Incrocio;Una carreggiata a doppio senso;Asciutto;Asfaltata;Verticale ed orizzontale;Sereno;Scarso;Buona;;0;0;0;3;12.4614;41.9163;-1;2;Autovettura privata;In marcia / fermata / arresto;Conducente;M;Illeso;0;;;
6102312;17;31/08/2022 15:45:00;Strada Urbana;VIA TRIONFALE;da specificare;;;;fronte via dei Cavalieri di Vittorio Veneto;Scontro laterale fra veicoli in marcia;Rettilineo;Una carreggiata a doppio senso;Asciutto;Asfaltata;Verticale ed orizzontale;Nuvoloso;Normale;Buona;;1;0;0;2;12.4229;41.9409;-1;1;Motociclo a solo;In marcia / fermata / arresto;Conducente;M;Illeso;0;;;
6102312;17;31/08/2022 15:45:00;Strada Urbana;VIA TRIONFALE;da specificare;;;;fronte via dei Cavalieri di Vittorio Veneto;Scontro laterale fra veicoli in marcia;Rettilineo;Una carreggiata a doppio senso;Asciutto;Asfaltata;Verticale ed orizzontale;Nuvoloso;Normale;Buona;;1;0;0;2;12.4229;41.9409;-1;2;Motociclo a solo;In marcia / fermata / arresto;Conducente;M;Illeso;0;;;
6102312;17;31/08/2022 15:45:00;Strada Urbana;VIA TRIONFALE;da specificare;;;;fronte via dei Cavalieri di Vittorio Veneto;Scontro laterale fra veicoli in marcia;Rettilineo;Una carreggiata a doppio senso;Asciutto;Asfaltata;Verticale ed orizzontale;Nuvoloso;Normale;Buona;;1;0;0;2;12.4229;41.9409;-1;2;Motociclo a solo;In marcia / fermata / arresto;Passeggero;F;Rimandato;0;NON DECEDUTO;;
6102381;17;31/08/2022 16:00:00;;LUNGOTEVERE VATICANO;in corrispondenza;;del civico n.;1;;Scontro laterale fra veicoli in marcia;;;;;;;;;;0;0;0;1;12.4635;41.9019;0;1;Autovettura privata;In marcia / fermata / arresto;Conducente;M;Illeso;0;;;
6102381;17;31/08/2022 16:00:00;;LUNGOTEVERE VATICANO;in corrispondenza;;del civico n.;1;;Scontro laterale fra veicoli in marcia;;;;;;;;;;0;0;0;1;12.4635;41.9019;0;2;Autovettura privata;In marcia / fermata / arresto;Conducente;;Illeso;0;;;
6102397;17;31/08/2022 19:05:00;;VIA DELLA CAMILLUCCIA;in corrispondenza;;del civico n.;6;;Tamponamento;;;;;;;;;;1;0;0;1;12.4463;41.9288;0;1;Autovettura privata;In marcia / fermata / arresto;Conducente;M;Rimandato;0;NON DECEDUTO;;
6102397;17;31/08/2022 19:05:00;;VIA DELLA CAMILLUCCIA;in corrispondenza;;del civico n.;6;;Tamponamento;;;;;;;;;;1;0;0;1;12.4463;41.9288;0;2;Autovettura privata;In marcia / fermata / arresto;Conducente;M;Rimandato;0;NON DECEDUTO;;
6102427;19;31/08/2022 07:50:00;Strada Urbana;VIA VERGINIA TONELLI;in corrispondenza;;del civico n.;46;;Scontro frontale/laterale DX fra veicoli in marcia;Rettilineo;Una carreggiata a doppio senso;Asciutto;Asfaltata;Assente;Sereno;Normale;Buona;;0;0;0;2;12.3782;41.9441;-1;1;Autovettura privata;In marcia / fermata / arresto;Conducente;F;Illeso;0;;Non accertato;Inesploso
6102427;19;31/08/2022 07:50:00;Strada Urbana;VIA VERGINIA TONELLI;in corrispondenza;;del civico n.;46;;Scontro frontale/laterale DX fra veicoli in marcia;Rettilineo;Una carreggiata a doppio senso;Asciutto;Asfaltata;Assente;Sereno;Normale;Buona;;0;0;0;2;12.3782;41.9441;-1;2;Autovettura privata;In marcia / fermata / arresto;Conducente;M;Illeso;0;;Non accertato;Inesploso
6102428;3;31/08/2022 12:30:00;;tangenziale / est dir. salaria;da specificare;;;;altezza lampipone acea 38;Tamponamento;;;;;;;;;;0;0;0;2;;;0;1;Autovettura privata;In marcia / fermata / arresto;Conducente;M;Illeso;0;;;
6102428;3;31/08/2022 12:30:00;;tangenziale / est dir. salaria;da specificare;;;;altezza lampipone acea 38;Tamponamento;;;;;;;;;;0;0;0;2;;;0;2;Autovettura privata;In marcia / fermata / arresto;Conducente;F;Illeso;0;;;
6102453;17;31/08/2022 20:45:00;Strada Urbana;PIAZZA GIUSEPPE MAZZINI;da specificare;;;;presso fronte civico 1;Scontro frontale/laterale DX fra veicoli in marcia;Rettilineo;Una carreggiata a senso unico di marcia;Asciutto;Asfaltata;Verticale ed orizzontale;Sereno;Normale;Sufficiente;;0;0;0;3;12.4641;41.9161;-1;1;Autovettura privata;In marcia / fermata / arresto;Conducente;M;Illeso;0;;;
6102453;17;31/08/2022 20:45:00;Strada Urbana;PIAZZA GIUSEPPE MAZZINI;da specificare;;;;presso fronte civico 1;Scontro frontale/laterale DX fra veicoli in marcia;Rettilineo;Una carreggiata a senso unico di marcia;Asciutto;Asfaltata;Verticale ed orizzontale;Sereno;Normale;Sufficiente;;0;0;0;3;12.4641;41.9161;-1;2;Quadriciclo leggero;In marcia / fermata / arresto;Conducente;M;Illeso;0;;;
6102453;17;31/08/2022 20:45:00;Strada Urbana;PIAZZA GIUSEPPE MAZZINI;da specificare;;;;presso fronte civico 1;Scontro frontale/laterale DX fra veicoli in marcia;Rettilineo;Una carreggiata a senso unico di marcia;Asciutto;Asfaltata;Verticale ed orizzontale;Sereno;Normale;Sufficiente;;0;0;0;3;12.4641;41.9161;-1;2;Quadriciclo leggero;In marcia / fermata / arresto;Passeggero;F;Illeso;0;;;
6102470;17;31/08/2022 22:00:00;Strada Urbana;VIA LUCREZIO CARO;all'intersezione con;VIA GIUSEPPE GIOACHINO BELLI;VIA GIUSEPPE GIOACHINO BELLI;;;Scontro frontale/laterale SX fra veicoli in marcia;Intersezione stradale segnalata;Una carreggiata a senso unico di marcia;Asciutto;Asfaltata;Verticale ed orizzontale;Sereno;Scarso;Sufficiente;;0;0;0;2;12.4697;41.9076;-1;1;Autovettura privata;In marcia / fermata / arresto;Conducente;M;Illeso;0;;Non accertato;
6102470;17;31/08/2022 22:00:00;Strada Urbana;VIA LUCREZIO CARO;all'intersezione con;VIA GIUSEPPE GIOACHINO BELLI;VIA GIUSEPPE GIOACHINO BELLI;;;Scontro frontale/laterale SX fra veicoli in marcia;Intersezione stradale segnalata;Una carreggiata a senso unico di marcia;Asciutto;Asfaltata;Verticale ed orizzontale;Sereno;Scarso;Sufficiente;;0;0;0;2;12.4697;41.9076;-1;2;Autovettura privata;In marcia / fermata / arresto;Conducente;F;Illeso;0;;Non accertato;
6102477;17;31/08/2022 11:00:00;Strada Urbana;VIA CICERONE;all'intersezione con;VIA ENNIO QUIRINO VISCONTI;VIA ENNIO QUIRINO VISCONTI;;;Scontro frontale/laterale DX fra veicoli in marcia;Incrocio;Una carreggiata a doppio senso;Asciutto;Asfaltata;Verticale ed orizzontale;Sereno;Normale;Buona;;1;0;0;1;12.4686;41.9072;-1;1;Autocarro inferiore 35 q.;In marcia / fermata / arresto;Conducente;M;Illeso;0;;;
6102477;17;31/08/2022 11:00:00;Strada Urbana;VIA CICERONE;all'intersezione con;VIA ENNIO QUIRINO VISCONTI;VIA ENNIO QUIRINO VISCONTI;;;Scontro frontale/laterale DX fra veicoli in marcia;Incrocio;Una carreggiata a doppio senso;Asciutto;Asfaltata;Verticale ed orizzontale;Sereno;Normale;Buona;;1;0;0;1;12.4686;41.9072;-1;2;Motociclo a solo;In marcia / fermata / arresto;Conducente;M;Rimandato;0;NON DECEDUTO;;
6102513;5;27/08/2022 23:55:00;Strada Urbana;VIA TIBURTINA;in prossimit�;;del civico n.;994;;Tamponamento;Rettilineo;Due carreggiate;Asciutto;Asfaltata;Orizzontale;Sereno;Scarso;Sufficiente;;0;0;0;3;12.5765;41.9285;-1;1;Autovettura privata;In marcia / fermata / arresto;Conducente;M;Illeso;0;;Non accertato;
6102513;5;27/08/2022 23:55:00;Strada Urbana;VIA TIBURTINA;in prossimit�;;del civico n.;994;;Tamponamento;Rettilineo;Due carreggiate;Asciutto;Asfaltata;Orizzontale;Sereno;Scarso;Sufficiente;;0;0;0;3;12.5765;41.9285;-1;2;Autovettura privata;In marcia / fermata / arresto;Conducente;M;Illeso;0;;Non accertato;
6102513;5;27/08/2022 23:55:00;Strada Urbana;VIA TIBURTINA;in prossimit�;;del civico n.;994;;Tamponamento;Rettilineo;Due carreggiate;Asciutto;Asfaltata;Orizzontale;Sereno;Scarso;Sufficiente;;0;0;0;3;12.5765;41.9285;-1;2;Autovettura privata;In marcia / fermata / arresto;Passeggero;F;Illeso;0;;Non accertato;
6102531;17;31/08/2022 00:10:00;Strada Urbana;CIRCONVALLAZIONE CORNELIA;all'intersezione semaforizzata con;VIA FILIPPO MARIA RENAZZI;VIA FILIPPO MARIA RENAZZI;;;Investimento di pedone;Intersezione semaforizzata;Due carreggiate;Asciutto;Asfaltata;Verticale ed orizzontale;Sereno;Normale;Sufficiente;;1;0;0;1;12.4259;41.902;-1;;;;Pedone;M;Rimandato;0;NON DECEDUTO;;
6102531;17;31/08/2022 00:10:00;Strada Urbana;CIRCONVALLAZIONE CORNELIA;all'intersezione semaforizzata con;VIA FILIPPO MARIA RENAZZI;VIA FILIPPO MARIA RENAZZI;;;Investimento di pedone;Intersezione semaforizzata;Due carreggiate;Asciutto;Asfaltata;Verticale ed orizzontale;Sereno;Normale;Sufficiente;;1;0;0;1;12.4259;41.902;-1;1;Autovettura privata;In marcia / fermata / arresto;Conducente;M;Illeso;0;;;
6103770;1;30/08/2022 02:15:00;Strada Urbana;VIA DEL CASTRO PRETORIO;all'intersezione con;VIA PALESTRO;VIA PALESTRO;;;Veicolo in marcia contro veicoli in sosta;Incrocio;Una carreggiata a senso unico di marcia;Asciutto;Asfaltata;Verticale ed orizzontale;Sereno;Scarso;Sufficiente;;0;0;0;0;12.5057;41.9018;-1;1;Autovettura privata;Sosta;;;;;;;
6103770;1;30/08/2022 02:15:00;Strada Urbana;VIA DEL CASTRO PRETORIO;all'intersezione con;VIA PALESTRO;VIA PALESTRO;;;Veicolo in marcia contro veicoli in sosta;Incrocio;Una carreggiata a senso unico di marcia;Asciutto;Asfaltata;Verticale ed orizzontale;Sereno;Scarso;Sufficiente;;0;0;0;0;12.5057;41.9018;-1;2;Autovettura privata;Allontanatosi;;;;;;;
6103770;1;30/08/2022 02:15:00;Strada Urbana;VIA DEL CASTRO PRETORIO;all'intersezione con;VIA PALESTRO;VIA PALESTRO;;;Veicolo in marcia contro veicoli in sosta;Incrocio;Una carreggiata a senso unico di marcia;Asciutto;Asfaltata;Verticale ed orizzontale;Sereno;Scarso;Sufficiente;;0;0;0;0;12.5057;41.9018;-1;3;Autovettura privata;Sosta;;;;;;;
6121853;19;21/08/2022 06:45:00;;VIA DEI MONTI DI PRIMAVALLE;in prossimit�;;del civico n.;89;;Investimento di pedone;;;;;;;;;;0;0;0;0;;;0;;;;;;;;;;
6127240;1;03/08/2022 00:40:00;Strada Urbana;PIAZZA DELL'ESQUILINO;all'intersezione con;VIA TORINO;VIA TORINO;;;Scontro laterale fra veicoli in marcia;Incrocio;Una carreggiata a doppio senso;Asciutto;Asfaltata;Verticale ed orizzontale;Sereno;Scarso;Buona;;0;0;0;2;12.4972;41.8984;-1;1;Autovettura privata;In marcia / fermata / arresto;Conducente;M;Illeso;0;;Non accertato;
6127240;1;03/08/2022 00:40:00;Strada Urbana;PIAZZA DELL'ESQUILINO;all'intersezione con;VIA TORINO;VIA TORINO;;;Scontro laterale fra veicoli in marcia;Incrocio;Una carreggiata a doppio senso;Asciutto;Asfaltata;Verticale ed orizzontale;Sereno;Scarso;Buona;;0;0;0;2;12.4972;41.8984;-1;2;Autovettura privata;In marcia / fermata / arresto;Conducente;F;Illeso;0;;Non accertato;
6208447;6;30/08/2022 19:30:00;Strada Urbana;VIALE DELLA SERENISSIMA;da specificare;;;;altezza civ. 22 fermata ATAC 7254;Investimento di pedone;Rettilineo;Due carreggiate;Asciutto;Asfaltata;Verticale ed orizzontale;Sereno;Intenso;Sufficiente;;1;0;0;0;12.5582;41.8987;0;;;;Pedone;F;Rimandato;0;NON DECEDUTO;;
6208447;6;30/08/2022 19:30:00;Strada Urbana;VIALE DELLA SERENISSIMA;da specificare;;;;altezza civ. 22 fermata ATAC 7254;Investimento di pedone;Rettilineo;Due carreggiate;Asciutto;Asfaltata;Verticale ed orizzontale;Sereno;Intenso;Sufficiente;;1;0;0;0;12.5582;41.8987;0;1;Motociclo a solo;In marcia / fermata / arresto;;;;;;;